rule_type,relative_path,file_name,short_description
validate,com/pegarules/generated/validate/ra_validate_refactoroldclassname_d4967f0340bee42f25d8eb2d3a48f0c9.java,ra_validate_refactoroldclassname_d4967f0340bee42f25d8eb2d3a48f0c9.java,refactoroldclassname
validate,com/pegarules/generated/validate/ra_validate_pyisvalideffortcost_ab26d24fe4791e201a4fd03ea82531a7.java,ra_validate_pyisvalideffortcost_ab26d24fe4791e201a4fd03ea82531a7.java,pyisvalideffortcost
validate,com/pegarules/generated/validate/ra_validate_isfieldaproperty_4c5158f3afa491d36078916df650ec0b.java,ra_validate_isfieldaproperty_4c5158f3afa491d36078916df650ec0b.java,isfieldaproperty
validate,com/pegarules/generated/validate/ra_action_validatepropertyname_317ca70d0c16215ab651f2f9e8434820.java,ra_action_validatepropertyname_317ca70d0c16215ab651f2f9e8434820.java,validatepropertyname
validate,com/pegarules/generated/validate/ra_validate_validphonenumber_27e4a38739375d31c8967a12aa1ccdc0.java,ra_validate_validphonenumber_27e4a38739375d31c8967a12aa1ccdc0.java,validphonenumber
validate,com/pegarules/generated/validate/ra_validate_pzisfieldavalidproperty_69e0a534bf954f41e8b71689808add5a.java,ra_validate_pzisfieldavalidproperty_69e0a534bf954f41e8b71689808add5a.java,pzisfieldavalidproperty
validate,com/pegarules/generated/validate/ra_action_pzvalidaterundatatransform_8795ebfd2308c7b04672c0718810fe36.java,ra_action_pzvalidaterundatatransform_8795ebfd2308c7b04672c0718810fe36.java,pzvalidaterundatatransform
validate,com/pegarules/generated/validate/ra_validate_refactornewclassname_8f820ca69a7d5283253aded86656c7df.java,ra_validate_refactornewclassname_8f820ca69a7d5283253aded86656c7df.java,refactornewclassname
validate,com/pegarules/generated/validate/ra_validate_validatefiltervalue_418b98b3129cadb7a3409a9cf3f99683.java,ra_validate_validatefiltervalue_418b98b3129cadb7a3409a9cf3f99683.java,validatefiltervalue
validate,com/pegarules/generated/validate/ra_validate_rulesettosearchselected_264222a9b146dab90c198d1232316320.java,ra_validate_rulesettosearchselected_264222a9b146dab90c198d1232316320.java,rulesettosearchselected
validate,com/pegarules/generated/validate/ra_validate_pzisvaliduri_9a11fedc7b50c27ea7488ac68f29214b.java,ra_validate_pzisvaliduri_9a11fedc7b50c27ea7488ac68f29214b.java,pzisvaliduri
validate,com/pegarules/generated/validate/ra_validate_casematch_value0to100_f39a21e5912d439df0569771484796c7.java,ra_validate_casematch_value0to100_f39a21e5912d439df0569771484796c7.java,casematch value0to100
validate,com/pegarules/generated/validate/ra_validate_pzisfieldavalidvalue_b8e3152aa644933b6b6d181510906aef.java,ra_validate_pzisfieldavalidvalue_b8e3152aa644933b6b6d181510906aef.java,pzisfieldavalidvalue
html_section,com/pegarules/generated/html_section/ra_stream_pzviewinstancestoolbar_511cad506ada0f6d729ea9a9201f7b71.java,ra_stream_pzviewinstancestoolbar_511cad506ada0f6d729ea9a9201f7b71.java,pzviewinstancestoolbar
html_section,com/pegarules/generated/html_section/ra_stream_pzprocessmodelerscripts_658d6410513cee1b417467049f9884bd.java,ra_stream_pzprocessmodelerscripts_658d6410513cee1b417467049f9884bd.java,pzprocessmodelerscripts
html_section,com/pegarules/generated/html_section/ra_stream_pzruleformruleset_c003846c1cae27ca644699b1e851fe1b.java,ra_stream_pzruleformruleset_c003846c1cae27ca644699b1e851fe1b.java,pzruleformruleset
html_section,com/pegarules/generated/html_section/ra_stream_pzparentclass_ccdb41963e3e167265057ffd40cfce4e.java,ra_stream_pzparentclass_ccdb41963e3e167265057ffd40cfce4e.java,pzparentclass
html_section,com/pegarules/generated/html_section/ra_stream_pxcaseactionparams_699efad6b2193113c3dd280d7e3f3eee.java,ra_stream_pxcaseactionparams_699efad6b2193113c3dd280d7e3f3eee.java,pxcaseactionparams
html_section,com/pegarules/generated/html_section/ra_stream_pxcreatecasetopheaderwrapper_fdb0019e36b8e39bd244c670962b9565.java,ra_stream_pxcreatecasetopheaderwrapper_fdb0019e36b8e39bd244c670962b9565.java,pxcreatecasetopheaderwrapper
html_section,com/pegarules/generated/html_section/ra_stream_pypulsesearchwidget_08bea07a94bf96ad145da3df6ee40f48.java,ra_stream_pypulsesearchwidget_08bea07a94bf96ad145da3df6ee40f48.java,pypulsesearchwidget
html_section,com/pegarules/generated/html_section/ra_stream_pzruleset_category_cc1fca235a14180f16ac9fee5185bdfb.java,ra_stream_pzruleset_category_cc1fca235a14180f16ac9fee5185bdfb.java,pzruleset category
html_section,com/pegarules/generated/html_section/ra_stream_pzadvancedfieldinfo_d5e630fa0f3c449c1941bb6ad855b30d.java,ra_stream_pzadvancedfieldinfo_d5e630fa0f3c449c1941bb6ad855b30d.java,pzadvancedfieldinfo
html_section,com/pegarules/generated/html_section/ra_stream_pzapplicationwizard_c9d7d70b36b7ab56e4cc4784b2945b08.java,ra_stream_pzapplicationwizard_c9d7d70b36b7ab56e4cc4784b2945b08.java,pzapplicationwizard
html_section,com/pegarules/generated/html_section/ra_stream_pzcdstagecontentmeta_f1a5f6ddecca8ef5b4690ef89155ebb8.java,ra_stream_pzcdstagecontentmeta_f1a5f6ddecca8ef5b4690ef89155ebb8.java,pzcdstagecontentmeta
html_section,com/pegarules/generated/html_section/ra_stream_pycaserelatedcontent_6d6d6bceb2265426d23f6993a241c61b.java,ra_stream_pycaserelatedcontent_6d6d6bceb2265426d23f6993a241c61b.java,pycaserelatedcontent
html_section,com/pegarules/generated/html_section/ra_stream_pzcdstepcontent_0e0803732999f5edc3b76161d2ebe1d4.java,ra_stream_pzcdstepcontent_0e0803732999f5edc3b76161d2ebe1d4.java,pzcdstepcontent
html_section,com/pegarules/generated/html_section/ra_stream_actionsaveas_5e48ccda5e085bb33a9a3c996be593e9.java,ra_stream_actionsaveas_5e48ccda5e085bb33a9a3c996be593e9.java,actionsaveas
html_section,com/pegarules/generated/html_section/ra_stream_pyrecentfollowedbyuserdetails_6d32873ec7def1aef93295f5003bd542.java,ra_stream_pyrecentfollowedbyuserdetails_6d32873ec7def1aef93295f5003bd542.java,pyrecentfollowedbyuserdetails
html_section,com/pegarules/generated/html_section/ra_stream_pzconfiguremaxlength_786275d4b817c34bf9fc225a5ca8cede.java,ra_stream_pzconfiguremaxlength_786275d4b817c34bf9fc225a5ca8cede.java,pzconfiguremaxlength
html_section,com/pegarules/generated/html_section/ra_stream_keys_1de1b3d25b73674b66af90ff4e560c20.java,ra_stream_keys_1de1b3d25b73674b66af90ff4e560c20.java,keys
html_section,com/pegarules/generated/html_section/ra_stream_ruleformlayout_d0da1424646b9c5fc4d7075f84ef1b62.java,ra_stream_ruleformlayout_d0da1424646b9c5fc4d7075f84ef1b62.java,ruleformlayout
html_section,com/pegarules/generated/html_section/ra_stream_caseheader_86796d9f8f88b9d324cacb56c366e3b1.java,ra_stream_caseheader_86796d9f8f88b9d324cacb56c366e3b1.java,caseheader
html_section,com/pegarules/generated/html_section/ra_stream_pzaddfield_84abdb549223aabfd98c2b82284a5f8b.java,ra_stream_pzaddfield_84abdb549223aabfd98c2b82284a5f8b.java,pzaddfield
html_section,com/pegarules/generated/html_section/ra_stream_pzautomaticallygeneratedkey_20328aed1198952086a579cd02b1fb08.java,ra_stream_pzautomaticallygeneratedkey_20328aed1198952086a579cd02b1fb08.java,pzautomaticallygeneratedkey
html_section,com/pegarules/generated/html_section/ra_stream_pzappexplorernode_b8ffbe5242a3f64256decd40645338ca.java,ra_stream_pzappexplorernode_b8ffbe5242a3f64256decd40645338ca.java,pzappexplorernode
html_section,com/pegarules/generated/html_section/ra_stream_pzgridfilterrangefields_c1123659a2119c787fe8a194cea230c4.java,ra_stream_pzgridfilterrangefields_c1123659a2119c787fe8a194cea230c4.java,pzgridfilterrangefields
html_section,com/pegarules/generated/html_section/ra_stream_pzgridfiltercriteria_99f4530dc70c03685d78ee6ca2d48d54.java,ra_stream_pzgridfiltercriteria_99f4530dc70c03685d78ee6ca2d48d54.java,pzgridfiltercriteria
html_section,com/pegarules/generated/html_section/ra_stream_pzcdstagecontentwrapper_3b4de5453764597b7c2d402b8b034c9a.java,ra_stream_pzcdstagecontentwrapper_3b4de5453764597b7c2d402b8b034c9a.java,pzcdstagecontentwrapper
html_section,com/pegarules/generated/html_section/ra_stream_pzpersonaname_3fb73cb1ea5da33dbebe49e62d976284.java,ra_stream_pzpersonaname_3fb73cb1ea5da33dbebe49e62d976284.java,pzpersonaname
html_section,com/pegarules/generated/html_section/ra_stream_pyportalheader_dc9f3751e83e3000a81f7254bf074c90.java,ra_stream_pyportalheader_dc9f3751e83e3000a81f7254bf074c90.java,pyportalheader
html_section,com/pegarules/generated/html_section/ra_stream_pypreviewpanel_84de8096c83a313e2cb6f855f479e864.java,ra_stream_pypreviewpanel_84de8096c83a313e2cb6f855f479e864.java,pypreviewpanel
html_section,com/pegarules/generated/html_section/ra_stream_welcomebanner_6b4497aa2e0752ce20d244b639765614.java,ra_stream_welcomebanner_6b4497aa2e0752ce20d244b639765614.java,welcomebanner
html_section,com/pegarules/generated/html_section/ra_stream_rf_class_ruleformlayout_0be58759e760d4d3da069991084c6745.java,ra_stream_rf_class_ruleformlayout_0be58759e760d4d3da069991084c6745.java,rf class ruleformlayout
html_section,com/pegarules/generated/html_section/ra_stream_pxharnesstemplateeditor_edcfe6a2aab07325ddef00622a851355.java,ra_stream_pxharnesstemplateeditor_edcfe6a2aab07325ddef00622a851355.java,pxharnesstemplateeditor
html_section,com/pegarules/generated/html_section/ra_stream_pzexplorercasetypes_6165b2e1d8507b48bd2074c33faef11d.java,ra_stream_pzexplorercasetypes_6165b2e1d8507b48bd2074c33faef11d.java,pzexplorercasetypes
html_section,com/pegarules/generated/html_section/ra_stream_pzactorlist_6da0e62c62e00af85af2fdb213959d7b.java,ra_stream_pzactorlist_6da0e62c62e00af85af2fdb213959d7b.java,pzactorlist
html_section,com/pegarules/generated/html_section/ra_stream_pysearchbox_f1186097ca97f5b6a6e917c5389916c3.java,ra_stream_pysearchbox_f1186097ca97f5b6a6e917c5389916c3.java,pysearchbox
html_section,com/pegarules/generated/html_section/ra_stream_pyabouthelpaddinfo_fe17e6aa894342f72f858ccf7000a26e.java,ra_stream_pyabouthelpaddinfo_fe17e6aa894342f72f858ccf7000a26e.java,pyabouthelpaddinfo
html_section,com/pegarules/generated/html_section/ra_stream_pygfwtoolbareditactions_d249b6ba1f445a5a4eb8700a778c2fe2.java,ra_stream_pygfwtoolbareditactions_d249b6ba1f445a5a4eb8700a778c2fe2.java,pygfwtoolbareditactions
html_section,com/pegarules/generated/html_section/ra_stream_pzdeleteicon_8f6e03d65d2ac4ecba73722ec1763f7e.java,ra_stream_pzdeleteicon_8f6e03d65d2ac4ecba73722ec1763f7e.java,pzdeleteicon
html_section,com/pegarules/generated/html_section/ra_stream_pzapplication_347d3f760ea7985882df35c0e6b17d20.java,ra_stream_pzapplication_347d3f760ea7985882df35c0e6b17d20.java,pzapplication
html_section,com/pegarules/generated/html_section/ra_stream_pydialogcontainerheader_11eeee84f4dd9ee26846b3c046bbac9f.java,ra_stream_pydialogcontainerheader_11eeee84f4dd9ee26846b3c046bbac9f.java,pydialogcontainerheader
html_section,com/pegarules/generated/html_section/ra_stream_pzhelptext_2d6927752555d181db0ff1e9f71e4509.java,ra_stream_pzhelptext_2d6927752555d181db0ff1e9f71e4509.java,pzhelptext
html_section,com/pegarules/generated/html_section/ra_stream_pzeditdefinition_57158b6af00b15aca824cd8e4c232b42.java,ra_stream_pzeditdefinition_57158b6af00b15aca824cd8e4c232b42.java,pzeditdefinition
html_section,com/pegarules/generated/html_section/ra_stream_pytabletoolbar_6e63a71f46652f3ecddf22f90a053a8e.java,ra_stream_pytabletoolbar_6e63a71f46652f3ecddf22f90a053a8e.java,pytabletoolbar
html_section,com/pegarules/generated/html_section/ra_stream_dynamicuinoncalcoffline_d9210e9e3ed2abf2445d885722c8a827.java,ra_stream_dynamicuinoncalcoffline_d9210e9e3ed2abf2445d885722c8a827.java,dynamicuinoncalcoffline
html_section,com/pegarules/generated/html_section/ra_stream_pzgridfilterrangesearch_1a6620fb8805089bf3b4d03af0bfdc67.java,ra_stream_pzgridfilterrangesearch_1a6620fb8805089bf3b4d03af0bfdc67.java,pzgridfilterrangesearch
html_section,com/pegarules/generated/html_section/ra_stream_pztoolbarpreview_03784d0d4b0b1dae646c0756d59e2775.java,ra_stream_pztoolbarpreview_03784d0d4b0b1dae646c0756d59e2775.java,pztoolbarpreview
html_section,com/pegarules/generated/html_section/ra_stream_pzdisplayprocessmodelerinner_244f50a34cc293112b57053a9ceb9465.java,ra_stream_pzdisplayprocessmodelerinner_244f50a34cc293112b57053a9ceb9465.java,pzdisplayprocessmodelerinner
html_section,com/pegarules/generated/html_section/ra_stream_ruleformheader_8b91500bbb5b3cbe68242bb410913092.java,ra_stream_ruleformheader_8b91500bbb5b3cbe68242bb410913092.java,ruleformheader
html_section,com/pegarules/generated/html_section/ra_stream_pzscheduling_22dd215e817de4ee3dc8f46bc3d0a6ef.java,ra_stream_pzscheduling_22dd215e817de4ee3dc8f46bc3d0a6ef.java,pzscheduling
html_section,com/pegarules/generated/html_section/ra_stream_pzadminstudioheader_6036cfa26630a6a818b451ec407572c2.java,ra_stream_pzadminstudioheader_6036cfa26630a6a818b451ec407572c2.java,pzadminstudioheader
html_section,com/pegarules/generated/html_section/ra_stream_pzdefinitionactionselect_179d5cb23ad80a8ef82e3e4e31a2b884.java,ra_stream_pzdefinitionactionselect_179d5cb23ad80a8ef82e3e4e31a2b884.java,pzdefinitionactionselect
html_section,com/pegarules/generated/html_section/ra_stream_pzruleformtoolbarcompare_27b35bbee386efba2d490ab4c734c134.java,ra_stream_pzruleformtoolbarcompare_27b35bbee386efba2d490ab4c734c134.java,pzruleformtoolbarcompare
html_section,com/pegarules/generated/html_section/ra_stream_pygfwtoolbarproperties_c6c38fbf409cc9662fd88ee6b897837e.java,ra_stream_pygfwtoolbarproperties_c6c38fbf409cc9662fd88ee6b897837e.java,pygfwtoolbarproperties
html_section,com/pegarules/generated/html_section/ra_stream_pxhomeheaderwrapper_b7abf37738f4dae49f898a9b2bf93219.java,ra_stream_pxhomeheaderwrapper_b7abf37738f4dae49f898a9b2bf93219.java,pxhomeheaderwrapper
html_section,com/pegarules/generated/html_section/ra_stream_pzruleset_versioneditpwdinclude_0f3c3b4ffb51e782e71b8f9dca7074b3.java,ra_stream_pzruleset_versioneditpwdinclude_0f3c3b4ffb51e782e71b8f9dca7074b3.java,pzruleset versioneditpwdinclude
html_section,com/pegarules/generated/html_section/ra_stream_pycategoryitemlistentryicon_592d58c9a27cbd8cf2fe204d820fc51e.java,ra_stream_pycategoryitemlistentryicon_592d58c9a27cbd8cf2fe204d820fc51e.java,pycategoryitemlistentryicon
html_section,com/pegarules/generated/html_section/ra_stream_pycontextualgadgetextension_5ae313aed4adb8ec511d37c0840f8266.java,ra_stream_pycontextualgadgetextension_5ae313aed4adb8ec511d37c0840f8266.java,pycontextualgadgetextension
html_section,com/pegarules/generated/html_section/ra_stream_pzconfigurefieldsinnerwrapper_46d779c7d613bd3aa9f18cd5a5edd1ce.java,ra_stream_pzconfigurefieldsinnerwrapper_46d779c7d613bd3aa9f18cd5a5edd1ce.java,pzconfigurefieldsinnerwrapper
html_section,com/pegarules/generated/html_section/ra_stream_userheaderinc_79b7098181b267dc6f772f10990c866c.java,ra_stream_userheaderinc_79b7098181b267dc6f772f10990c866c.java,userheaderinc
html_section,com/pegarules/generated/html_section/ra_stream_findwork_edcfbf962d18db8405d80332006c5189.java,ra_stream_findwork_edcfbf962d18db8405d80332006c5189.java,findwork
html_section,com/pegarules/generated/html_section/ra_stream_pxcaseicon_760a4db7318e03c7d3d86699cb4c4a57.java,ra_stream_pxcaseicon_760a4db7318e03c7d3d86699cb4c4a57.java,pxcaseicon
html_section,com/pegarules/generated/html_section/ra_stream_pzcasedesignerheader_9c543c36e48bca3c45756fac5c7458af.java,ra_stream_pzcasedesignerheader_9c543c36e48bca3c45756fac5c7458af.java,pzcasedesignerheader
html_section,com/pegarules/generated/html_section/ra_stream_pzdependentroles_d195adc72b995bf3001f8c3a71e4db09.java,ra_stream_pzdependentroles_d195adc72b995bf3001f8c3a71e4db09.java,pzdependentroles
html_section,com/pegarules/generated/html_section/ra_stream_scheduledabsencesection_b6c8e15291253f200a9413abc42eb7d3.java,ra_stream_scheduledabsencesection_b6c8e15291253f200a9413abc42eb7d3.java,scheduledabsencesection
html_section,com/pegarules/generated/html_section/ra_stream_pycategoryitemlistentry_63df35ba3adee653b525ef8bf8a670f9.java,ra_stream_pycategoryitemlistentry_63df35ba3adee653b525ef8bf8a670f9.java,pycategoryitemlistentry
html_section,com/pegarules/generated/html_section/ra_stream_pzincludes_e0cb6541ccb816f29f0a32fc175dac8a.java,ra_stream_pzincludes_e0cb6541ccb816f29f0a32fc175dac8a.java,pzincludes
html_section,com/pegarules/generated/html_section/ra_stream_pyexpresslpcontenttemplate_c858d4702c58858c402f0db9feaaf76e.java,ra_stream_pyexpresslpcontenttemplate_c858d4702c58858c402f0db9feaaf76e.java,pyexpresslpcontenttemplate
html_section,com/pegarules/generated/html_section/ra_stream_pzfieldsentryscreen_b6a01e2948fddf948e1c847b0cf6342e.java,ra_stream_pzfieldsentryscreen_b6a01e2948fddf948e1c847b0cf6342e.java,pzfieldsentryscreen
html_section,com/pegarules/generated/html_section/ra_stream_pzadminstudiopanelinc_0483e735a1138bc4fbf06259acf61c5f.java,ra_stream_pzadminstudiopanelinc_0483e735a1138bc4fbf06259acf61c5f.java,pzadminstudiopanelinc
html_section,com/pegarules/generated/html_section/ra_stream_pystageprocesseslist_2af8e2c0e8f7e73e238828c878c8527e.java,ra_stream_pystageprocesseslist_2af8e2c0e8f7e73e238828c878c8527e.java,pystageprocesseslist
html_section,com/pegarules/generated/html_section/ra_stream_ruleformlayout_3a19a951ca6dd08edd0333a92a03df4b.java,ra_stream_ruleformlayout_3a19a951ca6dd08edd0333a92a03df4b.java,ruleformlayout
html_section,com/pegarules/generated/html_section/ra_stream_pzdisplayprocessgeneralconfiguration_2d2e3de218b71588dcca4c90e9e33c1f.java,ra_stream_pzdisplayprocessgeneralconfiguration_2d2e3de218b71588dcca4c90e9e33c1f.java,pzdisplayprocessgeneralconfiguration
html_section,com/pegarules/generated/html_section/ra_stream_pzgeneralfields_00d1ed992f50351a9cc7b0ab59990ad0.java,ra_stream_pzgeneralfields_00d1ed992f50351a9cc7b0ab59990ad0.java,pzgeneralfields
html_section,com/pegarules/generated/html_section/ra_stream_pydisplaynotificationgadgetdetails_6624a9fe8aaaa00e691bee77133fd767.java,ra_stream_pydisplaynotificationgadgetdetails_6624a9fe8aaaa00e691bee77133fd767.java,pydisplaynotificationgadgetdetails
html_section,com/pegarules/generated/html_section/ra_stream_pzapplicationurlpath_ca0db7d04b5a251135fea3d97bfa10fa.java,ra_stream_pzapplicationurlpath_ca0db7d04b5a251135fea3d97bfa10fa.java,pzapplicationurlpath
html_section,com/pegarules/generated/html_section/ra_stream_pycanvasheader_b0c0540b61a99a04f623b80a33859df0.java,ra_stream_pycanvasheader_b0c0540b61a99a04f623b80a33859df0.java,pycanvasheader
html_section,com/pegarules/generated/html_section/ra_stream_pzrfselectalltestcases_1e2f3787b2ac66f4a3d041496317c087.java,ra_stream_pzrfselectalltestcases_1e2f3787b2ac66f4a3d041496317c087.java,pzrfselectalltestcases
html_section,com/pegarules/generated/html_section/ra_stream_pzguides_1c397577b0dfdb5922d705acb1c35255.java,ra_stream_pzguides_1c397577b0dfdb5922d705acb1c35255.java,pzguides
html_section,com/pegarules/generated/html_section/ra_stream_pygridnoresultsmessagewithicon_7f485e537961a33ead9d65abb00cf1ed.java,ra_stream_pygridnoresultsmessagewithicon_7f485e537961a33ead9d65abb00cf1ed.java,pygridnoresultsmessagewithicon
html_section,com/pegarules/generated/html_section/ra_stream_pycaseactionareaheader_b5aae65c42af632303dcd2102bcd9acf.java,ra_stream_pycaseactionareaheader_b5aae65c42af632303dcd2102bcd9acf.java,pycaseactionareaheader
html_section,com/pegarules/generated/html_section/ra_stream_pzcasetreelabel_e6ab1275c3ef76db6bc5f1104bf3f760.java,ra_stream_pzcasetreelabel_e6ab1275c3ef76db6bc5f1104bf3f760.java,pzcasetreelabel
html_section,com/pegarules/generated/html_section/ra_stream_pydeployment_35875685291b5db2e7c4d4e32876c4c7.java,ra_stream_pydeployment_35875685291b5db2e7c4d4e32876c4c7.java,pydeployment
html_section,com/pegarules/generated/html_section/ra_stream_pyactivitypage_6dc4254509b50bdb2aa9d57808d815dd.java,ra_stream_pyactivitypage_6dc4254509b50bdb2aa9d57808d815dd.java,pyactivitypage
html_section,com/pegarules/generated/html_section/ra_stream_homeworklistnoresults_d25414a3efbf478578612c9b8b3cf5a2.java,ra_stream_homeworklistnoresults_d25414a3efbf478578612c9b8b3cf5a2.java,homeworklistnoresults
html_section,com/pegarules/generated/html_section/ra_stream_pzfieldsettingsforcustomfields_7daab1bfdc7998a7660ce44680543d9a.java,ra_stream_pzfieldsettingsforcustomfields_7daab1bfdc7998a7660ce44680543d9a.java,pzfieldsettingsforcustomfields
html_section,com/pegarules/generated/html_section/ra_stream_pymodalflowtemplate_b651b8c9a4426effa7d9b4221c57cd22.java,ra_stream_pymodalflowtemplate_b651b8c9a4426effa7d9b4221c57cd22.java,pymodalflowtemplate
html_section,com/pegarules/generated/html_section/ra_stream_pyoverlaytemplate_25177abfd8bc188e237d38c4cda83d8c.java,ra_stream_pyoverlaytemplate_25177abfd8bc188e237d38c4cda83d8c.java,pyoverlaytemplate
html_section,com/pegarules/generated/html_section/ra_stream_pzskills_a9dad64b1f92a28a3e26cfe756475141.java,ra_stream_pzskills_a9dad64b1f92a28a3e26cfe756475141.java,pzskills
html_section,com/pegarules/generated/html_section/ra_stream_pzdisableviewwhenlabelblank_365b601e5983042319b8488e8ece372b.java,ra_stream_pzdisableviewwhenlabelblank_365b601e5983042319b8488e8ece372b.java,pzdisableviewwhenlabelblank
html_section,com/pegarules/generated/html_section/ra_stream_pzrundatatransform_0ff9ac5692880839c925a892430c45ea.java,ra_stream_pzrundatatransform_0ff9ac5692880839c925a892430c45ea.java,pzrundatatransform
html_section,com/pegarules/generated/html_section/ra_stream_worksearchgadget_e2933e19b52b2c7810d86629e45fa3b2.java,ra_stream_worksearchgadget_e2933e19b52b2c7810d86629e45fa3b2.java,worksearchgadget
html_section,com/pegarules/generated/html_section/ra_stream_pzduplicatepropertymsg_3130e83aea7b68a895824704a9a8ef7a.java,ra_stream_pzduplicatepropertymsg_3130e83aea7b68a895824704a9a8ef7a.java,pzduplicatepropertymsg
html_section,com/pegarules/generated/html_section/ra_stream_pxdisplaystagesreport_6583a0de1b2e323da6c4bfbcf4e4f1f6.java,ra_stream_pxdisplaystagesreport_6583a0de1b2e323da6c4bfbcf4e4f1f6.java,pxdisplaystagesreport
html_section,com/pegarules/generated/html_section/ra_stream_pzbranches_e4507f0ef5682f00f0695220be10732d.java,ra_stream_pzbranches_e4507f0ef5682f00f0695220be10732d.java,pzbranches
html_section,com/pegarules/generated/html_section/ra_stream_pxstagenameaschevron_3e1306f8ac5572cd93a8abaee762b37f.java,ra_stream_pxstagenameaschevron_3e1306f8ac5572cd93a8abaee762b37f.java,pxstagenameaschevron
html_section,com/pegarules/generated/html_section/ra_stream_pzassignpagemeta_833ef92ee7dc04d6ee154202b8b35c38.java,ra_stream_pzassignpagemeta_833ef92ee7dc04d6ee154202b8b35c38.java,pzassignpagemeta
html_section,com/pegarules/generated/html_section/ra_stream_pxruleformsystemvariables_fd5e8c40a264e94e0795e99ef537ecaf.java,ra_stream_pxruleformsystemvariables_fd5e8c40a264e94e0795e99ef537ecaf.java,pxruleformsystemvariables
html_section,com/pegarules/generated/html_section/ra_stream_pzspecificationquickview_4a02c45121a18d691b7d130252eb9fd8.java,ra_stream_pzspecificationquickview_4a02c45121a18d691b7d130252eb9fd8.java,pzspecificationquickview
html_section,com/pegarules/generated/html_section/ra_stream_pygfwtoolbardraftmode_5230fb1a339934f0aa5182a604317b12.java,ra_stream_pygfwtoolbardraftmode_5230fb1a339934f0aa5182a604317b12.java,pygfwtoolbardraftmode
html_section,com/pegarules/generated/html_section/ra_stream_pzuserinterface_dfebdebd98d77d408c5abc31f8002384.java,ra_stream_pzuserinterface_dfebdebd98d77d408c5abc31f8002384.java,pzuserinterface
html_section,com/pegarules/generated/html_section/ra_stream_pyworklistwidgetheader_ba2dbd6c3479cf6f57317c260b5bf018.java,ra_stream_pyworklistwidgetheader_ba2dbd6c3479cf6f57317c260b5bf018.java,pyworklistwidgetheader
html_section,com/pegarules/generated/html_section/ra_stream_pycanvasheaderpmview_016c90f403ea7e2a905a51f1c9ca0239.java,ra_stream_pycanvasheaderpmview_016c90f403ea7e2a905a51f1c9ca0239.java,pycanvasheaderpmview
html_section,com/pegarules/generated/html_section/ra_stream_pzpromptsection_381ecbba0fc746493e7e168f5723f1b7.java,ra_stream_pzpromptsection_381ecbba0fc746493e7e168f5723f1b7.java,pzpromptsection
html_section,com/pegarules/generated/html_section/ra_stream_pzeditviewscripts_bb267291d827deb6ec2aa862ee3d5fa9.java,ra_stream_pzeditviewscripts_bb267291d827deb6ec2aa862ee3d5fa9.java,pzeditviewscripts
html_section,com/pegarules/generated/html_section/ra_stream_pzpagesandclassesnomode_db92549312cfa4acfbe5518ab06059ef.java,ra_stream_pzpagesandclassesnomode_db92549312cfa4acfbe5518ab06059ef.java,pzpagesandclassesnomode
html_section,com/pegarules/generated/html_section/ra_stream_pyuniquevaluesgrid_dc4c92f7f12e09d7ad8d973479a9ef3f.java,ra_stream_pyuniquevaluesgrid_dc4c92f7f12e09d7ad8d973479a9ef3f.java,pyuniquevaluesgrid
html_section,com/pegarules/generated/html_section/ra_stream_ruleformlayout_a6c15189ff678e0e5d7ee108a9ef4776.java,ra_stream_ruleformlayout_a6c15189ff678e0e5d7ee108a9ef4776.java,ruleformlayout
html_section,com/pegarules/generated/html_section/ra_stream_pzadminstudiomain_4a8ec050eb6429624d8fb6177d7fadde.java,ra_stream_pzadminstudiomain_4a8ec050eb6429624d8fb6177d7fadde.java,pzadminstudiomain
html_section,com/pegarules/generated/html_section/ra_stream_pzspecificationquickviewredirect_74ed5baa71b1b3976aabddde477e0ff0.java,ra_stream_pzspecificationquickviewredirect_74ed5baa71b1b3976aabddde477e0ff0.java,pzspecificationquickviewredirect
html_section,com/pegarules/generated/html_section/ra_stream_caseassociations_0a4247175f462d79a6f45a5cd7851f15.java,ra_stream_caseassociations_0a4247175f462d79a6f45a5cd7851f15.java,caseassociations
html_section,com/pegarules/generated/html_section/ra_stream_pyradialogwarning_950bd362c0b7f87d4086c1e48346c84c.java,ra_stream_pyradialogwarning_950bd362c0b7f87d4086c1e48346c84c.java,pyradialogwarning
html_section,com/pegarules/generated/html_section/ra_stream_pyoperatoravailable_290b7c358126a2a9767b37f67fc2e5c9.java,ra_stream_pyoperatoravailable_290b7c358126a2a9767b37f67fc2e5c9.java,pyoperatoravailable
html_section,com/pegarules/generated/html_section/ra_stream_pzharnesstemplateeditor_46536e2eca7ceb0f97f6d3e4820be322.java,ra_stream_pzharnesstemplateeditor_46536e2eca7ceb0f97f6d3e4820be322.java,pzharnesstemplateeditor
html_section,com/pegarules/generated/html_section/ra_stream_pxcasetopheaderwrapper_98575af74f315e8a1618a444a1772086.java,ra_stream_pxcasetopheaderwrapper_98575af74f315e8a1618a444a1772086.java,pxcasetopheaderwrapper
html_section,com/pegarules/generated/html_section/ra_stream_pzpageprompt_921a2be838cc1abfc1cd1693ac8a9a0b.java,ra_stream_pzpageprompt_921a2be838cc1abfc1cd1693ac8a9a0b.java,pzpageprompt
html_section,com/pegarules/generated/html_section/ra_stream_pzruleformruleset_9d98d7143a26e893f154c918882bd5af.java,ra_stream_pzruleformruleset_9d98d7143a26e893f154c918882bd5af.java,pzruleformruleset
html_section,com/pegarules/generated/html_section/ra_stream_pzappexplorernode_4cdb7cbefd7a677ccb8a4ba28699b058.java,ra_stream_pzappexplorernode_4cdb7cbefd7a677ccb8a4ba28699b058.java,pzappexplorernode
html_section,com/pegarules/generated/html_section/ra_stream_pzlporganizationandsecurityorganization_967588dcdf13eef23ba28396bbaaf9e9.java,ra_stream_pzlporganizationandsecurityorganization_967588dcdf13eef23ba28396bbaaf9e9.java,pzlporganizationandsecurityorganization
html_section,com/pegarules/generated/html_section/ra_stream_pycategoryentryicon_77a80563c9d9a9562e5473154f1fa78d.java,ra_stream_pycategoryentryicon_77a80563c9d9a9562e5473154f1fa78d.java,pycategoryentryicon
html_section,com/pegarules/generated/html_section/ra_stream_pydashboardwidget_f59a1f3ba235211f75bf4206d8b09f4b.java,ra_stream_pydashboardwidget_f59a1f3ba235211f75bf4206d8b09f4b.java,pydashboardwidget
html_section,com/pegarules/generated/html_section/ra_stream_userheader_e72f6fe02c0488331ba325967a038840.java,ra_stream_userheader_e72f6fe02c0488331ba325967a038840.java,userheader
html_section,com/pegarules/generated/html_section/ra_stream_autoclose_04d92272415a438676013f165a74fa4d.java,ra_stream_autoclose_04d92272415a438676013f165a74fa4d.java,autoclose
html_section,com/pegarules/generated/html_section/ra_stream_pxlpheader_17cd440d9a34d3b9f2a1cfe833638db2.java,ra_stream_pxlpheader_17cd440d9a34d3b9f2a1cfe833638db2.java,pxlpheader
html_section,com/pegarules/generated/html_section/ra_stream_pzgeneralsetting_a0665bc57c9e50153552c0ab087df5b2.java,ra_stream_pzgeneralsetting_a0665bc57c9e50153552c0ab087df5b2.java,pzgeneralsetting
html_section,com/pegarules/generated/html_section/ra_stream_pzpropertypanel_3e0792080c9ed93245851cb3f6412e5b.java,ra_stream_pzpropertypanel_3e0792080c9ed93245851cb3f6412e5b.java,pzpropertypanel
html_section,com/pegarules/generated/html_section/ra_stream_pydashboardwidget_a4934f117b99caead0b8a94c78b249ae.java,ra_stream_pydashboardwidget_a4934f117b99caead0b8a94c78b249ae.java,pydashboardwidget
html_section,com/pegarules/generated/html_section/ra_stream_pxcasemain_aeae975c3d8cc622dbec10a949de787d.java,ra_stream_pxcasemain_aeae975c3d8cc622dbec10a949de787d.java,pxcasemain
html_section,com/pegarules/generated/html_section/ra_stream_pzdisplayprocessmodelerwrapper_b5bf5ea9b19be3b498600f9b3e667299.java,ra_stream_pzdisplayprocessmodelerwrapper_b5bf5ea9b19be3b498600f9b3e667299.java,pzdisplayprocessmodelerwrapper
html_section,com/pegarules/generated/html_section/ra_stream_pzparametersadvconf_eb604ce727fcff214db43df82984b06c.java,ra_stream_pzparametersadvconf_eb604ce727fcff214db43df82984b06c.java,pzparametersadvconf
html_section,com/pegarules/generated/html_section/ra_stream_pzconfigurenotallowed_00a2cffb682116b9d5fad152a19d4de1.java,ra_stream_pzconfigurenotallowed_00a2cffb682116b9d5fad152a19d4de1.java,pzconfigurenotallowed
html_section,com/pegarules/generated/html_section/ra_stream_rmheader_abf681a8929e9dbd2d142b3e8ba19b24.java,ra_stream_rmheader_abf681a8929e9dbd2d142b3e8ba19b24.java,rmheader
html_section,com/pegarules/generated/html_section/ra_stream_pzspecdescriptionattachment_b9bddc7e500e4504edfebcdf810258ee.java,ra_stream_pzspecdescriptionattachment_b9bddc7e500e4504edfebcdf810258ee.java,pzspecdescriptionattachment
html_section,com/pegarules/generated/html_section/ra_stream_pyadminstudiodashboardmain_a63c0973a3d5dc23dc5ba0fba594b571.java,ra_stream_pyadminstudiodashboardmain_a63c0973a3d5dc23dc5ba0fba594b571.java,pyadminstudiodashboardmain
html_section,com/pegarules/generated/html_section/ra_stream_pzviewinstances_bf61cd51534ed1abd9b75cdda50692ed.java,ra_stream_pzviewinstances_bf61cd51534ed1abd9b75cdda50692ed.java,pzviewinstances
html_section,com/pegarules/generated/html_section/ra_stream_general_de7ace56e14343d226f9984d12a1eea6.java,ra_stream_general_de7ace56e14343d226f9984d12a1eea6.java,general
html_section,com/pegarules/generated/html_section/ra_stream_pyuserworklist_ca91789a04cbf76196c9b2910975d5ee.java,ra_stream_pyuserworklist_ca91789a04cbf76196c9b2910975d5ee.java,pyuserworklist
html_section,com/pegarules/generated/html_section/ra_stream_pzworkbaskets_cab96bfedc4108dea902da98743627b7.java,ra_stream_pzworkbaskets_cab96bfedc4108dea902da98743627b7.java,pzworkbaskets
html_section,com/pegarules/generated/html_section/ra_stream_pzruleformparametersscript_de251eb59dc1a02b1bfbad4db19b1eed.java,ra_stream_pzruleformparametersscript_de251eb59dc1a02b1bfbad4db19b1eed.java,pzruleformparametersscript
html_section,com/pegarules/generated/html_section/ra_stream_pzdefinitionactionnumber_21b65a3452cefea08dd8e2c44cdbe660.java,ra_stream_pzdefinitionactionnumber_21b65a3452cefea08dd8e2c44cdbe660.java,pzdefinitionactionnumber
html_section,com/pegarules/generated/html_section/ra_stream_rmheaderaction_82d4abf3171bae40a8e6349725d20d89.java,ra_stream_rmheaderaction_82d4abf3171bae40a8e6349725d20d89.java,rmheaderaction
html_section,com/pegarules/generated/html_section/ra_stream_pxassignmentview_4a9472358635cdfbd1af30d1ba1099dd.java,ra_stream_pxassignmentview_4a9472358635cdfbd1af30d1ba1099dd.java,pxassignmentview
html_section,com/pegarules/generated/html_section/ra_stream_pyoverlaytemplate_f25440c57f7da7aa292d3f832ae78219.java,ra_stream_pyoverlaytemplate_f25440c57f7da7aa292d3f832ae78219.java,pyoverlaytemplate
html_section,com/pegarules/generated/html_section/ra_stream_pzparams_f1ce6bbee38c3f90edd7ceb0f96033c5.java,ra_stream_pzparams_f1ce6bbee38c3f90edd7ceb0f96033c5.java,pzparams
html_section,com/pegarules/generated/html_section/ra_stream_pydashboardwidget_fed094804530f823f7f3d6cf2e8f1997.java,ra_stream_pydashboardwidget_fed094804530f823f7f3d6cf2e8f1997.java,pydashboardwidget
html_section,com/pegarules/generated/html_section/ra_stream_pzoldautopopulate_59d396936cf3b0cca58278a9ef409b3b.java,ra_stream_pzoldautopopulate_59d396936cf3b0cca58278a9ef409b3b.java,pzoldautopopulate
html_section,com/pegarules/generated/html_section/ra_stream_pxaddusertoapplicationrow_1899d913072bd0013f5cdb4d9169862a.java,ra_stream_pxaddusertoapplicationrow_1899d913072bd0013f5cdb4d9169862a.java,pxaddusertoapplicationrow
html_section,com/pegarules/generated/html_section/ra_stream_general_d38e70a3cbe59d01b9b66e694d0c2958.java,ra_stream_general_d38e70a3cbe59d01b9b66e694d0c2958.java,general
html_section,com/pegarules/generated/html_section/ra_stream_pzruleset_showrulesetlockversion_bd28ea8609282508c39a873f590360a8.java,ra_stream_pzruleset_showrulesetlockversion_bd28ea8609282508c39a873f590360a8.java,pzruleset showrulesetlockversion
html_section,com/pegarules/generated/html_section/ra_stream_editaction_2d3b572bc13e860e04032cd97fdaff94.java,ra_stream_editaction_2d3b572bc13e860e04032cd97fdaff94.java,editaction
html_section,com/pegarules/generated/html_section/ra_stream_pzbuildapplicationerror_9ea0d3a6eefaaa5d72d75d492bff1ec3.java,ra_stream_pzbuildapplicationerror_9ea0d3a6eefaaa5d72d75d492bff1ec3.java,pzbuildapplicationerror
html_section,com/pegarules/generated/html_section/ra_stream_pxselectvaluesfordatatransform_2215b23bb41be45468c3586d9d6ab8f9.java,ra_stream_pxselectvaluesfordatatransform_2215b23bb41be45468c3586d9d6ab8f9.java,pxselectvaluesfordatatransform
html_section,com/pegarules/generated/html_section/ra_stream_pyappdetails_b4fe7e78ddf6013fe2656e93d4ae4050.java,ra_stream_pyappdetails_b4fe7e78ddf6013fe2656e93d4ae4050.java,pyappdetails
html_section,com/pegarules/generated/html_section/ra_stream_pzorgdivunit_959769a0e2f8e2e16803cbf63e25416b.java,ra_stream_pzorgdivunit_959769a0e2f8e2e16803cbf63e25416b.java,pzorgdivunit
html_section,com/pegarules/generated/html_section/ra_stream_pzdefinitionrelation_663d412cc8560d9ccb319d631562b492.java,ra_stream_pzdefinitionrelation_663d412cc8560d9ccb319d631562b492.java,pzdefinitionrelation
html_section,com/pegarules/generated/html_section/ra_stream_ruleformlayout_eb09a732029ed79972ebf5302814dc0a.java,ra_stream_ruleformlayout_eb09a732029ed79972ebf5302814dc0a.java,ruleformlayout
html_section,com/pegarules/generated/html_section/ra_stream_pyexpressexplorertabs_f5fa677fbe544c846e897077eb2e14ee.java,ra_stream_pyexpressexplorertabs_f5fa677fbe544c846e897077eb2e14ee.java,pyexpressexplorertabs
html_section,com/pegarules/generated/html_section/ra_stream_pzcalendarsettings_1769e1c55c30b45622d25e52b22568e3.java,ra_stream_pzcalendarsettings_1769e1c55c30b45622d25e52b22568e3.java,pzcalendarsettings
html_section,com/pegarules/generated/html_section/ra_stream_pzdisplaycasetypeviews_802ffa348b724bcd0ab869467adbf75c.java,ra_stream_pzdisplaycasetypeviews_802ffa348b724bcd0ab869467adbf75c.java,pzdisplaycasetypeviews
html_section,com/pegarules/generated/html_section/ra_stream_pzdisplaycreatestageconfiguration_551c01329b4e869e4e50da2cd8e52f1f.java,ra_stream_pzdisplaycreatestageconfiguration_551c01329b4e869e4e50da2cd8e52f1f.java,pzdisplaycreatestageconfiguration
html_section,com/pegarules/generated/html_section/ra_stream_pzlpcontextsensitivehelp_e8bec3f3d231008e66b3d2d83d3594b0.java,ra_stream_pzlpcontextsensitivehelp_e8bec3f3d231008e66b3d2d83d3594b0.java,pzlpcontextsensitivehelp
html_section,com/pegarules/generated/html_section/ra_stream_pydirtycheckconfirm_ea4639ca2b6bd5e223defd543975dc3c.java,ra_stream_pydirtycheckconfirm_ea4639ca2b6bd5e223defd543975dc3c.java,pydirtycheckconfirm
html_section,com/pegarules/generated/html_section/ra_stream_pxfollowunfollow_8613458a2dd926290c0d9f6a24eb539d.java,ra_stream_pxfollowunfollow_8613458a2dd926290c0d9f6a24eb539d.java,pxfollowunfollow
html_section,com/pegarules/generated/html_section/ra_stream_pzencryptswitchappvalidation_c20611fb7e4934bfe71a4d62b7ed0a3a.java,ra_stream_pzencryptswitchappvalidation_c20611fb7e4934bfe71a4d62b7ed0a3a.java,pzencryptswitchappvalidation
html_section,com/pegarules/generated/html_section/ra_stream_pyfavorites_b087505b1b1155e377216b7769247be6.java,ra_stream_pyfavorites_b087505b1b1155e377216b7769247be6.java,pyfavorites
html_section,com/pegarules/generated/html_section/ra_stream_pyconfigureformmodaltemplate_357c2be7021732e3813152f10aa0aae8.java,ra_stream_pyconfigureformmodaltemplate_357c2be7021732e3813152f10aa0aae8.java,pyconfigureformmodaltemplate
html_section,com/pegarules/generated/html_section/ra_stream_pzrulespecificbuttons_a37335156ede397d92456423f5bd9cda.java,ra_stream_pzrulespecificbuttons_a37335156ede397d92456423f5bd9cda.java,pzrulespecificbuttons
html_section,com/pegarules/generated/html_section/ra_stream_pygridmodaltemplate_51fab1671e14df93c115c60434204116.java,ra_stream_pygridmodaltemplate_51fab1671e14df93c115c60434204116.java,pygridmodaltemplate
html_section,com/pegarules/generated/html_section/ra_stream_pydirtycheckconfirm_a9f26af1e85f6f3c99f017b4878efb3e.java,ra_stream_pydirtycheckconfirm_a9f26af1e85f6f3c99f017b4878efb3e.java,pydirtycheckconfirm
html_section,com/pegarules/generated/html_section/ra_stream_pzadvancedpropertytypes_7afc7f7e15173d0c85a61031b3f0f0c6.java,ra_stream_pzadvancedpropertytypes_7afc7f7e15173d0c85a61031b3f0f0c6.java,pzadvancedpropertytypes
html_section,com/pegarules/generated/html_section/ra_stream_pzactivitystepmiddle_406d7ab184e6b50842028142ede338d6.java,ra_stream_pzactivitystepmiddle_406d7ab184e6b50842028142ede338d6.java,pzactivitystepmiddle
html_section,com/pegarules/generated/html_section/ra_stream_pzcdstagecontent_62e36c4b74d4156089453f5f470b73e4.java,ra_stream_pzcdstagecontent_62e36c4b74d4156089453f5f470b73e4.java,pzcdstagecontent
html_section,com/pegarules/generated/html_section/ra_stream_pzappupgradehelplink_c3e17cbaaea739d1d527f7709827d9ba.java,ra_stream_pzappupgradehelplink_c3e17cbaaea739d1d527f7709827d9ba.java,pzappupgradehelplink
html_section,com/pegarules/generated/html_section/ra_stream_pzebiconholder_8ceb2ca7a372a0bb7ab6e9be5d420bc8.java,ra_stream_pzebiconholder_8ceb2ca7a372a0bb7ab6e9be5d420bc8.java,pzebiconholder
html_section,com/pegarules/generated/html_section/ra_stream_pzsearchoperatorsbar_ed15afc89ae4faaa152defbda2c87ef0.java,ra_stream_pzsearchoperatorsbar_ed15afc89ae4faaa152defbda2c87ef0.java,pzsearchoperatorsbar
html_section,com/pegarules/generated/html_section/ra_stream_pzimagesectionwrapper_9b6844cadd201fc3fc2fc71ddce11e04.java,ra_stream_pzimagesectionwrapper_9b6844cadd201fc3fc2fc71ddce11e04.java,pzimagesectionwrapper
html_section,com/pegarules/generated/html_section/ra_stream_pzdisplayprocessconfiguration_f800dbe428df14b05760e0fb2df98419.java,ra_stream_pzdisplayprocessconfiguration_f800dbe428df14b05760e0fb2df98419.java,pzdisplayprocessconfiguration
html_section,com/pegarules/generated/html_section/ra_stream_pzpropertymode_51a683d8cbe01e3d2ddb3c5c567f0ce1.java,ra_stream_pzpropertymode_51a683d8cbe01e3d2ddb3c5c567f0ce1.java,pzpropertymode
html_section,com/pegarules/generated/html_section/ra_stream_pyrdlpaginator_5cb41874940a4d486b38ffe6a812256f.java,ra_stream_pyrdlpaginator_5cb41874940a4d486b38ffe6a812256f.java,pyrdlpaginator
html_section,com/pegarules/generated/html_section/ra_stream_pxexpressionbuilder_181e032339770e4ed19ff0d8beff817a.java,ra_stream_pxexpressionbuilder_181e032339770e4ed19ff0d8beff817a.java,pxexpressionbuilder
html_section,com/pegarules/generated/html_section/ra_stream_pxmodaltemplatefullwidth_59c3e53ada212c6f33a1ce80d2fc22b1.java,ra_stream_pxmodaltemplatefullwidth_59c3e53ada212c6f33a1ce80d2fc22b1.java,pxmodaltemplatefullwidth
html_section,com/pegarules/generated/html_section/ra_stream_pzviewdataschema_9e6c36f3e2784a05daeba5fa63f49ad4.java,ra_stream_pzviewdataschema_9e6c36f3e2784a05daeba5fa63f49ad4.java,pzviewdataschema
html_section,com/pegarules/generated/html_section/ra_stream_pzactivityparamarrayheadercustom_9422b69f7efef270e2f7119daa2915b0.java,ra_stream_pzactivityparamarrayheadercustom_9422b69f7efef270e2f7119daa2915b0.java,pzactivityparamarrayheadercustom
html_section,com/pegarules/generated/html_section/ra_stream_applicationcustomfields_a8b21d3d226f90ce17bd6c6859ea9cdf.java,ra_stream_applicationcustomfields_a8b21d3d226f90ce17bd6c6859ea9cdf.java,applicationcustomfields
html_section,com/pegarules/generated/html_section/ra_stream_pystagesteplist_d34b958fb373b5351c0006f17cf45a87.java,ra_stream_pystagesteplist_d34b958fb373b5351c0006f17cf45a87.java,pystagesteplist
html_section,com/pegarules/generated/html_section/ra_stream_pzpropertypaneltitle_c743262152bd8bc39ccca24018b3afdf.java,ra_stream_pzpropertypaneltitle_c743262152bd8bc39ccca24018b3afdf.java,pzpropertypaneltitle
html_section,com/pegarules/generated/html_section/ra_stream_pzsearchfieldwork_407f1641e190d21815e3726ac44d7148.java,ra_stream_pzsearchfieldwork_407f1641e190d21815e3726ac44d7148.java,pzsearchfieldwork
html_section,com/pegarules/generated/html_section/ra_stream_portalnavigation_7d04e3a37de11ce6dd37a1c2610489be.java,ra_stream_portalnavigation_7d04e3a37de11ce6dd37a1c2610489be.java,portalnavigation
html_section,com/pegarules/generated/html_section/ra_stream_userheader_d8edfaf398bcd4b310991e7cf232061c.java,ra_stream_userheader_d8edfaf398bcd4b310991e7cf232061c.java,userheader
html_section,com/pegarules/generated/html_section/ra_stream_pzconfigureadditionalfieldinfo_2b9984e8033120554a9ab07dfd955048.java,ra_stream_pzconfigureadditionalfieldinfo_2b9984e8033120554a9ab07dfd955048.java,pzconfigureadditionalfieldinfo
html_section,com/pegarules/generated/html_section/ra_stream_pzrfprogressbarwrapper_540bbfd56506b7ee6a002b03977b3589.java,ra_stream_pzrfprogressbarwrapper_540bbfd56506b7ee6a002b03977b3589.java,pzrfprogressbarwrapper
html_section,com/pegarules/generated/html_section/ra_stream_productionrulesetssection_ff7a3f0d5fdaff56e21b457c214307fe.java,ra_stream_productionrulesetssection_ff7a3f0d5fdaff56e21b457c214307fe.java,productionrulesetssection
html_section,com/pegarules/generated/html_section/ra_stream_pzclearlandingpagelevel_ef934bd7f3c9dadb608fa847207b7a80.java,ra_stream_pzclearlandingpagelevel_ef934bd7f3c9dadb608fa847207b7a80.java,pzclearlandingpagelevel
html_section,com/pegarules/generated/html_section/ra_stream_ruleformsettings_bdd5f0e378cd46709b895b9ba7622be6.java,ra_stream_ruleformsettings_bdd5f0e378cd46709b895b9ba7622be6.java,ruleformsettings
html_section,com/pegarules/generated/html_section/ra_stream_pyshowerrorsonassignmentpage_1f0be44a1923f6e104e315a61c910f72.java,ra_stream_pyshowerrorsonassignmentpage_1f0be44a1923f6e104e315a61c910f72.java,pyshowerrorsonassignmentpage
html_section,com/pegarules/generated/html_section/ra_stream_pzconfigurecalculatedinfo_0ab8c83abc74282b0b129cf22f8ef02b.java,ra_stream_pzconfigurecalculatedinfo_0ab8c83abc74282b0b129cf22f8ef02b.java,pzconfigurecalculatedinfo
html_section,com/pegarules/generated/html_section/ra_stream_pxlpsystemrefactorrules_fda5dcf99fb2177519e8dc15d0d58a0b.java,ra_stream_pxlpsystemrefactorrules_fda5dcf99fb2177519e8dc15d0d58a0b.java,pxlpsystemrefactorrules
html_section,com/pegarules/generated/html_section/ra_stream_pyopenworkskeleton_841bd14ade639c270740776f57703766.java,ra_stream_pyopenworkskeleton_841bd14ade639c270740776f57703766.java,pyopenworkskeleton
html_section,com/pegarules/generated/html_section/ra_stream_pybackcontrol_e979b81e66a03b7041ffa555e52e9ebd.java,ra_stream_pybackcontrol_e979b81e66a03b7041ffa555e52e9ebd.java,pybackcontrol
html_section,com/pegarules/generated/html_section/ra_stream_pznotificationgadget_0e4981806b68fee431df83fb3755ae07.java,ra_stream_pznotificationgadget_0e4981806b68fee431df83fb3755ae07.java,pznotificationgadget
html_section,com/pegarules/generated/html_section/ra_stream_pygfwtoolbarpanselectmode_2e67a036b3d3eb6558127d9762cf9e2c.java,ra_stream_pygfwtoolbarpanselectmode_2e67a036b3d3eb6558127d9762cf9e2c.java,pygfwtoolbarpanselectmode
html_section,com/pegarules/generated/html_section/ra_stream_pzreleasetile_a4c2f0c70e53146135f2b2ef9fbca684.java,ra_stream_pzreleasetile_a4c2f0c70e53146135f2b2ef9fbca684.java,pzreleasetile
html_section,com/pegarules/generated/html_section/ra_stream_ruleformsettings_02fc4e695cdcc5c307ce6f18bfc44129.java,ra_stream_ruleformsettings_02fc4e695cdcc5c307ce6f18bfc44129.java,ruleformsettings
html_section,com/pegarules/generated/html_section/ra_stream_pzremovedparams_cffb7e7123825abb91907fd71d0207c0.java,ra_stream_pzremovedparams_cffb7e7123825abb91907fd71d0207c0.java,pzremovedparams
html_section,com/pegarules/generated/html_section/ra_stream_pzconfigurecalculation_d24e6e2ae2ed6428316e8e5147510fa7.java,ra_stream_pzconfigurecalculation_d24e6e2ae2ed6428316e8e5147510fa7.java,pzconfigurecalculation
html_section,com/pegarules/generated/html_section/ra_stream_pycasemainpagenotification_855de80e07da148e511d22e7a4851430.java,ra_stream_pycasemainpagenotification_855de80e07da148e511d22e7a4851430.java,pycasemainpagenotification
html_section,com/pegarules/generated/html_section/ra_stream_pzruleformtoolbarlockedicon_2d594ab886943d7c2ad33bc8e0e3b571.java,ra_stream_pzruleformtoolbarlockedicon_2d594ab886943d7c2ad33bc8e0e3b571.java,pzruleformtoolbarlockedicon
html_section,com/pegarules/generated/html_section/ra_stream_pzviewinstances_e4c9fd05c7520f0d6c13ae21da58a067.java,ra_stream_pzviewinstances_e4c9fd05c7520f0d6c13ae21da58a067.java,pzviewinstances
html_section,com/pegarules/generated/html_section/ra_stream_pyselectaninstance_cc9b1b83f7b2b618b8b19ee580a3ce3d.java,ra_stream_pyselectaninstance_cc9b1b83f7b2b618b8b19ee580a3ce3d.java,pyselectaninstance
html_section,com/pegarules/generated/html_section/ra_stream_pzfieldmodedropdown_8e9d9f876179179b70b5f37151595404.java,ra_stream_pzfieldmodedropdown_8e9d9f876179179b70b5f37151595404.java,pzfieldmodedropdown
html_section,com/pegarules/generated/html_section/ra_stream_pzconfigureexpectedsize_b43dc5ac2696dccdcadafe24eb92cb9d.java,ra_stream_pzconfigureexpectedsize_b43dc5ac2696dccdcadafe24eb92cb9d.java,pzconfigureexpectedsize
html_section,com/pegarules/generated/html_section/ra_stream_pzadminstudioexplorerpanel_8c5a20d19150a59b33d0e62269e8b30d.java,ra_stream_pzadminstudioexplorerpanel_8c5a20d19150a59b33d0e62269e8b30d.java,pzadminstudioexplorerpanel
html_section,com/pegarules/generated/html_section/ra_stream_pyrdlpaginator_ed88b9d9853cf71445e305c683dd1328.java,ra_stream_pyrdlpaginator_ed88b9d9853cf71445e305c683dd1328.java,pyrdlpaginator
html_section,com/pegarules/generated/html_section/ra_stream_pzappexplorer_c1fcb22f4fcb6144fd7881f8f0cea6e2.java,ra_stream_pzappexplorer_c1fcb22f4fcb6144fd7881f8f0cea6e2.java,pzappexplorer
html_section,com/pegarules/generated/html_section/ra_stream_previewpanela11y_f570dce44cabb58db97b6a47371b4d21.java,ra_stream_previewpanela11y_f570dce44cabb58db97b6a47371b4d21.java,previewpanela11y
html_section,com/pegarules/generated/html_section/ra_stream_pygridnoresultsmessage_f2937e91914e27bfe8f1a579b224bce8.java,ra_stream_pygridnoresultsmessage_f2937e91914e27bfe8f1a579b224bce8.java,pygridnoresultsmessage
html_section,com/pegarules/generated/html_section/ra_stream_pyassignmentlistflat_72bd73c7b4d00d4216570abe4d799577.java,ra_stream_pyassignmentlistflat_72bd73c7b4d00d4216570abe4d799577.java,pyassignmentlistflat
html_section,com/pegarules/generated/html_section/ra_stream_pypeekpanelskeleton_bccdaf65f8d4ad387f0fd21d2d53838b.java,ra_stream_pypeekpanelskeleton_bccdaf65f8d4ad387f0fd21d2d53838b.java,pypeekpanelskeleton
html_section,com/pegarules/generated/html_section/ra_stream_pzdataretrieval_bd097ce387ba8e8f5764080550ffed8f.java,ra_stream_pzdataretrieval_bd097ce387ba8e8f5764080550ffed8f.java,pzdataretrieval
html_section,com/pegarules/generated/html_section/ra_stream_pzexpresslpheadersection_41a26e516416dd9830018378551a105c.java,ra_stream_pzexpresslpheadersection_41a26e516416dd9830018378551a105c.java,pzexpresslpheadersection
html_section,com/pegarules/generated/html_section/ra_stream_pzfieldpropertytype_9bd3ce3bc301046e9ec9a0adca632fb5.java,ra_stream_pzfieldpropertytype_9bd3ce3bc301046e9ec9a0adca632fb5.java,pzfieldpropertytype
html_section,com/pegarules/generated/html_section/ra_stream_pzappexplorertreepinclasses_50bd5d5518bac108e6f312342950c308.java,ra_stream_pzappexplorertreepinclasses_50bd5d5518bac108e6f312342950c308.java,pzappexplorertreepinclasses
html_section,com/pegarules/generated/html_section/ra_stream_pzlisttogglesfilter_d3138428d550403cdff7127b9e09b87c.java,ra_stream_pzlisttogglesfilter_d3138428d550403cdff7127b9e09b87c.java,pzlisttogglesfilter
html_section,com/pegarules/generated/html_section/ra_stream_pynewcaseheaderouter_9ec42a9a81dffd3c315a7723b499d68a.java,ra_stream_pynewcaseheaderouter_9ec42a9a81dffd3c315a7723b499d68a.java,pynewcaseheaderouter
html_section,com/pegarules/generated/html_section/ra_stream_pycasedesignerlptitle_59af6f6ac3875ccb75da0e6e1af191e8.java,ra_stream_pycasedesignerlptitle_59af6f6ac3875ccb75da0e6e1af191e8.java,pycasedesignerlptitle
html_section,com/pegarules/generated/html_section/ra_stream_pzenabledisableproxypm_de5aded9287501724630359a05f6b581.java,ra_stream_pzenabledisableproxypm_de5aded9287501724630359a05f6b581.java,pzenabledisableproxypm
html_section,com/pegarules/generated/html_section/ra_stream_pzrarecordconfiguration_1277ca973c47a52a340bde516b59f62b.java,ra_stream_pzrarecordconfiguration_1277ca973c47a52a340bde516b59f62b.java,pzrarecordconfiguration
html_section,com/pegarules/generated/html_section/ra_stream_pzworksettings_4e76c5fd00eaf2369920a949d229662f.java,ra_stream_pzworksettings_4e76c5fd00eaf2369920a949d229662f.java,pzworksettings
html_section,com/pegarules/generated/html_section/ra_stream_pycategorylistentry_616660b585df52d443e48bfc5d40eab8.java,ra_stream_pycategorylistentry_616660b585df52d443e48bfc5d40eab8.java,pycategorylistentry
html_section,com/pegarules/generated/html_section/ra_stream_pzrarecordconfiguration_b772cd4b6522c9749092f5b611232343.java,ra_stream_pzrarecordconfiguration_b772cd4b6522c9749092f5b611232343.java,pzrarecordconfiguration
html_section,com/pegarules/generated/html_section/ra_stream_pzruleformparameters_7e6bc7c22f05dcaf7e66d99d5a804242.java,ra_stream_pzruleformparameters_7e6bc7c22f05dcaf7e66d99d5a804242.java,pzruleformparameters
html_section,com/pegarules/generated/html_section/ra_stream_pyexpresslpdonesection_7547943ef66d1e2c9f8109fcf1d0cea4.java,ra_stream_pyexpresslpdonesection_7547943ef66d1e2c9f8109fcf1d0cea4.java,pyexpresslpdonesection
html_section,com/pegarules/generated/html_section/ra_stream_pzpositionnotificationcounter_0ac55515061f161aa48c690658639f4d.java,ra_stream_pzpositionnotificationcounter_0ac55515061f161aa48c690658639f4d.java,pzpositionnotificationcounter
html_section,com/pegarules/generated/html_section/ra_stream_pxcontextualpromptwithpreview_d1e84b5905c7b4e4c624c9b1ed48e2a7.java,ra_stream_pxcontextualpromptwithpreview_d1e84b5905c7b4e4c624c9b1ed48e2a7.java,pxcontextualpromptwithpreview
html_section,com/pegarules/generated/html_section/ra_stream_pzselectedcaselpcontainer_1090fe1ce26ccc598c8091de8d6f0a1d.java,ra_stream_pzselectedcaselpcontainer_1090fe1ce26ccc598c8091de8d6f0a1d.java,pzselectedcaselpcontainer
html_section,com/pegarules/generated/html_section/ra_stream_pzinitializeappreadmoreless_31661c0aba73e44593c6eb2742ba863c.java,ra_stream_pzinitializeappreadmoreless_31661c0aba73e44593c6eb2742ba863c.java,pzinitializeappreadmoreless
html_section,com/pegarules/generated/html_section/ra_stream_pzsecurity_e61283e161baa02f279ab968360128f5.java,ra_stream_pzsecurity_e61283e161baa02f279ab968360128f5.java,pzsecurity
html_section,com/pegarules/generated/html_section/ra_stream_pypmmodaltemplate_09415d4dc38da28e4ae95777d22d9e1e.java,ra_stream_pypmmodaltemplate_09415d4dc38da28e4ae95777d22d9e1e.java,pypmmodaltemplate
html_section,com/pegarules/generated/html_section/ra_stream_rolessection_a64c73968b07858b29af86966f51d5c0.java,ra_stream_rolessection_a64c73968b07858b29af86966f51d5c0.java,rolessection
html_section,com/pegarules/generated/html_section/ra_stream_caseinformation_a4ee1763d8380830cfe2fd112ff523ba.java,ra_stream_caseinformation_a4ee1763d8380830cfe2fd112ff523ba.java,caseinformation
html_section,com/pegarules/generated/html_section/ra_stream_general_011d8b47d64f00013c7a3df0be3b0dd4.java,ra_stream_general_011d8b47d64f00013c7a3df0be3b0dd4.java,general
html_section,com/pegarules/generated/html_section/ra_stream_pycmdashboarddrag_dae1011dedf8e0c192a373c24dbba7f7.java,ra_stream_pycmdashboarddrag_dae1011dedf8e0c192a373c24dbba7f7.java,pycmdashboarddrag
html_section,com/pegarules/generated/html_section/ra_stream_pyassignmentviewext_afd15bedd88565c319c9ea4f1990dbce.java,ra_stream_pyassignmentviewext_afd15bedd88565c319c9ea4f1990dbce.java,pyassignmentviewext
html_section,com/pegarules/generated/html_section/ra_stream_ruleformlayout_9dd235368bd75c37769f0a7b8d28b0cb.java,ra_stream_ruleformlayout_9dd235368bd75c37769f0a7b8d28b0cb.java,ruleformlayout
html_section,com/pegarules/generated/html_section/ra_stream_pygfwtoolbarguidemode_3177bca900a7f3a1ed7672aa77c84dd3.java,ra_stream_pygfwtoolbarguidemode_3177bca900a7f3a1ed7672aa77c84dd3.java,pygfwtoolbarguidemode
html_section,com/pegarules/generated/html_section/ra_stream_pyportalnav_31eb47befa968fc1d005c67f495e6500.java,ra_stream_pyportalnav_31eb47befa968fc1d005c67f495e6500.java,pyportalnav
html_section,com/pegarules/generated/html_section/ra_stream_pyoverlaytemplate_8b6b54b1e1ebbf8baab133a961d49f13.java,ra_stream_pyoverlaytemplate_8b6b54b1e1ebbf8baab133a961d49f13.java,pyoverlaytemplate
html_section,com/pegarules/generated/html_section/ra_stream_pzdisplayexistingattachments_f60401b07373a200ab12b64d2f437c93.java,ra_stream_pzdisplayexistingattachments_f60401b07373a200ab12b64d2f437c93.java,pzdisplayexistingattachments
html_section,com/pegarules/generated/html_section/ra_stream_pyadminstudioextension_190bf7d3f19a36bb720c57681a7feeac.java,ra_stream_pyadminstudioextension_190bf7d3f19a36bb720c57681a7feeac.java,pyadminstudioextension
html_section,com/pegarules/generated/html_section/ra_stream_pyexplorerdetails_97d6e9ba64bacdca78593b2dd6433aad.java,ra_stream_pyexplorerdetails_97d6e9ba64bacdca78593b2dd6433aad.java,pyexplorerdetails
html_section,com/pegarules/generated/html_section/ra_stream_pznodesactionswrapper_1bd5994fe7bd0adffe722d521013a5d1.java,ra_stream_pznodesactionswrapper_1bd5994fe7bd0adffe722d521013a5d1.java,pznodesactionswrapper
html_section,com/pegarules/generated/html_section/ra_stream_pycasemaininner_aff29c19a4fb07714bb67cf22331aaf1.java,ra_stream_pycasemaininner_aff29c19a4fb07714bb67cf22331aaf1.java,pycasemaininner
html_section,com/pegarules/generated/html_section/ra_stream_pzaddchannel_c9cf23ff5ea0ecbe12c74b7155a0971b.java,ra_stream_pzaddchannel_c9cf23ff5ea0ecbe12c74b7155a0971b.java,pzaddchannel
html_section,com/pegarules/generated/html_section/ra_stream_pzparameters_c514fdfec402e95be74255dadd5fccae.java,ra_stream_pzparameters_c514fdfec402e95be74255dadd5fccae.java,pzparameters
html_section,com/pegarules/generated/html_section/ra_stream_pzactivitystep_80f996d26e7bb933cd58ff0e9680eb0c.java,ra_stream_pzactivitystep_80f996d26e7bb933cd58ff0e9680eb0c.java,pzactivitystep
html_section,com/pegarules/generated/html_section/ra_stream_userheader_d66955f2c92cbaac633d62e36d15e6b4.java,ra_stream_userheader_d66955f2c92cbaac633d62e36d15e6b4.java,userheader
html_section,com/pegarules/generated/html_section/ra_stream_pygridrowdetails_0b347d3b0135ea8909cbc64a3ca077af.java,ra_stream_pygridrowdetails_0b347d3b0135ea8909cbc64a3ca077af.java,pygridrowdetails
html_section,com/pegarules/generated/html_section/ra_stream_pytodoitem_9743c5696f015b2f07838cc58da29ee7.java,ra_stream_pytodoitem_9743c5696f015b2f07838cc58da29ee7.java,pytodoitem
html_section,com/pegarules/generated/html_section/ra_stream_pzdevelopmentadvanced_238e038203d9e2fb0ec7375db6247e17.java,ra_stream_pzdevelopmentadvanced_238e038203d9e2fb0ec7375db6247e17.java,pzdevelopmentadvanced
html_section,com/pegarules/generated/html_section/ra_stream_homeheader_8bcd6335a0f56978b322176019584e1b.java,ra_stream_homeheader_8bcd6335a0f56978b322176019584e1b.java,homeheader
html_section,com/pegarules/generated/html_section/ra_stream_pzruleset_rulesetrequired_1ad166ef6c3573cc291a514529b6dd6f.java,ra_stream_pzruleset_rulesetrequired_1ad166ef6c3573cc291a514529b6dd6f.java,pzruleset rulesetrequired
html_section,com/pegarules/generated/html_section/ra_stream_pyportalpageheader_8276844e9ddd054582b09a8f8fde87c3.java,ra_stream_pyportalpageheader_8276844e9ddd054582b09a8f8fde87c3.java,pyportalpageheader
html_section,com/pegarules/generated/html_section/ra_stream_pygfwtoolbargridmode_ea042293b101ce4cac8214ba5156aaae.java,ra_stream_pygfwtoolbargridmode_ea042293b101ce4cac8214ba5156aaae.java,pygfwtoolbargridmode
html_section,com/pegarules/generated/html_section/ra_stream_pygridnoresultsmessage_7f5a6c6a4c9b7965d71a7c7d6287c990.java,ra_stream_pygridnoresultsmessage_7f5a6c6a4c9b7965d71a7c7d6287c990.java,pygridnoresultsmessage
html_section,com/pegarules/generated/html_section/ra_stream_pydashboardwidget_903a42d772678729bdf7e0acc6a2754a.java,ra_stream_pydashboardwidget_903a42d772678729bdf7e0acc6a2754a.java,pydashboardwidget
html_section,com/pegarules/generated/html_section/ra_stream_pzversiondialogsection_e75dd5e846d074b7a49fa0bb358afa10.java,ra_stream_pzversiondialogsection_e75dd5e846d074b7a49fa0bb358afa10.java,pzversiondialogsection
html_section,com/pegarules/generated/html_section/ra_stream_pzclassinheritance_3a3c573c560e30f9e43fd2ba66dda1df.java,ra_stream_pzclassinheritance_3a3c573c560e30f9e43fd2ba66dda1df.java,pzclassinheritance
html_section,com/pegarules/generated/html_section/ra_stream_pxdisplaystages_51c78c0a46fe8ac485f4481e4edaa257.java,ra_stream_pxdisplaystages_51c78c0a46fe8ac485f4481e4edaa257.java,pxdisplaystages
html_section,com/pegarules/generated/html_section/ra_stream_pzdefinitiontarget_778ac12edbd05ba6353a1690c10e547c.java,ra_stream_pzdefinitiontarget_778ac12edbd05ba6353a1690c10e547c.java,pzdefinitiontarget
html_section,com/pegarules/generated/html_section/ra_stream_pzparametersadvconf_c705af0f7efc05d8c3e8e1af19c2b684.java,ra_stream_pzparametersadvconf_c705af0f7efc05d8c3e8e1af19c2b684.java,pzparametersadvconf
html_section,com/pegarules/generated/html_section/ra_stream_pznoexplorercasetypes_e6b09e86f19405e45a64475c099e61e5.java,ra_stream_pznoexplorercasetypes_e6b09e86f19405e45a64475c099e61e5.java,pznoexplorercasetypes
html_section,com/pegarules/generated/html_section/ra_stream_pycaseconfirm_37cf670846d44688001ca84e1a51fe9b.java,ra_stream_pycaseconfirm_37cf670846d44688001ca84e1a51fe9b.java,pycaseconfirm
html_section,com/pegarules/generated/html_section/ra_stream_pulsegadget_8edc2e26a428766a67191505c1665133.java,ra_stream_pulsegadget_8edc2e26a428766a67191505c1665133.java,pulsegadget
html_section,com/pegarules/generated/html_section/ra_stream_pzrulesexplorernode_ffdccbfbcd0d658256f000da30c1939d.java,ra_stream_pzrulesexplorernode_ffdccbfbcd0d658256f000da30c1939d.java,pzrulesexplorernode
html_section,com/pegarules/generated/html_section/ra_stream_pzruleset_securityscript_d1f22a3f07c8ff03d1cded69f28d5ed7.java,ra_stream_pzruleset_securityscript_d1f22a3f07c8ff03d1cded69f28d5ed7.java,pzruleset securityscript
html_section,com/pegarules/generated/html_section/ra_stream_pydirtycheckconfirm_22437fe18aced54115728250c0c99b3f.java,ra_stream_pydirtycheckconfirm_22437fe18aced54115728250c0c99b3f.java,pydirtycheckconfirm
html_section,com/pegarules/generated/html_section/ra_stream_pygridfilterrangefields_c31eb80ebaaeee8bc3325bf32f55029e.java,ra_stream_pygridfilterrangefields_c31eb80ebaaeee8bc3325bf32f55029e.java,pygridfilterrangefields
html_section,com/pegarules/generated/html_section/ra_stream_keyprompt_eefbc2c20bb68c51824fdeabc70d2de9.java,ra_stream_keyprompt_eefbc2c20bb68c51824fdeabc70d2de9.java,keyprompt
html_section,com/pegarules/generated/html_section/ra_stream_applicationrulesetsection_8e23de08a56969c662fb8d879db32f34.java,ra_stream_applicationrulesetsection_8e23de08a56969c662fb8d879db32f34.java,applicationrulesetsection
html_section,com/pegarules/generated/html_section/ra_stream_pzsystemmaintop_2252bcf9452ab4c5ff60128a525911b9.java,ra_stream_pzsystemmaintop_2252bcf9452ab4c5ff60128a525911b9.java,pzsystemmaintop
html_section,com/pegarules/generated/html_section/ra_stream_pzadvancedfieldinfo_72dd080f5fc415849803676acdba527e.java,ra_stream_pzadvancedfieldinfo_72dd080f5fc415849803676acdba527e.java,pzadvancedfieldinfo
html_section,com/pegarules/generated/html_section/ra_stream_pycategoryitemlistentrylabel_9ce855e0f318ba93d857bd871363613b.java,ra_stream_pycategoryitemlistentrylabel_9ce855e0f318ba93d857bd871363613b.java,pycategoryitemlistentrylabel
html_section,com/pegarules/generated/html_section/ra_stream_pzdefinitionsource_b24f677fde303722b0f9b52192747af2.java,ra_stream_pzdefinitionsource_b24f677fde303722b0f9b52192747af2.java,pzdefinitionsource
html_section,com/pegarules/generated/html_section/ra_stream_homemain_88643239fadcaf7ff4cbc7ec522cc76e.java,ra_stream_homemain_88643239fadcaf7ff4cbc7ec522cc76e.java,homemain
html_section,com/pegarules/generated/html_section/ra_stream_pzconfigurefield_f24e29bf33678050b62b6b0d70db0e8a.java,ra_stream_pzconfigurefield_f24e29bf33678050b62b6b0d70db0e8a.java,pzconfigurefield
html_section,com/pegarules/generated/html_section/ra_stream_pxruleformparameters_24ac43506dd5f95176afc7359d605300.java,ra_stream_pxruleformparameters_24ac43506dd5f95176afc7359d605300.java,pxruleformparameters
html_section,com/pegarules/generated/html_section/ra_stream_pzkeylist_2fef80318078e6436c0658a9a7c54054.java,ra_stream_pzkeylist_2fef80318078e6436c0658a9a7c54054.java,pzkeylist
html_section,com/pegarules/generated/html_section/ra_stream_pzruleset_security_3711fbab3bb6a713689ddcacc06ada51.java,ra_stream_pzruleset_security_3711fbab3bb6a713689ddcacc06ada51.java,pzruleset security
html_section,com/pegarules/generated/html_section/ra_stream_pzcomponentlist_2b321ffe9a16c90841abe6ac624b4673.java,ra_stream_pzcomponentlist_2b321ffe9a16c90841abe6ac624b4673.java,pzcomponentlist
html_section,com/pegarules/generated/html_section/ra_stream_pzdataretrievaloptions_3f853b7b019b1f55a96a4c0288e9e3ce.java,ra_stream_pzdataretrievaloptions_3f853b7b019b1f55a96a4c0288e9e3ce.java,pzdataretrievaloptions
html_section,com/pegarules/generated/html_section/ra_stream_pzconfigurecalculatedinfo_9f56a0ad4bc205a8f6cae6afa54afcba.java,ra_stream_pzconfigurecalculatedinfo_9f56a0ad4bc205a8f6cae6afa54afcba.java,pzconfigurecalculatedinfo
html_section,com/pegarules/generated/html_section/ra_stream_pzactivitysteppreprocessing_252ad7f3ee675d5c027656cf0effe204.java,ra_stream_pzactivitysteppreprocessing_252ad7f3ee675d5c027656cf0effe204.java,pzactivitysteppreprocessing
html_section,com/pegarules/generated/html_section/ra_stream_pzappexplorernode_af542fad3356ff418010dd4906897720.java,ra_stream_pzappexplorernode_af542fad3356ff418010dd4906897720.java,pzappexplorernode
html_section,com/pegarules/generated/html_section/ra_stream_homeworklist_f7bbe7e45f4b64aaca278ad91545a705.java,ra_stream_homeworklist_f7bbe7e45f4b64aaca278ad91545a705.java,homeworklist
html_section,com/pegarules/generated/html_section/ra_stream_pxdiscovergadget_f86ebbc8f6823489f586f42ea090a59e.java,ra_stream_pxdiscovergadget_f86ebbc8f6823489f586f42ea090a59e.java,pxdiscovergadget
html_section,com/pegarules/generated/html_section/ra_stream_pzactivitystepright_72ac84dc38ff719c0b21780fb85da118.java,ra_stream_pzactivitystepright_72ac84dc38ff719c0b21780fb85da118.java,pzactivitystepright
html_section,com/pegarules/generated/html_section/ra_stream_pydisplayrecents_5f161c3c95d7832682432a20b24a80cd.java,ra_stream_pydisplayrecents_5f161c3c95d7832682432a20b24a80cd.java,pydisplayrecents
html_section,com/pegarules/generated/html_section/ra_stream_pzuniquevaluesgridfields_1859a5ddd94a8a17bc1e72a26a8508af.java,ra_stream_pzuniquevaluesgridfields_1859a5ddd94a8a17bc1e72a26a8508af.java,pzuniquevaluesgridfields
html_section,com/pegarules/generated/html_section/ra_stream_pzmodaltemplate_7c7c423ac2e6179a57600dc26440a627.java,ra_stream_pzmodaltemplate_7c7c423ac2e6179a57600dc26440a627.java,pzmodaltemplate
html_section,com/pegarules/generated/html_section/ra_stream_pydashboardmiddle_ca87fce8da790084866d60d41615baef.java,ra_stream_pydashboardmiddle_ca87fce8da790084866d60d41615baef.java,pydashboardmiddle
html_section,com/pegarules/generated/html_section/ra_stream_pzwarningswrapper_83e386224a89476ea093be71818e51d7.java,ra_stream_pzwarningswrapper_83e386224a89476ea093be71818e51d7.java,pzwarningswrapper
html_section,com/pegarules/generated/html_section/ra_stream_headerstatus_1f6da7fa3cfc328a1415beead25a7bfd.java,ra_stream_headerstatus_1f6da7fa3cfc328a1415beead25a7bfd.java,headerstatus
html_section,com/pegarules/generated/html_section/ra_stream_userportal_5b31280e08c3985cab5afe912bcb65b7.java,ra_stream_userportal_5b31280e08c3985cab5afe912bcb65b7.java,userportal
html_section,com/pegarules/generated/html_section/ra_stream_userheader_865cf1664593d753e087296156f114e9.java,ra_stream_userheader_865cf1664593d753e087296156f114e9.java,userheader
html_section,com/pegarules/generated/html_section/ra_stream_pyportalnavigationheader_56c970b150da89f20aaae9cad12dfb5a.java,ra_stream_pyportalnavigationheader_56c970b150da89f20aaae9cad12dfb5a.java,pyportalnavigationheader
html_section,com/pegarules/generated/html_section/ra_stream_pzconfigurefields_8be86750bd072045e8ca76c12b52c25c.java,ra_stream_pzconfigurefields_8be86750bd072045e8ca76c12b52c25c.java,pzconfigurefields
html_section,com/pegarules/generated/html_section/ra_stream_pzauditpropertiessection_60cceb6c006e0c172cf4b824bd2d7ec5.java,ra_stream_pzauditpropertiessection_60cceb6c006e0c172cf4b824bd2d7ec5.java,pzauditpropertiessection
html_section,com/pegarules/generated/html_section/ra_stream_dynamicuiforcalculatedoffline_3887ac41c7fb67f7e13f1b9dbda125d7.java,ra_stream_dynamicuiforcalculatedoffline_3887ac41c7fb67f7e13f1b9dbda125d7.java,dynamicuiforcalculatedoffline
html_section,com/pegarules/generated/html_section/ra_stream_pzactivitystepparamswrapper_e3957f70ab83802c047ef06aa1608d9b.java,ra_stream_pzactivitystepparamswrapper_e3957f70ab83802c047ef06aa1608d9b.java,pzactivitystepparamswrapper
html_section,com/pegarules/generated/html_section/ra_stream_caseactionheader_6a4a697085ab0b6c14075a9d5744274f.java,ra_stream_caseactionheader_6a4a697085ab0b6c14075a9d5744274f.java,caseactionheader
html_section,com/pegarules/generated/html_section/ra_stream_pyprocessslaconfigwrapper_e25290e59b423f4e382474196cf0f069.java,ra_stream_pyprocessslaconfigwrapper_e25290e59b423f4e382474196cf0f069.java,pyprocessslaconfigwrapper
html_section,com/pegarules/generated/html_section/ra_stream_pzbranchexplorernode_af952d8908ea4aa7c01c312c7bd1ab85.java,ra_stream_pzbranchexplorernode_af952d8908ea4aa7c01c312c7bd1ab85.java,pzbranchexplorernode
html_section,com/pegarules/generated/html_section/ra_stream_pxlpsystemrefactorclasses_c36661d8dd13646e686a2e4534329a55.java,ra_stream_pxlpsystemrefactorclasses_c36661d8dd13646e686a2e4534329a55.java,pxlpsystemrefactorclasses
html_section,com/pegarules/generated/html_section/ra_stream_pzadvancedfieldinfo_6cfc960ea9b4a9c6cfd856b7615bde3e.java,ra_stream_pzadvancedfieldinfo_6cfc960ea9b4a9c6cfd856b7615bde3e.java,pzadvancedfieldinfo
html_section,com/pegarules/generated/html_section/ra_stream_pzruleset_versiondelete_39b2480f44322ea0f479ab73057b0e66.java,ra_stream_pzruleset_versiondelete_39b2480f44322ea0f479ab73057b0e66.java,pzruleset versiondelete
html_section,com/pegarules/generated/html_section/ra_stream_pzruleset_versionsecure_eb7a2d17aa1e6ec337ac76e8d0478d6a.java,ra_stream_pzruleset_versionsecure_eb7a2d17aa1e6ec337ac76e8d0478d6a.java,pzruleset versionsecure
html_section,com/pegarules/generated/html_section/ra_stream_pysetpassword_1cfd2c89d25a96426f4ea364b822ad0e.java,ra_stream_pysetpassword_1cfd2c89d25a96426f4ea364b822ad0e.java,pysetpassword
html_section,com/pegarules/generated/html_section/ra_stream_pygridrowdetails_58e07a99ccc496cc793838cc43fa3949.java,ra_stream_pygridrowdetails_58e07a99ccc496cc793838cc43fa3949.java,pygridrowdetails
html_section,com/pegarules/generated/html_section/ra_stream_pzappexplorerinclude_3e1068c2138d0d1e7ea8da7f3d6a1db5.java,ra_stream_pzappexplorerinclude_3e1068c2138d0d1e7ea8da7f3d6a1db5.java,pzappexplorerinclude
html_section,com/pegarules/generated/html_section/ra_stream_pxdisplaystagesreportstages_3df4ef273c040da74de54f39dcdc5d33.java,ra_stream_pxdisplaystagesreportstages_3df4ef273c040da74de54f39dcdc5d33.java,pxdisplaystagesreportstages
html_section,com/pegarules/generated/html_section/ra_stream_pzlpsystemrefactorinner_c6cb1a0f668a5faf43d064fba3602177.java,ra_stream_pzlpsystemrefactorinner_c6cb1a0f668a5faf43d064fba3602177.java,pzlpsystemrefactorinner
html_section,com/pegarules/generated/html_section/ra_stream_pycaseerrorsection_9907be01b5e2f8508a0a30407c46ad27.java,ra_stream_pycaseerrorsection_9907be01b5e2f8508a0a30407c46ad27.java,pycaseerrorsection
html_section,com/pegarules/generated/html_section/ra_stream_pyprogressiverdlpaginator_9f096d42cd92aad3bd90e4a98870336c.java,ra_stream_pyprogressiverdlpaginator_9f096d42cd92aad3bd90e4a98870336c.java,pyprogressiverdlpaginator
html_section,com/pegarules/generated/html_section/ra_stream_pypulsewrapper_29f8956243de80d90d2eceb5358f9171.java,ra_stream_pypulsewrapper_29f8956243de80d90d2eceb5358f9171.java,pypulsewrapper
html_section,com/pegarules/generated/html_section/ra_stream_pycaseinfo_9b8d175f4ca0931f9e2837ccb6b08538.java,ra_stream_pycaseinfo_9b8d175f4ca0931f9e2837ccb6b08538.java,pycaseinfo
html_section,com/pegarules/generated/html_section/ra_stream_pzdocumentation_764cf5e6ba962b9b49b06804fb6f0ae9.java,ra_stream_pzdocumentation_764cf5e6ba962b9b49b06804fb6f0ae9.java,pzdocumentation
html_section,com/pegarules/generated/html_section/ra_stream_pzrelease_a7d5b088d66bbed83a8a836f44cecfb0.java,ra_stream_pzrelease_a7d5b088d66bbed83a8a836f44cecfb0.java,pzrelease
html_section,com/pegarules/generated/html_section/ra_stream_pydetails_7fb57f1b0d29d00abab45488f0da6d97.java,ra_stream_pydetails_7fb57f1b0d29d00abab45488f0da6d97.java,pydetails
html_section,com/pegarules/generated/html_section/ra_stream_pydashboardwidget_2376ef24bb24b9cb1e20cbc383930430.java,ra_stream_pydashboardwidget_2376ef24bb24b9cb1e20cbc383930430.java,pydashboardwidget
html_section,com/pegarules/generated/html_section/ra_stream_pzdisplaycasetypecategory_b113d3a67ac7b56b81c80f15d9b2b006.java,ra_stream_pzdisplaycasetypecategory_b113d3a67ac7b56b81c80f15d9b2b006.java,pzdisplaycasetypecategory
html_section,com/pegarules/generated/html_section/ra_stream_pzabouthelpinc_578b3bbb2c5a0b5addf2bf91cdecccb9.java,ra_stream_pzabouthelpinc_578b3bbb2c5a0b5addf2bf91cdecccb9.java,pzabouthelpinc
html_section,com/pegarules/generated/html_section/ra_stream_pzstagename_914e9a3d3834fb31818611735ec13429.java,ra_stream_pzstagename_914e9a3d3834fb31818611735ec13429.java,pzstagename
html_section,com/pegarules/generated/html_section/ra_stream_pzruleformstatus_3334d2f3b824a1e0d958fac0d647ffb7.java,ra_stream_pzruleformstatus_3334d2f3b824a1e0d958fac0d647ffb7.java,pzruleformstatus
html_section,com/pegarules/generated/html_section/ra_stream_pzappexplorerwrapper_edb97870bb2ed435a8e9c4e817fec69d.java,ra_stream_pzappexplorerwrapper_edb97870bb2ed435a8e9c4e817fec69d.java,pzappexplorerwrapper
html_section,com/pegarules/generated/html_section/ra_stream_pzbuiltonapplications_8229f8223e6900344105825ca12dfdb1.java,ra_stream_pzbuiltonapplications_8229f8223e6900344105825ca12dfdb1.java,pzbuiltonapplications
html_section,com/pegarules/generated/html_section/ra_stream_pyshowassociatedtags_32e930188e0c52ad174b60c17f417c42.java,ra_stream_pyshowassociatedtags_32e930188e0c52ad174b60c17f417c42.java,pyshowassociatedtags
html_section,com/pegarules/generated/html_section/ra_stream_pzformclean_9dfae45fc93762448866f69afe612649.java,ra_stream_pzformclean_9dfae45fc93762448866f69afe612649.java,pzformclean
html_section,com/pegarules/generated/html_section/ra_stream_pzruleformrulesetedit_4bb1a34dfe011749cbe87fd5a75e96b2.java,ra_stream_pzruleformrulesetedit_4bb1a34dfe011749cbe87fd5a75e96b2.java,pzruleformrulesetedit
html_section,com/pegarules/generated/html_section/ra_stream_pzspecificationdescriptionforoutlineview_f8da9a467a84fca75eaca150a5fdf071.java,ra_stream_pzspecificationdescriptionforoutlineview_f8da9a467a84fca75eaca150a5fdf071.java,pzspecificationdescriptionforoutlineview
html_section,com/pegarules/generated/html_section/ra_stream_pzchannelicon_14be8a01a3dbf6be51799cf4c46b5c30.java,ra_stream_pzchannelicon_14be8a01a3dbf6be51799cf4c46b5c30.java,pzchannelicon
html_section,com/pegarules/generated/html_section/ra_stream_pycategoryitemlistentry_dfdaddf5b5e0c416cf2910ac6c383622.java,ra_stream_pycategoryitemlistentry_dfdaddf5b5e0c416cf2910ac6c383622.java,pycategoryitemlistentry
html_section,com/pegarules/generated/html_section/ra_stream_casefollowers_d0be85b77fecc059b9f99576ccaf0190.java,ra_stream_casefollowers_d0be85b77fecc059b9f99576ccaf0190.java,casefollowers
html_section,com/pegarules/generated/html_section/ra_stream_pyexpresslpheadertitle_51c410c0619b30029c98ad645d2d333c.java,ra_stream_pyexpresslpheadertitle_51c410c0619b30029c98ad645d2d333c.java,pyexpresslpheadertitle
html_section,com/pegarules/generated/html_section/ra_stream_pycaseactionareabuttons_5e06fcdc3789798eaab9a93af38e63c2.java,ra_stream_pycaseactionareabuttons_5e06fcdc3789798eaab9a93af38e63c2.java,pycaseactionareabuttons
html_section,com/pegarules/generated/html_section/ra_stream_pzconfigurecalculatedinfo_d3da5cf189fee60713b2ca5de16c0f25.java,ra_stream_pzconfigurecalculatedinfo_d3da5cf189fee60713b2ca5de16c0f25.java,pzconfigurecalculatedinfo
html_section,com/pegarules/generated/html_section/ra_stream_pzexecuteactivity_aaedfaae205ad2834bfa23c08bdcbbc8.java,ra_stream_pzexecuteactivity_aaedfaae205ad2834bfa23c08bdcbbc8.java,pzexecuteactivity
html_section,com/pegarules/generated/html_section/ra_stream_pzsectioneditingview_829f4fe64e37ae6675bdde2ed4b370c0.java,ra_stream_pzsectioneditingview_829f4fe64e37ae6675bdde2ed4b370c0.java,pzsectioneditingview
html_section,com/pegarules/generated/html_section/ra_stream_pydeleteruleprompt_bc323464b4492eb3139be21f8efdd05b.java,ra_stream_pydeleteruleprompt_bc323464b4492eb3139be21f8efdd05b.java,pydeleteruleprompt
html_section,com/pegarules/generated/html_section/ra_stream_pzbehavior_44135c573a8c5a71410a570ec602e10c.java,ra_stream_pzbehavior_44135c573a8c5a71410a570ec602e10c.java,pzbehavior
html_section,com/pegarules/generated/html_section/ra_stream_rdlnoresultsmessage_ef76a8f0ffd52f8336ca36c51f880cf5.java,ra_stream_rdlnoresultsmessage_ef76a8f0ffd52f8336ca36c51f880cf5.java,rdlnoresultsmessage
html_section,com/pegarules/generated/html_section/ra_stream_pzruleset_versionrequiresapproval_49acc936d78327d44fd8f9eb6bcc26f4.java,ra_stream_pzruleset_versionrequiresapproval_49acc936d78327d44fd8f9eb6bcc26f4.java,pzruleset versionrequiresapproval
html_section,com/pegarules/generated/html_section/ra_stream_pzsearch_40a31d7eb741f3b4fbf023e929c6d3d1.java,ra_stream_pzsearch_40a31d7eb741f3b4fbf023e929c6d3d1.java,pzsearch
html_section,com/pegarules/generated/html_section/ra_stream_pyappdetailsinfo_e7f242baeeb02457b50ed1d04e78b145.java,ra_stream_pyappdetailsinfo_e7f242baeeb02457b50ed1d04e78b145.java,pyappdetailsinfo
html_section,com/pegarules/generated/html_section/ra_stream_pyworkbasketdetail_220a9aaa13f6cdf15624d5eee6151583.java,ra_stream_pyworkbasketdetail_220a9aaa13f6cdf15624d5eee6151583.java,pyworkbasketdetail
html_section,com/pegarules/generated/html_section/ra_stream_pzautoupgrade_5ecd7cf1d0ae70c3b737cc528e59d09a.java,ra_stream_pzautoupgrade_5ecd7cf1d0ae70c3b737cc528e59d09a.java,pzautoupgrade
html_section,com/pegarules/generated/html_section/ra_stream_pzruleformlayoutinner_f8d915797c90ad210485fa7d24f6e6b6.java,ra_stream_pzruleformlayoutinner_f8d915797c90ad210485fa7d24f6e6b6.java,pzruleformlayoutinner
html_section,com/pegarules/generated/html_section/ra_stream_pzappinfo_9825ab4f7eaa00be93a608c8c6ab9e9a.java,ra_stream_pzappinfo_9825ab4f7eaa00be93a608c8c6ab9e9a.java,pzappinfo
html_section,com/pegarules/generated/html_section/ra_stream_pzshowselectedcasedetailsinlpwrapper_7fb9ce89200ed5e6aab6d4cbcb8b154e.java,ra_stream_pzshowselectedcasedetailsinlpwrapper_7fb9ce89200ed5e6aab6d4cbcb8b154e.java,pzshowselectedcasedetailsinlpwrapper
html_section,com/pegarules/generated/html_section/ra_stream_ruleformsettings_5c86c4bd9082d9cc444f8d226fa1d6f6.java,ra_stream_ruleformsettings_5c86c4bd9082d9cc444f8d226fa1d6f6.java,ruleformsettings
html_section,com/pegarules/generated/html_section/ra_stream_pzcheckwarningmessages_b28981e8ebb0ee88957ab4056b23dd50.java,ra_stream_pzcheckwarningmessages_b28981e8ebb0ee88957ab4056b23dd50.java,pzcheckwarningmessages
html_section,com/pegarules/generated/html_section/ra_stream_pzparamsinouticon_e5aca0cee25b26d9b1aadd467f26212d.java,ra_stream_pzparamsinouticon_e5aca0cee25b26d9b1aadd467f26212d.java,pzparamsinouticon
html_section,com/pegarules/generated/html_section/ra_stream_pzselectthemeinfo_b564b1c71fea169047a6288fea3abd06.java,ra_stream_pzselectthemeinfo_b564b1c71fea169047a6288fea3abd06.java,pzselectthemeinfo
html_section,com/pegarules/generated/html_section/ra_stream_pzspecifications_b337d92e4674b33d09ec3c8df1cdb372.java,ra_stream_pzspecifications_b337d92e4674b33d09ec3c8df1cdb372.java,pzspecifications
html_section,com/pegarules/generated/html_section/ra_stream_pzshowcasehierarchyrightpanelforlp_b0e84645d4a5927d444424f01339fec6.java,ra_stream_pzshowcasehierarchyrightpanelforlp_b0e84645d4a5927d444424f01339fec6.java,pzshowcasehierarchyrightpanelforlp
html_section,com/pegarules/generated/html_section/ra_stream_pypreviewbuttonsection_f535d58be011bc1d141f9e8adbb45193.java,ra_stream_pypreviewbuttonsection_f535d58be011bc1d141f9e8adbb45193.java,pypreviewbuttonsection
html_section,com/pegarules/generated/html_section/ra_stream_pxlpsystemrefactorrulesets_769eacecafa3d7b8af79fd53658e59ca.java,ra_stream_pxlpsystemrefactorrulesets_769eacecafa3d7b8af79fd53658e59ca.java,pxlpsystemrefactorrulesets
html_section,com/pegarules/generated/html_section/ra_stream_pzbuildapplicationmodaltemplate_f19adc2b109d41519ecac1379245299b.java,ra_stream_pzbuildapplicationmodaltemplate_f19adc2b109d41519ecac1379245299b.java,pzbuildapplicationmodaltemplate
html_section,com/pegarules/generated/html_section/ra_stream_pycosmosuiunsupportedmodaltemplate_4996dbd284a25bf47046a8f9cf478b07.java,ra_stream_pycosmosuiunsupportedmodaltemplate_4996dbd284a25bf47046a8f9cf478b07.java,pycosmosuiunsupportedmodaltemplate
html_section,com/pegarules/generated/html_section/ra_stream_pzlporganizationandsecurityorganizationinner_dcefff152759a915ce7f6af6af47e118.java,ra_stream_pzlporganizationandsecurityorganizationinner_dcefff152759a915ce7f6af6af47e118.java,pzlporganizationandsecurityorganizationinner
html_section,com/pegarules/generated/html_section/ra_stream_pzdynamicexpressioncontrol_3eb4ed8b37d4ae18b75413f3ff6c4b80.java,ra_stream_pzdynamicexpressioncontrol_3eb4ed8b37d4ae18b75413f3ff6c4b80.java,pzdynamicexpressioncontrol
html_section,com/pegarules/generated/html_section/ra_stream_pydesktopnotificationgadget_212e483fc03349cebbd38f59cfbc5d31.java,ra_stream_pydesktopnotificationgadget_212e483fc03349cebbd38f59cfbc5d31.java,pydesktopnotificationgadget
html_section,com/pegarules/generated/html_section/ra_stream_pzparaminput_f6d5b22a3af2ede3499738bb67442572.java,ra_stream_pzparaminput_f6d5b22a3af2ede3499738bb67442572.java,pzparaminput
html_section,com/pegarules/generated/html_section/ra_stream_pzroutingsettings_e2fa3099df172662ca2c22b01a3d05c0.java,ra_stream_pzroutingsettings_e2fa3099df172662ca2c22b01a3d05c0.java,pzroutingsettings
html_section,com/pegarules/generated/html_section/ra_stream_pydirtycheckconfirm_2667f3f7fb5b1bfb590e6c388f98883a.java,ra_stream_pydirtycheckconfirm_2667f3f7fb5b1bfb590e6c388f98883a.java,pydirtycheckconfirm
html_section,com/pegarules/generated/html_section/ra_stream_dynamicuiforfieldsreadonly_9f6009e74a2e298d5b089762110bf240.java,ra_stream_dynamicuiforfieldsreadonly_9f6009e74a2e298d5b089762110bf240.java,dynamicuiforfieldsreadonly
html_section,com/pegarules/generated/html_section/ra_stream_rdlnoresultsmessage_840d72186c24bbc71200ba05bf137d19.java,ra_stream_rdlnoresultsmessage_840d72186c24bbc71200ba05bf137d19.java,rdlnoresultsmessage
html_section,com/pegarules/generated/html_section/ra_stream_pyblank_ba78e427e165666e28cf942aeaf925d7.java,ra_stream_pyblank_ba78e427e165666e28cf942aeaf925d7.java,pyblank
html_section,com/pegarules/generated/html_section/ra_stream_pzmodaleditor_c33289dd87c83a4b6dc0caa9c56944ff.java,ra_stream_pzmodaleditor_c33289dd87c83a4b6dc0caa9c56944ff.java,pzmodaleditor
html_section,com/pegarules/generated/html_section/ra_stream_secondaryportallayoutssection_40c30914fe7d23a435adb1060b8e3650.java,ra_stream_secondaryportallayoutssection_40c30914fe7d23a435adb1060b8e3650.java,secondaryportallayoutssection
html_section,com/pegarules/generated/html_section/ra_stream_role_24d0299361b88f6b0a13691345b43aaf.java,ra_stream_role_24d0299361b88f6b0a13691345b43aaf.java,role
html_section,com/pegarules/generated/html_section/ra_stream_pycaseactionareatitle_a442ff5ee6ec5b59f26c37c1d3ae55c9.java,ra_stream_pycaseactionareatitle_a442ff5ee6ec5b59f26c37c1d3ae55c9.java,pycaseactionareatitle
html_section,com/pegarules/generated/html_section/ra_stream_pzdisplaysteppalette_16e9ec5072e1438373825c4a404408ad.java,ra_stream_pzdisplaysteppalette_16e9ec5072e1438373825c4a404408ad.java,pzdisplaysteppalette
html_section,com/pegarules/generated/html_section/ra_stream_pyexpresslpcontenttemplate_e17baf44246f5c26179b25c222c7941f.java,ra_stream_pyexpresslpcontenttemplate_e17baf44246f5c26179b25c222c7941f.java,pyexpresslpcontenttemplate
html_section,com/pegarules/generated/html_section/ra_stream_pzcdstepcontentwrapper_173d568050f696e91611a07796c5aac3.java,ra_stream_pzcdstepcontentwrapper_173d568050f696e91611a07796c5aac3.java,pzcdstepcontentwrapper
html_section,com/pegarules/generated/html_section/ra_stream_pyadminstudiodashboardheader_dbea86b88ab0308a9bb4a2fa9e1b57a9.java,ra_stream_pyadminstudiodashboardheader_dbea86b88ab0308a9bb4a2fa9e1b57a9.java,pyadminstudiodashboardheader
html_section,com/pegarules/generated/html_section/ra_stream_pzadminstudioexplorer_9e68a53c78f789f808a1bcf1d09886df.java,ra_stream_pzadminstudioexplorer_9e68a53c78f789f808a1bcf1d09886df.java,pzadminstudioexplorer
html_section,com/pegarules/generated/html_section/ra_stream_pyrecentworkcontent_e0f285b161ef55fb9eea5dd76e85dac8.java,ra_stream_pyrecentworkcontent_e0f285b161ef55fb9eea5dd76e85dac8.java,pyrecentworkcontent
html_section,com/pegarules/generated/html_section/ra_stream_casestakeholders_42a09d6ee95bd4e912f82a077d93dde0.java,ra_stream_casestakeholders_42a09d6ee95bd4e912f82a077d93dde0.java,casestakeholders
html_section,com/pegarules/generated/html_section/ra_stream_pzdisplayshapeconfiguration_5004a7af89636c277042d218c77b7ebe.java,ra_stream_pzdisplayshapeconfiguration_5004a7af89636c277042d218c77b7ebe.java,pzdisplayshapeconfiguration
html_section,com/pegarules/generated/html_section/ra_stream_pyprogressiverdlpaginatorshowless_60a515a45391d63de0bd79d75e6c2886.java,ra_stream_pyprogressiverdlpaginatorshowless_60a515a45391d63de0bd79d75e6c2886.java,pyprogressiverdlpaginatorshowless
html_section,com/pegarules/generated/html_section/ra_stream_pyerrormessage_843b8f06bc6b2e8de5922d2af87a783f.java,ra_stream_pyerrormessage_843b8f06bc6b2e8de5922d2af87a783f.java,pyerrormessage
html_section,com/pegarules/generated/html_section/ra_stream_pzenterdatatransformname_8c1adb2a281f7bc0793e1433b3b48d6d.java,ra_stream_pzenterdatatransformname_8c1adb2a281f7bc0793e1433b3b48d6d.java,pzenterdatatransformname
html_section,com/pegarules/generated/html_section/ra_stream_pzappexplorertreegrid_f702cee27e43abdb3e865a61306ca044.java,ra_stream_pzappexplorertreegrid_f702cee27e43abdb3e865a61306ca044.java,pzappexplorertreegrid
html_section,com/pegarules/generated/html_section/ra_stream_pzruleset_versiondescription_9b939599f66db805d4a535c4d37738c3.java,ra_stream_pzruleset_versiondescription_9b939599f66db805d4a535c4d37738c3.java,pzruleset versiondescription
html_section,com/pegarules/generated/html_section/ra_stream_pygridrowdetails_73a593a457f99871e4cfaf53177a750b.java,ra_stream_pygridrowdetails_73a593a457f99871e4cfaf53177a750b.java,pygridrowdetails
html_section,com/pegarules/generated/html_section/ra_stream_pyunreadnotificationscount_1811b8dd7c1d39f7deecf25d0506a2d3.java,ra_stream_pyunreadnotificationscount_1811b8dd7c1d39f7deecf25d0506a2d3.java,pyunreadnotificationscount
html_section,com/pegarules/generated/html_section/ra_stream_pycategoryitemlistentry_703227dcc9d3014557cf7099cbc3e7b5.java,ra_stream_pycategoryitemlistentry_703227dcc9d3014557cf7099cbc3e7b5.java,pycategoryitemlistentry
html_section,com/pegarules/generated/html_section/ra_stream_pycreatemain_bcb8f7037c63f74e31b473d8f9eda2e8.java,ra_stream_pycreatemain_bcb8f7037c63f74e31b473d8f9eda2e8.java,pycreatemain
html_section,com/pegarules/generated/html_section/ra_stream_pzcosmosuiunsupported_6e2d6b13bbb1ae0880769648fcac8f57.java,ra_stream_pzcosmosuiunsupported_6e2d6b13bbb1ae0880769648fcac8f57.java,pzcosmosuiunsupported
html_section,com/pegarules/generated/html_section/ra_stream_pzc11npreviewsection_e99760720bea07473ad1fe2a3faac692.java,ra_stream_pzc11npreviewsection_e99760720bea07473ad1fe2a3faac692.java,pzc11npreviewsection
html_section,com/pegarules/generated/html_section/ra_stream_pzappexplorernode_87115f6b0bcb77b8048944c5631dc904.java,ra_stream_pzappexplorernode_87115f6b0bcb77b8048944c5631dc904.java,pzappexplorernode
html_section,com/pegarules/generated/html_section/ra_stream_pzsaveandruncasewrapper_5a868f6a7e1fa2ce164d5e6c53f14b81.java,ra_stream_pzsaveandruncasewrapper_5a868f6a7e1fa2ce164d5e6c53f14b81.java,pzsaveandruncasewrapper
html_section,com/pegarules/generated/html_section/ra_stream_pyworklistwidgetheaderinner_a65805ebabc57a8e2656ce2f73612781.java,ra_stream_pyworklistwidgetheaderinner_a65805ebabc57a8e2656ce2f73612781.java,pyworklistwidgetheaderinner
html_section,com/pegarules/generated/html_section/ra_stream_pzcasepersonadetails_ef1573281beb54c43fe182509109ecf0.java,ra_stream_pzcasepersonadetails_ef1573281beb54c43fe182509109ecf0.java,pzcasepersonadetails
html_section,com/pegarules/generated/html_section/ra_stream_pzitemlist_3c99378b0d033497109d95405be76a15.java,ra_stream_pzitemlist_3c99378b0d033497109d95405be76a15.java,pzitemlist
html_section,com/pegarules/generated/html_section/ra_stream_casefollowersinner_867d3c45c931841256ad48b9397734a0.java,ra_stream_casefollowersinner_867d3c45c931841256ad48b9397734a0.java,casefollowersinner
html_section,com/pegarules/generated/html_section/ra_stream_pytab_280495dfbc5a940dfacb633bc359dfe8.java,ra_stream_pytab_280495dfbc5a940dfacb633bc359dfe8.java,pytab
html_section,com/pegarules/generated/html_section/ra_stream_pzruleset_showrulesetversion_b8911544641046ade28d0ae87d6d1ca8.java,ra_stream_pzruleset_showrulesetversion_b8911544641046ade28d0ae87d6d1ca8.java,pzruleset showrulesetversion
html_section,com/pegarules/generated/html_section/ra_stream_pxmainpagesideincontainer_8560699d43566fab00de1abb5329fe5a.java,ra_stream_pxmainpagesideincontainer_8560699d43566fab00de1abb5329fe5a.java,pxmainpagesideincontainer
html_section,com/pegarules/generated/html_section/ra_stream_pxserviceslp_5adc6a879d6f25d0e98573d510980cb9.java,ra_stream_pxserviceslp_5adc6a879d6f25d0e98573d510980cb9.java,pxserviceslp
html_section,com/pegarules/generated/html_section/ra_stream_pzcreateappsettingsforrendering_b4170fbc3f0a5ae4ff7180f682e6927a.java,ra_stream_pzcreateappsettingsforrendering_b4170fbc3f0a5ae4ff7180f682e6927a.java,pzcreateappsettingsforrendering
html_section,com/pegarules/generated/html_section/ra_stream_pzpropertypanel_cd82c6094e7e0c76ee79f99df2eb2f7a.java,ra_stream_pzpropertypanel_cd82c6094e7e0c76ee79f99df2eb2f7a.java,pzpropertypanel
html_section,com/pegarules/generated/html_section/ra_stream_pzcommonmopropertiessection_36aed939511b4a23ed349264cabf9dbc.java,ra_stream_pzcommonmopropertiessection_36aed939511b4a23ed349264cabf9dbc.java,pzcommonmopropertiessection
html_section,com/pegarules/generated/html_section/ra_stream_pzquickconfigure_7eb99fbdf9a61bf12786e7e8812eea09.java,ra_stream_pzquickconfigure_7eb99fbdf9a61bf12786e7e8812eea09.java,pzquickconfigure
html_section,com/pegarules/generated/html_section/ra_stream_pzgridfilterrange_0afabb20d7198035c4c767c3669c99de.java,ra_stream_pzgridfilterrange_0afabb20d7198035c4c767c3669c99de.java,pzgridfilterrange
html_section,com/pegarules/generated/html_section/ra_stream_pzruleformruleset_41b8d95bd8e89e985a091fcd0317f73f.java,ra_stream_pzruleformruleset_41b8d95bd8e89e985a091fcd0317f73f.java,pzruleformruleset
html_section,com/pegarules/generated/html_section/ra_stream_pzappconfigtoolbar_c38af9a74c7a62c206e00420907c63df.java,ra_stream_pzappconfigtoolbar_c38af9a74c7a62c206e00420907c63df.java,pzappconfigtoolbar
html_section,com/pegarules/generated/html_section/ra_stream_pzaddintoapplicationreference_0c21b8c6a909c4f7f12d9d63d8f4f0a5.java,ra_stream_pzaddintoapplicationreference_0c21b8c6a909c4f7f12d9d63d8f4f0a5.java,pzaddintoapplicationreference
html_section,com/pegarules/generated/html_section/ra_stream_pztoggleautomationrecorder_b517cba5919767899fe6fe2333c71454.java,ra_stream_pztoggleautomationrecorder_b517cba5919767899fe6fe2333c71454.java,pztoggleautomationrecorder
html_section,com/pegarules/generated/html_section/ra_stream_pycasemaininnerwrapper_52ecc172136327da13886296bde8ddf1.java,ra_stream_pycasemaininnerwrapper_52ecc172136327da13886296bde8ddf1.java,pycasemaininnerwrapper
html_section,com/pegarules/generated/html_section/ra_stream_pzruleformpagesandclassesscript_bc0795b6f0ff1189960b001bffc22857.java,ra_stream_pzruleformpagesandclassesscript_bc0795b6f0ff1189960b001bffc22857.java,pzruleformpagesandclassesscript
html_section,com/pegarules/generated/html_section/ra_stream_portalnavigation_265538a1b2ab511cb938ebe4e2fc6c6d.java,ra_stream_portalnavigation_265538a1b2ab511cb938ebe4e2fc6c6d.java,portalnavigation
html_section,com/pegarules/generated/html_section/ra_stream_pzdisplayprocessmodelerproperties_ce2af559632d906b20e803a766764ec4.java,ra_stream_pzdisplayprocessmodelerproperties_ce2af559632d906b20e803a766764ec4.java,pzdisplayprocessmodelerproperties
html_section,com/pegarules/generated/html_section/ra_stream_pzconfigureadditionalfieldinfo_2ee4985b6ae0226d0a71ab2677f9c8d1.java,ra_stream_pzconfigureadditionalfieldinfo_2ee4985b6ae0226d0a71ab2677f9c8d1.java,pzconfigureadditionalfieldinfo
html_section,com/pegarules/generated/html_section/ra_stream_create_b3b4cb0f03ac0a0224aea814a3e88785.java,ra_stream_create_b3b4cb0f03ac0a0224aea814a3e88785.java,create
html_section,com/pegarules/generated/html_section/ra_stream_pzfieldsentryscreenwrapper_884be7beb58d7c393c108ad5d8e94818.java,ra_stream_pzfieldsentryscreenwrapper_884be7beb58d7c393c108ad5d8e94818.java,pzfieldsentryscreenwrapper
html_section,com/pegarules/generated/html_section/ra_stream_pyworkgroupbaskets_c60a9b1e33669bf7101b40fb4558a42c.java,ra_stream_pyworkgroupbaskets_c60a9b1e33669bf7101b40fb4558a42c.java,pyworkgroupbaskets
html_section,com/pegarules/generated/html_section/ra_stream_pxcasemaininc_6494e9c57748a034c8c1dbc36c98e103.java,ra_stream_pxcasemaininc_6494e9c57748a034c8c1dbc36c98e103.java,pxcasemaininc
html_section,com/pegarules/generated/html_section/ra_stream_pzruleformwarningsheader_c84f8e58d01950c84340c56827f3de32.java,ra_stream_pzruleformwarningsheader_c84f8e58d01950c84340c56827f3de32.java,pzruleformwarningsheader
html_section,com/pegarules/generated/html_section/ra_stream_pzdisplayprocessmodeler_67ce5dddcdf5da711c5f58ec0cd9e4b4.java,ra_stream_pzdisplayprocessmodeler_67ce5dddcdf5da711c5f58ec0cd9e4b4.java,pzdisplayprocessmodeler
html_section,com/pegarules/generated/html_section/ra_stream_pyexpressexplorertabs_131a22a2d08260d6dde564955beddb9b.java,ra_stream_pyexpressexplorertabs_131a22a2d08260d6dde564955beddb9b.java,pyexpressexplorertabs
html_section,com/pegarules/generated/html_section/ra_stream_pyconfigureadditionalfieldinfo_622fce734b2ee0ffb7c88191d16e9d5c.java,ra_stream_pyconfigureadditionalfieldinfo_622fce734b2ee0ffb7c88191d16e9d5c.java,pyconfigureadditionalfieldinfo
html_section,com/pegarules/generated/html_section/ra_stream_pzgridfilterpanel_ee87d782fa9d7adc9d160ec6f5dcae0a.java,ra_stream_pzgridfilterpanel_ee87d782fa9d7adc9d160ec6f5dcae0a.java,pzgridfilterpanel
html_section,com/pegarules/generated/html_section/ra_stream_pzdisplayprocessmodelerpropertieswrapper_4cdca4cd6576ce04bcece8bdd816940b.java,ra_stream_pzdisplayprocessmodelerpropertieswrapper_4cdca4cd6576ce04bcece8bdd816940b.java,pzdisplayprocessmodelerpropertieswrapper
html_section,com/pegarules/generated/html_section/ra_stream_pzruleformstatus_c12aa8bde9f662027d6e78d732f9eb59.java,ra_stream_pzruleformstatus_c12aa8bde9f662027d6e78d732f9eb59.java,pzruleformstatus
html_section,com/pegarules/generated/html_section/ra_stream_pzruntimetoolstopbar_79dc0acea7bd70257ab41f4647058f61.java,ra_stream_pzruntimetoolstopbar_79dc0acea7bd70257ab41f4647058f61.java,pzruntimetoolstopbar
html_section,com/pegarules/generated/html_section/ra_stream_pzactivitystepleft_c737efdf0f1544a56889a0bc04057fc5.java,ra_stream_pzactivitystepleft_c737efdf0f1544a56889a0bc04057fc5.java,pzactivitystepleft
html_section,com/pegarules/generated/html_section/ra_stream_pzcosmosuiinfrastructureunsupported_d1d33d45a6dfdccf03cdcf65513b8f84.java,ra_stream_pzcosmosuiinfrastructureunsupported_d1d33d45a6dfdccf03cdcf65513b8f84.java,pzcosmosuiinfrastructureunsupported
html_section,com/pegarules/generated/html_section/ra_stream_pyportalpageheadertop_51811e3ce9fabc421c17f0db126e630a.java,ra_stream_pyportalpageheadertop_51811e3ce9fabc421c17f0db126e630a.java,pyportalpageheadertop
html_section,com/pegarules/generated/html_section/ra_stream_pzbrowseproperty_cc6fcecc506ff6f715e6657110bd1a2f.java,ra_stream_pzbrowseproperty_cc6fcecc506ff6f715e6657110bd1a2f.java,pzbrowseproperty
html_section,com/pegarules/generated/html_section/ra_stream_pzsetstatus_501f61a1fade7712a7707606807976af.java,ra_stream_pzsetstatus_501f61a1fade7712a7707606807976af.java,pzsetstatus
html_section,com/pegarules/generated/html_section/ra_stream_pyloadingmessage_c94afdf124d45879c912bcb4e9f2e09e.java,ra_stream_pyloadingmessage_c94afdf124d45879c912bcb4e9f2e09e.java,pyloadingmessage
html_section,com/pegarules/generated/html_section/ra_stream_pxaddusertoapplicationrow_fe5c68a123de781056b56b6dda2c27bf.java,ra_stream_pxaddusertoapplicationrow_fe5c68a123de781056b56b6dda2c27bf.java,pxaddusertoapplicationrow
html_section,com/pegarules/generated/html_section/ra_stream_pztoggleslpcontent_8210a4e1f88f8b3785275c6dc02784af.java,ra_stream_pztoggleslpcontent_8210a4e1f88f8b3785275c6dc02784af.java,pztoggleslpcontent
html_section,com/pegarules/generated/html_section/ra_stream_pzruleformheadercomparewithdropdown_5a6bbe44f22d4e825400defd3fecf249.java,ra_stream_pzruleformheadercomparewithdropdown_5a6bbe44f22d4e825400defd3fecf249.java,pzruleformheadercomparewithdropdown
html_section,com/pegarules/generated/html_section/ra_stream_pzversionbannerdisplay_fcf42846aa0f2c9de59285e102a5579e.java,ra_stream_pzversionbannerdisplay_fcf42846aa0f2c9de59285e102a5579e.java,pzversionbannerdisplay
html_section,com/pegarules/generated/html_section/ra_stream_pydashboard7_efbb4f81c02a7b59e534142c4fcbbaff.java,ra_stream_pydashboard7_efbb4f81c02a7b59e534142c4fcbbaff.java,pydashboard7
html_section,com/pegarules/generated/html_section/ra_stream_pzsearchfieldworkresponsive_1aa702e14f347e19fc9330e290f772b7.java,ra_stream_pzsearchfieldworkresponsive_1aa702e14f347e19fc9330e290f772b7.java,pzsearchfieldworkresponsive
html_section,com/pegarules/generated/html_section/ra_stream_pzpersonaavatar_17f6e331b24a150c4e990678db458d6e.java,ra_stream_pzpersonaavatar_17f6e331b24a150c4e990678db458d6e.java,pzpersonaavatar
html_section,com/pegarules/generated/html_section/ra_stream_pyworkgrouplist_2ec2b813b9b10b8ae2728c409f974dd0.java,ra_stream_pyworkgrouplist_2ec2b813b9b10b8ae2728c409f974dd0.java,pyworkgrouplist
html_section,com/pegarules/generated/html_section/ra_stream_pyworkgroupmemberdetail_6200ff29a7d0fb16ca392be6176e64c3.java,ra_stream_pyworkgroupmemberdetail_6200ff29a7d0fb16ca392be6176e64c3.java,pyworkgroupmemberdetail
html_section,com/pegarules/generated/html_section/ra_stream_pyportalcontent_0bb058a44f37ec4f29c3d2c493d4f1a0.java,ra_stream_pyportalcontent_0bb058a44f37ec4f29c3d2c493d4f1a0.java,pyportalcontent
html_section,com/pegarules/generated/html_section/ra_stream_dynamicuinoncalc_398bbc5dcb06b7809421fbe99daf50e3.java,ra_stream_dynamicuinoncalc_398bbc5dcb06b7809421fbe99daf50e3.java,dynamicuinoncalc
html_section,com/pegarules/generated/html_section/ra_stream_pzaccessgroups_37d4e38cc7520d97652a2c79bb32534d.java,ra_stream_pzaccessgroups_37d4e38cc7520d97652a2c79bb32534d.java,pzaccessgroups
html_section,com/pegarules/generated/html_section/ra_stream_collectinformation_0790e276ba85a02e3237998eb848d104.java,ra_stream_collectinformation_0790e276ba85a02e3237998eb848d104.java,collectinformation
html_section,com/pegarules/generated/html_section/ra_stream_pzsteps_b7466ce9b682efaa4b92363077cd403c.java,ra_stream_pzsteps_b7466ce9b682efaa4b92363077cd403c.java,pzsteps
html_section,com/pegarules/generated/html_section/ra_stream_pzmodaleditorbuttons_9567c13db50a8b3fb84062b56c90ad7c.java,ra_stream_pzmodaleditorbuttons_9567c13db50a8b3fb84062b56c90ad7c.java,pzmodaleditorbuttons
html_section,com/pegarules/generated/html_section/ra_stream_actionnewtop_f09d788053929e68728fd8c878420bbf.java,ra_stream_actionnewtop_f09d788053929e68728fd8c878420bbf.java,actionnewtop
html_section,com/pegarules/generated/html_section/ra_stream_pznodeslist_e116956231f4d32d299f4ba5f754ebab.java,ra_stream_pznodeslist_e116956231f4d32d299f4ba5f754ebab.java,pznodeslist
html_section,com/pegarules/generated/html_section/ra_stream_pzcasetypestageentrycriteria_915318b84dbca2186cf0bb4761f72bcf.java,ra_stream_pzcasetypestageentrycriteria_915318b84dbca2186cf0bb4761f72bcf.java,pzcasetypestageentrycriteria
html_section,com/pegarules/generated/html_section/ra_stream_pyworddocasdescriptionlink_f2caa520d2249361b70b68e26c9310f9.java,ra_stream_pyworddocasdescriptionlink_f2caa520d2249361b70b68e26c9310f9.java,pyworddocasdescriptionlink
html_section,com/pegarules/generated/html_section/ra_stream_ruleformsettings_25a88e28467422731e4edcc0b80ea85d.java,ra_stream_ruleformsettings_25a88e28467422731e4edcc0b80ea85d.java,ruleformsettings
html_section,com/pegarules/generated/html_section/ra_stream_pyfollowingwidgetactions_874940adb27a10a3200eca90ae7efc22.java,ra_stream_pyfollowingwidgetactions_874940adb27a10a3200eca90ae7efc22.java,pyfollowingwidgetactions
html_section,com/pegarules/generated/html_section/ra_stream_pznotificationscount_7642578411512c236f81ee6069f8ca8c.java,ra_stream_pznotificationscount_7642578411512c236f81ee6069f8ca8c.java,pznotificationscount
html_section,com/pegarules/generated/html_section/ra_stream_ruleformlayout_f5ff88cfa63f17dfc245e4cbe15011e5.java,ra_stream_ruleformlayout_f5ff88cfa63f17dfc245e4cbe15011e5.java,ruleformlayout
html_section,com/pegarules/generated/html_section/ra_stream_pyfeed_aba9ffe80cf8d25a82a41917369151f9.java,ra_stream_pyfeed_aba9ffe80cf8d25a82a41917369151f9.java,pyfeed
html_section,com/pegarules/generated/html_section/ra_stream_pxruleformlocalvariables_5140b51f648d8b73dc3afa6cf6149abb.java,ra_stream_pxruleformlocalvariables_5140b51f648d8b73dc3afa6cf6149abb.java,pxruleformlocalvariables
html_section,com/pegarules/generated/html_section/ra_stream_pymodaltemplate_ed795f4c3cc611efdc21e3b7601c691a.java,ra_stream_pymodaltemplate_ed795f4c3cc611efdc21e3b7601c691a.java,pymodaltemplate
html_section,com/pegarules/generated/html_section/ra_stream_pzruleformmaininclude_9167a0092c3f520b9260603f07f1c081.java,ra_stream_pzruleformmaininclude_9167a0092c3f520b9260603f07f1c081.java,pzruleformmaininclude
html_section,com/pegarules/generated/html_section/ra_stream_pzabouthelp_8390748e469966c34d2414ec3c2b9b01.java,ra_stream_pzabouthelp_8390748e469966c34d2414ec3c2b9b01.java,pzabouthelp
html_section,com/pegarules/generated/html_section/ra_stream_pydashboardwidget_ad14a69429b5476bfd23ae5a5d99ced1.java,ra_stream_pydashboardwidget_ad14a69429b5476bfd23ae5a5d99ced1.java,pydashboardwidget
html_section,com/pegarules/generated/html_section/ra_stream_pzscreenflowproperties_a50b5b9c7cd015a3e24be496b000d186.java,ra_stream_pzscreenflowproperties_a50b5b9c7cd015a3e24be496b000d186.java,pzscreenflowproperties
html_section,com/pegarules/generated/html_section/ra_stream_pyexpresslpheadertitle_bb52c45204f17fefa046337e4e40c980.java,ra_stream_pyexpresslpheadertitle_bb52c45204f17fefa046337e4e40c980.java,pyexpresslpheadertitle
html_section,com/pegarules/generated/html_section/ra_stream_pypreviewpaneldetails_ee1b216be6416a3306b7a928b26c0271.java,ra_stream_pypreviewpaneldetails_ee1b216be6416a3306b7a928b26c0271.java,pypreviewpaneldetails
html_section,com/pegarules/generated/html_section/ra_stream_pzruleinstances_836a87f076a48630ed3ad089c888a2b8.java,ra_stream_pzruleinstances_836a87f076a48630ed3ad089c888a2b8.java,pzruleinstances
html_section,com/pegarules/generated/html_section/ra_stream_pzruleformlocalparametersscript_d9521e0176bccf521bdb05ed65a6d954.java,ra_stream_pzruleformlocalparametersscript_d9521e0176bccf521bdb05ed65a6d954.java,pzruleformlocalparametersscript
html_section,com/pegarules/generated/html_section/ra_stream_pzsetcategorylistparam_5660e10b253a42a40357171343eb929a.java,ra_stream_pzsetcategorylistparam_5660e10b253a42a40357171343eb929a.java,pzsetcategorylistparam
html_section,com/pegarules/generated/html_section/ra_stream_pzdiscovergadget_94d137b0343d887f81e5f57d547ff3d8.java,ra_stream_pzdiscovergadget_94d137b0343d887f81e5f57d547ff3d8.java,pzdiscovergadget
html_section,com/pegarules/generated/html_section/ra_stream_pyrecents_d75d9924d81182c086f021c9899e932b.java,ra_stream_pyrecents_d75d9924d81182c086f021c9899e932b.java,pyrecents
html_section,com/pegarules/generated/html_section/ra_stream_pznamepropertiessection_d264d4d85ef62c5c0b0714d9bcb8b2a5.java,ra_stream_pznamepropertiessection_d264d4d85ef62c5c0b0714d9bcb8b2a5.java,pznamepropertiessection
html_section,com/pegarules/generated/html_section/ra_stream_pzrfrunselected_f1c5ac5921696cd761ff682ae479581c.java,ra_stream_pzrfrunselected_f1c5ac5921696cd761ff682ae479581c.java,pzrfrunselected
html_section,com/pegarules/generated/html_section/ra_stream_pyharnesshiddenvalues_7228511f923e743171b8990e731eed43.java,ra_stream_pyharnesshiddenvalues_7228511f923e743171b8990e731eed43.java,pyharnesshiddenvalues
html_section,com/pegarules/generated/html_section/ra_stream_pzlocalactionprompt_ecde13a1592594db266361b5fe022026.java,ra_stream_pzlocalactionprompt_ecde13a1592594db266361b5fe022026.java,pzlocalactionprompt
html_section,com/pegarules/generated/html_section/ra_stream_pyworkgroupmembers_276e444d9b083ce75c12272425eda688.java,ra_stream_pyworkgroupmembers_276e444d9b083ce75c12272425eda688.java,pyworkgroupmembers
html_section,com/pegarules/generated/html_section/ra_stream_pzutilitytab_2565166500f7a4a3dcb2211b06b483c9.java,ra_stream_pzutilitytab_2565166500f7a4a3dcb2211b06b483c9.java,pzutilitytab
html_section,com/pegarules/generated/html_section/ra_stream_pzruleset_rulemanagement_715d0d8244e7aabf4f583de869f1f95e.java,ra_stream_pzruleset_rulemanagement_715d0d8244e7aabf4f583de869f1f95e.java,pzruleset rulemanagement
html_section,com/pegarules/generated/html_section/ra_stream_pycategoryentrylabel_8e27e94dc9a57c2af5ad9e35ae2aa66c.java,ra_stream_pycategoryentrylabel_8e27e94dc9a57c2af5ad9e35ae2aa66c.java,pycategoryentrylabel
html_section,com/pegarules/generated/html_section/ra_stream_pzshowrulesforrulesetversion_62c9eebf95787ec5793542d6d5f952bc.java,ra_stream_pzshowrulesforrulesetversion_62c9eebf95787ec5793542d6d5f952bc.java,pzshowrulesforrulesetversion
html_section,com/pegarules/generated/html_section/ra_stream_pzselectvaluesfordatatransform_e059836da5bd4afe8cc8635c9ae7836e.java,ra_stream_pzselectvaluesfordatatransform_e059836da5bd4afe8cc8635c9ae7836e.java,pzselectvaluesfordatatransform
html_section,com/pegarules/generated/html_section/ra_stream_pzcoexistencecasemap_93059f18aab88e11cc525a34c67e0cc7.java,ra_stream_pzcoexistencecasemap_93059f18aab88e11cc525a34c67e0cc7.java,pzcoexistencecasemap
html_section,com/pegarules/generated/html_section/ra_stream_ruleformhistory_12f4b5016997661fa32aae4f241cacb8.java,ra_stream_ruleformhistory_12f4b5016997661fa32aae4f241cacb8.java,ruleformhistory
html_section,com/pegarules/generated/html_section/ra_stream_utilitynoresultsmessage_58c47ffe37bc4107ea5be87020f32699.java,ra_stream_utilitynoresultsmessage_58c47ffe37bc4107ea5be87020f32699.java,utilitynoresultsmessage
html_section,com/pegarules/generated/html_section/ra_stream_pxcopiedapplicationurl_3e7a135f6ff9b029372a0bc3970a6a86.java,ra_stream_pxcopiedapplicationurl_3e7a135f6ff9b029372a0bc3970a6a86.java,pxcopiedapplicationurl
html_section,com/pegarules/generated/html_section/ra_stream_pzconfigureadditionalfieldinfo_f30efaad9704fabf5ae4def70dc85fd9.java,ra_stream_pzconfigureadditionalfieldinfo_f30efaad9704fabf5ae4def70dc85fd9.java,pzconfigureadditionalfieldinfo
html_section,com/pegarules/generated/html_section/ra_stream_pzaccessgroupsroles_a000629a70227088d4359c713db5687f.java,ra_stream_pzaccessgroupsroles_a000629a70227088d4359c713db5687f.java,pzaccessgroupsroles
html_section,com/pegarules/generated/html_section/ra_stream_pyopenassignmentskeleton_f599c78b8fe36a163fcd31d4584d168b.java,ra_stream_pyopenassignmentskeleton_f599c78b8fe36a163fcd31d4584d168b.java,pyopenassignmentskeleton
html_section,com/pegarules/generated/html_section/ra_stream_pynofeed_b7a534b8a87a9ee387b757af8816909b.java,ra_stream_pynofeed_b7a534b8a87a9ee387b757af8816909b.java,pynofeed
html_section,com/pegarules/generated/html_section/ra_stream_pzaccesssettings_f1d7fd77e3e512e5b435c38e080e2b43.java,ra_stream_pzaccesssettings_f1d7fd77e3e512e5b435c38e080e2b43.java,pzaccesssettings
html_section,com/pegarules/generated/html_section/ra_stream_portalnavigation_0e929597ce5aecdcfb4aae64ab97ac7e.java,ra_stream_portalnavigation_0e929597ce5aecdcfb4aae64ab97ac7e.java,portalnavigation
html_section,com/pegarules/generated/html_section/ra_stream_pzsimplecasestageandlabeldisplay_92f36a6655ea361acbc7ea40f1522f4a.java,ra_stream_pzsimplecasestageandlabeldisplay_92f36a6655ea361acbc7ea40f1522f4a.java,pzsimplecasestageandlabeldisplay
html_section,com/pegarules/generated/html_section/ra_stream_pzgridcategoryheaderforac_1223eb47b3591b1f01a09275742c8cc5.java,ra_stream_pzgridcategoryheaderforac_1223eb47b3591b1f01a09275742c8cc5.java,pzgridcategoryheaderforac
html_section,com/pegarules/generated/html_section/ra_stream_pzpropertypanelwrapper_7c1f68fe78453c8eb67cad3b4ac6c509.java,ra_stream_pzpropertypanelwrapper_7c1f68fe78453c8eb67cad3b4ac6c509.java,pzpropertypanelwrapper
html_section,com/pegarules/generated/html_section/ra_stream_pzshowconfigureform_3da211f713541dd4ec10b9eb48fcbd36.java,ra_stream_pzshowconfigureform_3da211f713541dd4ec10b9eb48fcbd36.java,pzshowconfigureform
html_section,com/pegarules/generated/html_section/ra_stream_pzapplicationexplorer_463f3d57e25f8d71bf19f997d8fdaf8c.java,ra_stream_pzapplicationexplorer_463f3d57e25f8d71bf19f997d8fdaf8c.java,pzapplicationexplorer
html_section,com/pegarules/generated/html_section/ra_stream_pzpropertypanelinner_2ff5ad8edec612161a6bdc3c588e80f7.java,ra_stream_pzpropertypanelinner_2ff5ad8edec612161a6bdc3c588e80f7.java,pzpropertypanelinner
html_section,com/pegarules/generated/html_section/ra_stream_pydashboardwidget_cf6c4f08ba85c93a97daf94bf6f181d0.java,ra_stream_pydashboardwidget_cf6c4f08ba85c93a97daf94bf6f181d0.java,pydashboardwidget
html_section,com/pegarules/generated/html_section/ra_stream_pzsteplabelandspeclink_b37f917fe6b5254720dd70457f8f8ed6.java,ra_stream_pzsteplabelandspeclink_b37f917fe6b5254720dd70457f8f8ed6.java,pzsteplabelandspeclink
html_section,com/pegarules/generated/html_section/ra_stream_pzpicklistprompttablelistinput_796d289e1fad562c4fcd57e9a5e1a263.java,ra_stream_pzpicklistprompttablelistinput_796d289e1fad562c4fcd57e9a5e1a263.java,pzpicklistprompttablelistinput
html_section,com/pegarules/generated/html_section/ra_stream_pzcaseexplorersearch_b2732c9fd30c73946cbf2e1a224ac8c9.java,ra_stream_pzcaseexplorersearch_b2732c9fd30c73946cbf2e1a224ac8c9.java,pzcaseexplorersearch
html_section,com/pegarules/generated/html_section/ra_stream_pypreviewbuttonsection_8eefc5c293c109513808669812703607.java,ra_stream_pypreviewbuttonsection_8eefc5c293c109513808669812703607.java,pypreviewbuttonsection
html_section,com/pegarules/generated/html_section/ra_stream_pycaseactionarea_467541e156827bd5c86467a99670ee06.java,ra_stream_pycaseactionarea_467541e156827bd5c86467a99670ee06.java,pycaseactionarea
html_section,com/pegarules/generated/html_section/ra_stream_pylocationfieldoptional_d3ea595b228822894cfd5201a2a1ed41.java,ra_stream_pylocationfieldoptional_d3ea595b228822894cfd5201a2a1ed41.java,pylocationfieldoptional
html_section,com/pegarules/generated/html_section/ra_stream_pzconfigurefieldsinner_fbbc9e941e9096e2b9d47bd0e1fb5108.java,ra_stream_pzconfigurefieldsinner_fbbc9e941e9096e2b9d47bd0e1fb5108.java,pzconfigurefieldsinner
html_section,com/pegarules/generated/html_section/ra_stream_pzfieldsentryrow_b036d2bfe8e371668087e99a7bc80552.java,ra_stream_pzfieldsentryrow_b036d2bfe8e371668087e99a7bc80552.java,pzfieldsentryrow
html_section,com/pegarules/generated/html_section/ra_stream_pzgeneralsettingconcrete_865272e59280cdf32c5388acedd93725.java,ra_stream_pzgeneralsettingconcrete_865272e59280cdf32c5388acedd93725.java,pzgeneralsettingconcrete
html_section,com/pegarules/generated/html_section/ra_stream_pyexpresslpdonesection_a88077d0aeff35d83b0429fd7db524db.java,ra_stream_pyexpresslpdonesection_a88077d0aeff35d83b0429fd7db524db.java,pyexpresslpdonesection
html_section,com/pegarules/generated/html_section/ra_stream_pydeploymentmanager_f32510a5820eaaa13182146a749e7eb5.java,ra_stream_pydeploymentmanager_f32510a5820eaaa13182146a749e7eb5.java,pydeploymentmanager
html_section,com/pegarules/generated/html_section/ra_stream_pxpegawidgets_f4d7263adf42b916382e177d38a954b4.java,ra_stream_pxpegawidgets_f4d7263adf42b916382e177d38a954b4.java,pxpegawidgets
html_section,com/pegarules/generated/html_section/ra_stream_pznobusinessobjectiverows_9460f250c009cc6660c4ab2c485e54e5.java,ra_stream_pznobusinessobjectiverows_9460f250c009cc6660c4ab2c485e54e5.java,pznobusinessobjectiverows
html_section,com/pegarules/generated/html_section/ra_stream_pydashboardright_fed6f5d8fab9917b1bc59cc4d0f0e2f9.java,ra_stream_pydashboardright_fed6f5d8fab9917b1bc59cc4d0f0e2f9.java,pydashboardright
html_section,com/pegarules/generated/html_section/ra_stream_casetags_466d6b6ce1fe2b696fbb8392d83e13b8.java,ra_stream_casetags_466d6b6ce1fe2b696fbb8392d83e13b8.java,casetags
html_section,com/pegarules/generated/html_section/ra_stream_pzlisttoggles_60de9495f85294411d18236d05ddcba1.java,ra_stream_pzlisttoggles_60de9495f85294411d18236d05ddcba1.java,pzlisttoggles
html_section,com/pegarules/generated/html_section/ra_stream_localeheadertitle_a8a9beb080ff72e6ea35211ce1e5eb72.java,ra_stream_localeheadertitle_a8a9beb080ff72e6ea35211ce1e5eb72.java,localeheadertitle
html_section,com/pegarules/generated/html_section/ra_stream_pzprivileges_dd13b7c9808eede04317e4f034b41e03.java,ra_stream_pzprivileges_dd13b7c9808eede04317e4f034b41e03.java,pzprivileges
html_section,com/pegarules/generated/html_section/ra_stream_pygridnoresultsmessage_5785e97b7eb29bf7d6016292446b2021.java,ra_stream_pygridnoresultsmessage_5785e97b7eb29bf7d6016292446b2021.java,pygridnoresultsmessage
html_section,com/pegarules/generated/html_section/ra_stream_pztoolbarlikelihood_2942d4ab075d9f5f79b6c968c4bd1832.java,ra_stream_pztoolbarlikelihood_2942d4ab075d9f5f79b6c968c4bd1832.java,pztoolbarlikelihood
html_section,com/pegarules/generated/html_section/ra_stream_dynamicuifieldscontentreadonly_5ed86883a6c5d14a87d7ae2bb36a850a.java,ra_stream_dynamicuifieldscontentreadonly_5ed86883a6c5d14a87d7ae2bb36a850a.java,dynamicuifieldscontentreadonly
html_section,com/pegarules/generated/html_section/ra_stream_pzruleset_listrulesetversions_354d692653ec65ac0246758f3f137e0a.java,ra_stream_pzruleset_listrulesetversions_354d692653ec65ac0246758f3f137e0a.java,pzruleset listrulesetversions
html_section,com/pegarules/generated/html_section/ra_stream_pzsubstitutedetails_f24ef9d643fe329634cc670136357ef4.java,ra_stream_pzsubstitutedetails_f24ef9d643fe329634cc670136357ef4.java,pzsubstitutedetails
html_section,com/pegarules/generated/html_section/ra_stream_pycaseinformation_df56123903436765a095d6e4ca47ff78.java,ra_stream_pycaseinformation_df56123903436765a095d6e4ca47ff78.java,pycaseinformation
html_section,com/pegarules/generated/html_section/ra_stream_actionnewtop_9a85b3372222da1d9a0f7e840722cda4.java,ra_stream_actionnewtop_9a85b3372222da1d9a0f7e840722cda4.java,actionnewtop
html_section,com/pegarules/generated/html_section/ra_stream_ruleformlayout_69047f7cd46bf09bbab2dfbc0b9d1efc.java,ra_stream_ruleformlayout_69047f7cd46bf09bbab2dfbc0b9d1efc.java,ruleformlayout
html_section,com/pegarules/generated/html_section/ra_stream_pzaccessgroupdefinition_141d690519d4b2386ed091b73e922706.java,ra_stream_pzaccessgroupdefinition_141d690519d4b2386ed091b73e922706.java,pzaccessgroupdefinition
html_section,com/pegarules/generated/html_section/ra_stream_pzwizardconfiguration_49be77f0decdaf9ab6a9be00ad11d3a0.java,ra_stream_pzwizardconfiguration_49be77f0decdaf9ab6a9be00ad11d3a0.java,pzwizardconfiguration
html_section,com/pegarules/generated/html_section/ra_stream_pxbrowseproperties_7dc8d8a1333ef66ab472c7b848632d24.java,ra_stream_pxbrowseproperties_7dc8d8a1333ef66ab472c7b848632d24.java,pxbrowseproperties
html_section,com/pegarules/generated/html_section/ra_stream_pzrulemarkedasrelevantnotification_5ff77605ec59a77cecd4a8e92bd21637.java,ra_stream_pzrulemarkedasrelevantnotification_5ff77605ec59a77cecd4a8e92bd21637.java,pzrulemarkedasrelevantnotification
html_section,com/pegarules/generated/html_section/ra_stream_homeworklistorqueueitem_722fb651ef08719312f2f13fb403cb7e.java,ra_stream_homeworklistorqueueitem_722fb651ef08719312f2f13fb403cb7e.java,homeworklistorqueueitem
html_section,com/pegarules/generated/html_section/ra_stream_pzrarecordconfiguration_3e4a0d1caa2d6e8358fc6f30ceb84df2.java,ra_stream_pzrarecordconfiguration_3e4a0d1caa2d6e8358fc6f30ceb84df2.java,pzrarecordconfiguration
html_section,com/pegarules/generated/html_section/ra_stream_ruleformsettings_4827d82d9e647b14241ce15a671997ad.java,ra_stream_ruleformsettings_4827d82d9e647b14241ce15a671997ad.java,ruleformsettings
html_section,com/pegarules/generated/html_section/ra_stream_pzharnessfailmain_4ef31beb3fd661616fe229977a7f73f3.java,ra_stream_pzharnessfailmain_4ef31beb3fd661616fe229977a7f73f3.java,pzharnessfailmain
html_section,com/pegarules/generated/html_section/ra_stream_pzsimplestagedisplay_9b212eb6d1a91802b825902465ccc753.java,ra_stream_pzsimplestagedisplay_9b212eb6d1a91802b825902465ccc753.java,pzsimplestagedisplay
html_section,com/pegarules/generated/html_section/ra_stream_pysetstatusresolved_b61ed0e8207b0336631dbac367c464f0.java,ra_stream_pysetstatusresolved_b61ed0e8207b0336631dbac367c464f0.java,pysetstatusresolved
html_section,com/pegarules/generated/html_section/ra_stream_ruleformlayout_ed241cc272b9d40cc096b46f3c060ad8.java,ra_stream_ruleformlayout_ed241cc272b9d40cc096b46f3c060ad8.java,ruleformlayout
html_section,com/pegarules/generated/html_section/ra_stream_ruleformsettings_9d9a9b15ad59135948ba182599461713.java,ra_stream_ruleformsettings_9d9a9b15ad59135948ba182599461713.java,ruleformsettings
html_section,com/pegarules/generated/html_section/ra_stream_dynamicuiforcalculated_54cbb5a1cf360b85d199a5d028e4eb08.java,ra_stream_dynamicuiforcalculated_54cbb5a1cf360b85d199a5d028e4eb08.java,dynamicuiforcalculated
html_section,com/pegarules/generated/html_section/ra_stream_pzcasedataobjects_73a29356ab2781592706ffc6ef1d9dba.java,ra_stream_pzcasedataobjects_73a29356ab2781592706ffc6ef1d9dba.java,pzcasedataobjects
html_section,com/pegarules/generated/html_section/ra_stream_pyfollowingwidget_8631c7649bc25d4586119cb94496aaea.java,ra_stream_pyfollowingwidget_8631c7649bc25d4586119cb94496aaea.java,pyfollowingwidget
html_section,com/pegarules/generated/html_section/ra_stream_pzruleformtoolbarhotkeys_48c27ef3080dffcd0c434fcd9dee4783.java,ra_stream_pzruleformtoolbarhotkeys_48c27ef3080dffcd0c434fcd9dee4783.java,pzruleformtoolbarhotkeys
html_section,com/pegarules/generated/html_section/ra_stream_pzactivityparamarraycustom_eac28eaa6d58a61b8a9423c8cae12b52.java,ra_stream_pzactivityparamarraycustom_eac28eaa6d58a61b8a9423c8cae12b52.java,pzactivityparamarraycustom
html_section,com/pegarules/generated/html_section/ra_stream_pzdefinition_bfc5424d4c1f338fe9438f6d17b8b358.java,ra_stream_pzdefinition_bfc5424d4c1f338fe9438f6d17b8b358.java,pzdefinition
html_section,com/pegarules/generated/html_section/ra_stream_pycategorylistentryaction_0932b89d89eb9591e807cd9b90ca01b5.java,ra_stream_pycategorylistentryaction_0932b89d89eb9591e807cd9b90ca01b5.java,pycategorylistentryaction
html_section,com/pegarules/generated/html_section/ra_stream_pxselecttheme_358e4b5c3d277e2a7fe70656883b470d.java,ra_stream_pxselecttheme_358e4b5c3d277e2a7fe70656883b470d.java,pxselecttheme
html_section,com/pegarules/generated/html_section/ra_stream_pycreatecasefooter_e6c99e94be0378498dc5abf265fd0d66.java,ra_stream_pycreatecasefooter_e6c99e94be0378498dc5abf265fd0d66.java,pycreatecasefooter
html_section,com/pegarules/generated/html_section/ra_stream_pzunittestcases_1679af0a2d7f73f1f6f39a6d26949474.java,ra_stream_pzunittestcases_1679af0a2d7f73f1f6f39a6d26949474.java,pzunittestcases
html_section,com/pegarules/generated/html_section/ra_stream_customfields_f61124571dd0e0fcaa7cd27680859852.java,ra_stream_customfields_f61124571dd0e0fcaa7cd27680859852.java,customfields
html_section,com/pegarules/generated/html_section/ra_stream_pyworkbasketassgncount_5350c2176a5bdad8c1bfc061a32a0c54.java,ra_stream_pyworkbasketassgncount_5350c2176a5bdad8c1bfc061a32a0c54.java,pyworkbasketassgncount
html_section,com/pegarules/generated/html_section/ra_stream_pzexpressheaderdevassisticon_f0353f06331d39037a25c50c980da79c.java,ra_stream_pzexpressheaderdevassisticon_f0353f06331d39037a25c50c980da79c.java,pzexpressheaderdevassisticon
html_section,com/pegarules/generated/html_section/ra_stream_pzappexplorertreegridandfilter_0f781f8132736f44ef23b03c08831391.java,ra_stream_pzappexplorertreegridandfilter_0f781f8132736f44ef23b03c08831391.java,pzappexplorertreegridandfilter
html_section,com/pegarules/generated/html_section/ra_stream_imagesection_c06468f6d52f334d99676edc45a8c67e.java,ra_stream_imagesection_c06468f6d52f334d99676edc45a8c67e.java,imagesection
html_section,com/pegarules/generated/html_section/ra_stream_pzadminstudiopanel_823d4b50b33460193f8e6b3c4a70124f.java,ra_stream_pzadminstudiopanel_823d4b50b33460193f8e6b3c4a70124f.java,pzadminstudiopanel
html_section,com/pegarules/generated/html_section/ra_stream_pyautomaticallygeneratedcasedetails_ad1375e24146690f506b290506cc1b8d.java,ra_stream_pyautomaticallygeneratedcasedetails_ad1375e24146690f506b290506cc1b8d.java,pyautomaticallygeneratedcasedetails
html_section,com/pegarules/generated/html_section/ra_stream_pzlpoperators_57c2cb81f4184b437145d9293e9101f1.java,ra_stream_pzlpoperators_57c2cb81f4184b437145d9293e9101f1.java,pzlpoperators
html_section,com/pegarules/generated/html_section/ra_stream_pzpropertyvalidationsection_3e69f6e2e989345a98d893beb27e7a99.java,ra_stream_pzpropertyvalidationsection_3e69f6e2e989345a98d893beb27e7a99.java,pzpropertyvalidationsection
html_section,com/pegarules/generated/html_section/ra_stream_pyapplauncher_fee1d52e8d4b33093a48d127ed956551.java,ra_stream_pyapplauncher_fee1d52e8d4b33093a48d127ed956551.java,pyapplauncher
html_section,com/pegarules/generated/html_section/ra_stream_pycasedesignerlptitleremote_ee0ccd93e42d71462380baeda2286755.java,ra_stream_pycasedesignerlptitleremote_ee0ccd93e42d71462380baeda2286755.java,pycasedesignerlptitleremote
html_section,com/pegarules/generated/html_section/ra_stream_pzeditapplicationdetails_31218d1d6d5ff08ad82b67582566f92f.java,ra_stream_pzeditapplicationdetails_31218d1d6d5ff08ad82b67582566f92f.java,pzeditapplicationdetails
html_section,com/pegarules/generated/html_section/ra_stream_pzsecuritysettings_53dc60ba7eef67a4629bff32c110344f.java,ra_stream_pzsecuritysettings_53dc60ba7eef67a4629bff32c110344f.java,pzsecuritysettings
html_section,com/pegarules/generated/html_section/ra_stream_pzparamscustom_86602cb3fb3ca004e005f7ef6fbdd4fb.java,ra_stream_pzparamscustom_86602cb3fb3ca004e005f7ef6fbdd4fb.java,pzparamscustom
html_section,com/pegarules/generated/html_section/ra_stream_pxdisplaystagesreportprocesses_a011523f2ebc9a5522ad1ccf663b04f4.java,ra_stream_pxdisplaystagesreportprocesses_a011523f2ebc9a5522ad1ccf663b04f4.java,pxdisplaystagesreportprocesses
html_section,com/pegarules/generated/html_section/ra_stream_pzconfigureadvancedsettings_d2011984376a2897c850f4bb6497d30e.java,ra_stream_pzconfigureadvancedsettings_d2011984376a2897c850f4bb6497d30e.java,pzconfigureadvancedsettings
html_section,com/pegarules/generated/html_section/ra_stream_dynamicui_cf83403388be9f9cce0adf4aa94749bf.java,ra_stream_dynamicui_cf83403388be9f9cce0adf4aa94749bf.java,dynamicui
html_section,com/pegarules/generated/html_section/ra_stream_pzmodalabouthelp_1af541d673bd038263174f4cd35457be.java,ra_stream_pzmodalabouthelp_1af541d673bd038263174f4cd35457be.java,pzmodalabouthelp
html_section,com/pegarules/generated/html_section/ra_stream_pzorgdivunit_eebcee2ce17a0def4ff6b5f0cee36f2c.java,ra_stream_pzorgdivunit_eebcee2ce17a0def4ff6b5f0cee36f2c.java,pzorgdivunit
html_section,com/pegarules/generated/html_section/ra_stream_pzmyapps_a429552e2ae6618047887f8550afcba1.java,ra_stream_pzmyapps_a429552e2ae6618047887f8550afcba1.java,pzmyapps
html_section,com/pegarules/generated/html_section/ra_stream_pzbranchtreegrid_6d341362e439c7d773785271c44d9f7c.java,ra_stream_pzbranchtreegrid_6d341362e439c7d773785271c44d9f7c.java,pzbranchtreegrid
html_section,com/pegarules/generated/html_section/ra_stream_casedetails_e5055def8a71dd7914b139ad174552c0.java,ra_stream_casedetails_e5055def8a71dd7914b139ad174552c0.java,casedetails
html_section,com/pegarules/generated/html_section/ra_stream_pzruleset_securityinclude_e73e6dc1a8dcc6ca0b430102b02aa8e1.java,ra_stream_pzruleset_securityinclude_e73e6dc1a8dcc6ca0b430102b02aa8e1.java,pzruleset securityinclude
html_section,com/pegarules/generated/html_section/ra_stream_pyrulecreationwarning_c3affc681def138dec30bb776f4bb454.java,ra_stream_pyrulecreationwarning_c3affc681def138dec30bb776f4bb454.java,pyrulecreationwarning
html_section,com/pegarules/generated/html_section/ra_stream_pzapplicationbusinessobjectives_3006b7e3091893b9b8597d760247cd6c.java,ra_stream_pzapplicationbusinessobjectives_3006b7e3091893b9b8597d760247cd6c.java,pzapplicationbusinessobjectives
html_section,com/pegarules/generated/html_section/ra_stream_rdlnoresultsmessage_f56a8e0a9db9b5291787bbe165ba3f53.java,ra_stream_rdlnoresultsmessage_f56a8e0a9db9b5291787bbe165ba3f53.java,rdlnoresultsmessage
html_section,com/pegarules/generated/html_section/ra_stream_pzdefinition_e49839bec395a8ed8938c8267571eac6.java,ra_stream_pzdefinition_e49839bec395a8ed8938c8267571eac6.java,pzdefinition
html_section,com/pegarules/generated/html_section/ra_stream_pyoverlaytemplate_8a99466e3a64276bd58d8c216fb48200.java,ra_stream_pyoverlaytemplate_8a99466e3a64276bd58d8c216fb48200.java,pyoverlaytemplate
html_section,com/pegarules/generated/html_section/ra_stream_pzsystemdetailsmain_3263db1e961fdf5515bfa3c2bafc674c.java,ra_stream_pzsystemdetailsmain_3263db1e961fdf5515bfa3c2bafc674c.java,pzsystemdetailsmain
trigger,com/pegarules/generated/trigger/ra_action_pzupdatereportshortcuts_73d245b07f4b065f96298685483e4f7c.java,ra_action_pzupdatereportshortcuts_73d245b07f4b065f96298685483e4f7c.java,pzupdatereportshortcuts
trigger,com/pegarules/generated/trigger/ra_action_populatestartingflowsforapplication_ab41e2a108ec4602d77e00b8e707ea9e.java,ra_action_populatestartingflowsforapplication_ab41e2a108ec4602d77e00b8e707ea9e.java,populatestartingflowsforapplication
trigger,com/pegarules/generated/trigger/ra_action_deletestartingflowsforflow_de2e9639836503b04896e73c2a62ed0a.java,ra_action_deletestartingflowsforflow_de2e9639836503b04896e73c2a62ed0a.java,deletestartingflowsforflow
trigger,com/pegarules/generated/trigger/ra_action_pztriggerdisablehistory_edfd577fc38a1f59e58a5b65183d3aa0.java,ra_action_pztriggerdisablehistory_edfd577fc38a1f59e58a5b65183d3aa0.java,pztriggerdisablehistory
trigger,com/pegarules/generated/trigger/ra_action_pztriggerdedicatedindeximport_325037b28dc9127ed318ed7cdfea79fb.java,ra_action_pztriggerdedicatedindeximport_325037b28dc9127ed318ed7cdfea79fb.java,pztriggerdedicatedindeximport
trigger,com/pegarules/generated/trigger/ra_action_pxtrackstatuses_47c3e8b53ba4814ca29bf55c0ec8e2fc.java,ra_action_pxtrackstatuses_47c3e8b53ba4814ca29bf55c0ec8e2fc.java,pxtrackstatuses
trigger,com/pegarules/generated/trigger/ra_action_pzonrecentupdated_a64e9b06c95a0bbc91fa56090b2cb481.java,ra_action_pzonrecentupdated_a64e9b06c95a0bbc91fa56090b2cb481.java,pzonrecentupdated
trigger,com/pegarules/generated/trigger/ra_action_pzcaptureworkobjectsforautomaticcleanup_78904be42d18919066a8ce2dce985df3.java,ra_action_pzcaptureworkobjectsforautomaticcleanup_78904be42d18919066a8ce2dce985df3.java,pzcaptureworkobjectsforautomaticcleanup
trigger,com/pegarules/generated/trigger/ra_action_pzrulecheckin_41422a50600b3dfc87f900428576891c.java,ra_action_pzrulecheckin_41422a50600b3dfc87f900428576891c.java,pzrulecheckin
trigger,com/pegarules/generated/trigger/ra_action_savecircumstanceindex_e95425ba8c0f120b20cf68c979cd22b2.java,ra_action_savecircumstanceindex_e95425ba8c0f120b20cf68c979cd22b2.java,savecircumstanceindex
trigger,com/pegarules/generated/trigger/ra_action_pzcapturedataobjectsforautomaticcleanup_de16ba9338123abd82bfc18ce5063af5.java,ra_action_pzcapturedataobjectsforautomaticcleanup_de16ba9338123abd82bfc18ce5063af5.java,pzcapturedataobjectsforautomaticcleanup
trigger,com/pegarules/generated/trigger/ra_action_pzruledelete_4bacfd1eead7d401c350a59111bbaa7d.java,ra_action_pzruledelete_4bacfd1eead7d401c350a59111bbaa7d.java,pzruledelete
trigger,com/pegarules/generated/trigger/ra_action_updatecoveredtasks_744b64fc1dedffcc1b34f74da55c413c.java,ra_action_updatecoveredtasks_744b64fc1dedffcc1b34f74da55c413c.java,updatecoveredtasks
trigger,com/pegarules/generated/trigger/ra_action_pzclearprocesscacheondelete_4a75436ed2471124f930f611e172f730.java,ra_action_pzclearprocesscacheondelete_4a75436ed2471124f930f611e172f730.java,pzclearprocesscacheondelete
trigger,com/pegarules/generated/trigger/ra_action_pzsaveimagedata_33a994b61c45a54282c6395c61d69e31.java,ra_action_pzsaveimagedata_33a994b61c45a54282c6395c61d69e31.java,pzsaveimagedata
trigger,com/pegarules/generated/trigger/ra_action_updateassignmentlabel_5338da22c74d26d26393556b82a14858.java,ra_action_updateassignmentlabel_5338da22c74d26d26393556b82a14858.java,updateassignmentlabel
trigger,com/pegarules/generated/trigger/ra_action_pzreassmbledeps_480d15c37e14960d6f53e288d6d994e3.java,ra_action_pzreassmbledeps_480d15c37e14960d6f53e288d6d994e3.java,pzreassmbledeps
trigger,com/pegarules/generated/trigger/ra_action_pzpushc11nassets_0d5ac8f8565d60942669d3a677499265.java,ra_action_pzpushc11nassets_0d5ac8f8565d60942669d3a677499265.java,pzpushc11nassets
trigger,com/pegarules/generated/trigger/ra_action_pysaveruleapplication_d0020e44b08ee259749c4852dd0b5b7f.java,ra_action_pysaveruleapplication_d0020e44b08ee259749c4852dd0b5b7f.java,pysaveruleapplication
trigger,com/pegarules/generated/trigger/ra_action_pzcreatereportshortcut_37151a9575687473f5a3dfa808d3e6f3.java,ra_action_pzcreatereportshortcut_37151a9575687473f5a3dfa808d3e6f3.java,pzcreatereportshortcut
trigger,com/pegarules/generated/trigger/ra_action_populatestartingflowsforflow_13d1300752bf0358ab86d5c33d359f97.java,ra_action_populatestartingflowsforflow_13d1300752bf0358ab86d5c33d359f97.java,populatestartingflowsforflow
trigger,com/pegarules/generated/trigger/ra_action_pzreconciletopcasekeytrigger_5b87d7886254d489e61f3eb9c3c3a170.java,ra_action_pzreconciletopcasekeytrigger_5b87d7886254d489e61f3eb9c3c3a170.java,pzreconciletopcasekeytrigger
trigger,com/pegarules/generated/trigger/ra_action_pztrackchangesonsave_4369fcd19ffb8f8e5996212bd83a7ec7.java,ra_action_pztrackchangesonsave_4369fcd19ffb8f8e5996212bd83a7ec7.java,pztrackchangesonsave
trigger,com/pegarules/generated/trigger/ra_action_pzpushjwktoc11nmsgsvc_a8fcdf28235e97af37ebc3cc3b3489db.java,ra_action_pzpushjwktoc11nmsgsvc_a8fcdf28235e97af37ebc3cc3b3489db.java,pzpushjwktoc11nmsgsvc
trigger,com/pegarules/generated/trigger/ra_action_pztrackchangesforcalculations_360c97f935c66d04bb7729b655546185.java,ra_action_pztrackchangesforcalculations_360c97f935c66d04bb7729b655546185.java,pztrackchangesforcalculations
trigger,com/pegarules/generated/trigger/ra_action_pzpushc11nasset_6c70571a92d770628f58b7dd2d26d18a.java,ra_action_pzpushc11nasset_6c70571a92d770628f58b7dd2d26d18a.java,pzpushc11nasset
trigger,com/pegarules/generated/trigger/ra_action_pznotifypmfapplicationcasetypeinfo_c8b144861d4b0c412d0f9ac2af0f16c7.java,ra_action_pznotifypmfapplicationcasetypeinfo_c8b144861d4b0c412d0f9ac2af0f16c7.java,pznotifypmfapplicationcasetypeinfo
trigger,com/pegarules/generated/trigger/ra_action_pzrulecheckout_8d0f21f5e408aee98946d619d42a2cd9.java,ra_action_pzrulecheckout_8d0f21f5e408aee98946d619d42a2cd9.java,pzrulecheckout
trigger,com/pegarules/generated/trigger/ra_action_deletecircumstanceindex_5499ac522bba273dcf709c520e17aedc.java,ra_action_deletecircumstanceindex_5499ac522bba273dcf709c520e17aedc.java,deletecircumstanceindex
trigger,com/pegarules/generated/trigger/ra_action_pzdeletereportshortcut_f3fc9022c31444b345611977b6909b6b.java,ra_action_pzdeletereportshortcut_f3fc9022c31444b345611977b6909b6b.java,pzdeletereportshortcut
trigger,com/pegarules/generated/trigger/ra_action_pznotifypmfapplicationcasetypedelete_a69e3013f6ca676beb2df8929c26d1d8.java,ra_action_pznotifypmfapplicationcasetypedelete_a69e3013f6ca676beb2df8929c26d1d8.java,pznotifypmfapplicationcasetypedelete
input,com/pegarules/generated/input/ra_input_handleselections_27a4d37958c5b0a14f88722a6e550401.java,ra_input_handleselections_27a4d37958c5b0a14f88722a6e550401.java,ra input handleselections
mapvalue,com/pegarules/generated/mapvalue/ra_action_validtransitions_f9bc745c88cb18ad097d48145725b37c.java,ra_action_validtransitions_f9bc745c88cb18ad097d48145725b37c.java,validtransitions
mapvalue,com/pegarules/generated/mapvalue/ra_action_toolbarpreviewbuttonforprop_f91dd08652f8e649990ed4c6298fd28d.java,ra_action_toolbarpreviewbuttonforprop_f91dd08652f8e649990ed4c6298fd28d.java,toolbarpreviewbuttonforprop
activity,com/pegarules/generated/activity/ra_action_pushqueueprocessorinfo_3b7b29f9f8279066b69c29f5fae54573.java,ra_action_pushqueueprocessorinfo_3b7b29f9f8279066b69c29f5fae54573.java,pushqueueprocessorinfo
activity,com/pegarules/generated/activity/ra_action_pxrename_a188e53cfe83c7966c13129f8e8a21e7.java,ra_action_pxrename_a188e53cfe83c7966c13129f8e8a21e7.java,pxrename
activity,com/pegarules/generated/activity/ra_action_pzloadappexplorerdata_c6b685a6580d0ba96c5f591054145a88.java,ra_action_pzloadappexplorerdata_c6b685a6580d0ba96c5f591054145a88.java,pzloadappexplorerdata
activity,com/pegarules/generated/activity/ra_action_pzloadcasewideoptionalprocesses_6813f9e3e1913f44f8ef102e51024a92.java,ra_action_pzloadcasewideoptionalprocesses_6813f9e3e1913f44f8ef102e51024a92.java,pzloadcasewideoptionalprocesses
activity,com/pegarules/generated/activity/ra_action_pyoneviewerbuildnodedescription_a12437e52a8244a580e4a99ba994f003.java,ra_action_pyoneviewerbuildnodedescription_a12437e52a8244a580e4a99ba994f003.java,pyoneviewerbuildnodedescription
activity,com/pegarules/generated/activity/ra_action_pzactivitysecurityerrors_1feba0bf09d4564adcd371ae2673d615.java,ra_action_pzactivitysecurityerrors_1feba0bf09d4564adcd371ae2673d615.java,pzactivitysecurityerrors
activity,com/pegarules/generated/activity/ra_action_pzloadcasedesigner_8c8b980377d4f58124c48f48671627bb.java,ra_action_pzloadcasedesigner_8c8b980377d4f58124c48f48671627bb.java,pzloadcasedesigner
activity,com/pegarules/generated/activity/ra_action_pzpurgenlpsummary_14dbf96c57f74a4b5b5fc4f2c3ec877b.java,ra_action_pzpurgenlpsummary_14dbf96c57f74a4b5b5fc4f2c3ec877b.java,pzpurgenlpsummary
activity,com/pegarules/generated/activity/ra_action_pyoneviewerbuildchildconnectionlist_4f41b9e68223914eae4181d1870f12bf.java,ra_action_pyoneviewerbuildchildconnectionlist_4f41b9e68223914eae4181d1870f12bf.java,pyoneviewerbuildchildconnectionlist
activity,com/pegarules/generated/activity/ra_action_pzremoveoutputpages_d5565e0c4a3f7758f6f9a8947d102dd9.java,ra_action_pzremoveoutputpages_d5565e0c4a3f7758f6f9a8947d102dd9.java,pzremoveoutputpages
activity,com/pegarules/generated/activity/ra_action_pzgetactivitytypes_b6e5abbc50bf8e67acf36787b709484b.java,ra_action_pzgetactivitytypes_b6e5abbc50bf8e67acf36787b709484b.java,pzgetactivitytypes
activity,com/pegarules/generated/activity/ra_action_pzvalidateappservicepackage_bf4d1176b23f02579238615453727e40.java,ra_action_pzvalidateappservicepackage_bf4d1176b23f02579238615453727e40.java,pzvalidateappservicepackage
activity,com/pegarules/generated/activity/ra_action_pzvalidateparameters_78a5baa6f23b8c6ab70733ebebce91ff.java,ra_action_pzvalidateparameters_78a5baa6f23b8c6ab70733ebebce91ff.java,pzvalidateparameters
activity,com/pegarules/generated/activity/ra_action_pzfilteravailablerulesetsforrecord_3d30573eecc2c1f89ce07cf0b4287d77.java,ra_action_pzfilteravailablerulesetsforrecord_3d30573eecc2c1f89ce07cf0b4287d77.java,pzfilteravailablerulesetsforrecord
activity,com/pegarules/generated/activity/ra_action_pzdisplaysteppalette_ee3e08882494b7e2744182a3f10823dc.java,ra_action_pzdisplaysteppalette_ee3e08882494b7e2744182a3f10823dc.java,pzdisplaysteppalette
activity,com/pegarules/generated/activity/ra_action_pypopulateinstancelistcolumns_a958d94db308c8b7a7c47c4d59e7d1fc.java,ra_action_pypopulateinstancelistcolumns_a958d94db308c8b7a7c47c4d59e7d1fc.java,pypopulateinstancelistcolumns
activity,com/pegarules/generated/activity/ra_action_pzalignshapeswithstart_1be36488b7efd7ab387252f8af44dcbf.java,ra_action_pzalignshapeswithstart_1be36488b7efd7ab387252f8af44dcbf.java,pzalignshapeswithstart
activity,com/pegarules/generated/activity/ra_action_pzramapcasesanddatatypes_4de37323fa4cc8a2b743ae79e22b7344.java,ra_action_pzramapcasesanddatatypes_4de37323fa4cc8a2b743ae79e22b7344.java,pzramapcasesanddatatypes
activity,com/pegarules/generated/activity/ra_action_pxcheckforavailableruleset_778b054b12c0c0c971b2927f5f14d617.java,ra_action_pxcheckforavailableruleset_778b054b12c0c0c971b2927f5f14d617.java,pxcheckforavailableruleset
activity,com/pegarules/generated/activity/ra_action_pzpopulateappviewname_69236a1624f7cafe41be933ad8e54bb4.java,ra_action_pzpopulateappviewname_69236a1624f7cafe41be933ad8e54bb4.java,pzpopulateappviewname
activity,com/pegarules/generated/activity/ra_action_validatekeyscontent_b2c4a0fb7c0caec05a0648f82f31060e.java,ra_action_validatekeyscontent_b2c4a0fb7c0caec05a0648f82f31060e.java,validatekeyscontent
activity,com/pegarules/generated/activity/ra_action_pushlistenerinfo_872ef0e29022d6d11760d4be0c8a18ea.java,ra_action_pushlistenerinfo_872ef0e29022d6d11760d4be0c8a18ea.java,pushlistenerinfo
activity,com/pegarules/generated/activity/ra_action_dofuassembly_8aaae503ee1bc0ed999cb4f1e0799eb6.java,ra_action_dofuassembly_8aaae503ee1bc0ed999cb4f1e0799eb6.java,dofuassembly
activity,com/pegarules/generated/activity/ra_action_pxbuildapplication_6d4138790bc4c6bb81592ed51f29a685.java,ra_action_pxbuildapplication_6d4138790bc4c6bb81592ed51f29a685.java,pxbuildapplication
activity,com/pegarules/generated/activity/ra_action_pzgeneratelookupdatapage_8a68808f4f91a7b7e3ff0b3a339576a8.java,ra_action_pzgeneratelookupdatapage_8a68808f4f91a7b7e3ff0b3a339576a8.java,pzgeneratelookupdatapage
activity,com/pegarules/generated/activity/ra_action_pzremovetempflowmodel_55ee6863edc2ad7b89fcd949fcd84fd6.java,ra_action_pzremovetempflowmodel_55ee6863edc2ad7b89fcd949fcd84fd6.java,pzremovetempflowmodel
activity,com/pegarules/generated/activity/ra_action_pzfilteravailablerulesetversionsforrecord_e79650bfb6d9e710c4db49d749a333a3.java,ra_action_pzfilteravailablerulesetversionsforrecord_e79650bfb6d9e710c4db49d749a333a3.java,pzfilteravailablerulesetversionsforrecord
activity,com/pegarules/generated/activity/ra_action_pzhandleunknownsession_0e3db7a9487fcd078dfdc7da350cc187.java,ra_action_pzhandleunknownsession_0e3db7a9487fcd078dfdc7da350cc187.java,pzhandleunknownsession
activity,com/pegarules/generated/activity/ra_action_pycollectstencildata_376310f553bc23ad781a50937d5296c4.java,ra_action_pycollectstencildata_376310f553bc23ad781a50937d5296c4.java,pycollectstencildata
activity,com/pegarules/generated/activity/ra_action_pztruncatetransactionstore_80c2c8f9fcea475b3d0517311489c6de.java,ra_action_pztruncatetransactionstore_80c2c8f9fcea475b3d0517311489c6de.java,pztruncatetransactionstore
activity,com/pegarules/generated/activity/ra_action_pzrunappexplorerexpand_6215c6d2e2dac2dc6910882f7ac7bb23.java,ra_action_pzrunappexplorerexpand_6215c6d2e2dac2dc6910882f7ac7bb23.java,pzrunappexplorerexpand
activity,com/pegarules/generated/activity/ra_action_pxcheckorganizationname_d708b2a99d2a48b154457e9a62babcaf.java,ra_action_pxcheckorganizationname_d708b2a99d2a48b154457e9a62babcaf.java,pxcheckorganizationname
activity,com/pegarules/generated/activity/ra_action_pygetnotificationscountforoperator_e263eda54b20eb017ddf2ac8192aca56.java,ra_action_pygetnotificationscountforoperator_e263eda54b20eb017ddf2ac8192aca56.java,pygetnotificationscountforoperator
activity,com/pegarules/generated/activity/ra_action_pzupdatesteppageclass_2f445379dc1780c9619db80dbef6ce96.java,ra_action_pzupdatesteppageclass_2f445379dc1780c9619db80dbef6ce96.java,pzupdatesteppageclass
activity,com/pegarules/generated/activity/ra_action_pzagentsincluster_d26287162f3c363e51b2c0c89a7dbe75.java,ra_action_pzagentsincluster_d26287162f3c363e51b2c0c89a7dbe75.java,pzagentsincluster
activity,com/pegarules/generated/activity/ra_action_pzgetavailableruleset_8bfee112ae9322d73582f3d08e7ca069.java,ra_action_pzgetavailableruleset_8bfee112ae9322d73582f3d08e7ca069.java,pzgetavailableruleset
activity,com/pegarules/generated/activity/ra_action_pzpopulatefeedparams_5027b16faf0ef303553de8b595320019.java,ra_action_pzpopulatefeedparams_5027b16faf0ef303553de8b595320019.java,pzpopulatefeedparams
activity,com/pegarules/generated/activity/ra_action_pzmigrateinteractioncases_d744a07760e267e709f831bb969af836.java,ra_action_pzmigrateinteractioncases_d744a07760e267e709f831bb969af836.java,pzmigrateinteractioncases
activity,com/pegarules/generated/activity/ra_action_pzdefaultselectorforfla_16c34e90ea19c3a880b3f757d07dadb7.java,ra_action_pzdefaultselectorforfla_16c34e90ea19c3a880b3f757d07dadb7.java,pzdefaultselectorforfla
activity,com/pegarules/generated/activity/ra_action_pymodalcancelaction_8ce6b597739b2aec11c222f61717dc16.java,ra_action_pymodalcancelaction_8ce6b597739b2aec11c222f61717dc16.java,pymodalcancelaction
activity,com/pegarules/generated/activity/ra_action_pzappendnewfield_57ed35f9bf17352b07ad140adf07a18c.java,ra_action_pzappendnewfield_57ed35f9bf17352b07ad140adf07a18c.java,pzappendnewfield
activity,com/pegarules/generated/activity/ra_action_pxcheckapplicationname_35eb80b9ec1d48060eb8a5708a170763.java,ra_action_pxcheckapplicationname_35eb80b9ec1d48060eb8a5708a170763.java,pxcheckapplicationname
activity,com/pegarules/generated/activity/ra_action_pzloadrelevantrecordfromappclasses_3b439dc6d34ffc3cdc3666fce2b05618.java,ra_action_pzloadrelevantrecordfromappclasses_3b439dc6d34ffc3cdc3666fce2b05618.java,pzloadrelevantrecordfromappclasses
activity,com/pegarules/generated/activity/ra_action_pxprepareadvancedsettings_518952f640206ea83b139a45a9044860.java,ra_action_pxprepareadvancedsettings_518952f640206ea83b139a45a9044860.java,pxprepareadvancedsettings
activity,com/pegarules/generated/activity/ra_action_pzpopulateinheritedclasses_1fd5cd79a00ed7bf1b2ce332301e45ec.java,ra_action_pzpopulateinheritedclasses_1fd5cd79a00ed7bf1b2ce332301e45ec.java,pzpopulateinheritedclasses
activity,com/pegarules/generated/activity/ra_action_pymodalpagecancelaction_146721e5e90ac10894dd2bb9800ed31b.java,ra_action_pymodalpagecancelaction_146721e5e90ac10894dd2bb9800ed31b.java,pymodalpagecancelaction
activity,com/pegarules/generated/activity/ra_action_pysavenotificationsettings_686d210e24504823b6b6f4e9ea47a097.java,ra_action_pysavenotificationsettings_686d210e24504823b6b6f4e9ea47a097.java,pysavenotificationsettings
activity,com/pegarules/generated/activity/ra_action_pzbatchindexcoordinator_ce2703ae68204b5ec2924ec6576ea272.java,ra_action_pzbatchindexcoordinator_ce2703ae68204b5ec2924ec6576ea272.java,pzbatchindexcoordinator
activity,com/pegarules/generated/activity/ra_action_pxcheckclasskeysexposed_c99066be19da234e79b334c9eb77fe1b.java,ra_action_pxcheckclasskeysexposed_c99066be19da234e79b334c9eb77fe1b.java,pxcheckclasskeysexposed
activity,com/pegarules/generated/activity/ra_action_pzpopulatedistinctvalues_35b4cdfdc4f7ee372aa42f39470ac69e.java,ra_action_pzpopulatedistinctvalues_35b4cdfdc4f7ee372aa42f39470ac69e.java,pzpopulatedistinctvalues
activity,com/pegarules/generated/activity/ra_action_pzsetfalayoutsectionprops_f84be68cf893fb8f140d7363f8e3bdb1.java,ra_action_pzsetfalayoutsectionprops_f84be68cf893fb8f140d7363f8e3bdb1.java,pzsetfalayoutsectionprops
activity,com/pegarules/generated/activity/ra_action_pzapplicationversionrelease_e42ce956042b6302872d694d9d2415b2.java,ra_action_pzapplicationversionrelease_e42ce956042b6302872d694d9d2415b2.java,pzapplicationversionrelease
activity,com/pegarules/generated/activity/ra_action_pzdeclarativeloadcasehierarchy_404a40ed27f50a5c48648eae229e7472.java,ra_action_pzdeclarativeloadcasehierarchy_404a40ed27f50a5c48648eae229e7472.java,pzdeclarativeloadcasehierarchy
activity,com/pegarules/generated/activity/ra_action_pyloadpegaprojectendpointurl_8a562abadd0a4fbfa7d181b2f25b025f.java,ra_action_pyloadpegaprojectendpointurl_8a562abadd0a4fbfa7d181b2f25b025f.java,pyloadpegaprojectendpointurl
activity,com/pegarules/generated/activity/ra_action_pzcolumnoptimizationjob_a9e799b3e89b120fceb2edf0f9c84b9a.java,ra_action_pzcolumnoptimizationjob_a9e799b3e89b120fceb2edf0f9c84b9a.java,pzcolumnoptimizationjob
activity,com/pegarules/generated/activity/ra_action_pzpopulateinstancelistfilters_5df46a2541facd8536740f8c58a8dd82.java,ra_action_pzpopulateinstancelistfilters_5df46a2541facd8536740f8c58a8dd82.java,pzpopulateinstancelistfilters
activity,com/pegarules/generated/activity/ra_action_pzprepareapplicationinsnamestack_273d7a2de74c436d669494d6f44bdd40.java,ra_action_pzprepareapplicationinsnamestack_273d7a2de74c436d669494d6f44bdd40.java,pzprepareapplicationinsnamestack
activity,com/pegarules/generated/activity/ra_action_pzstandardbackgroundprocessing_323e8cb25b0b5bc119f58ca0816ea940.java,ra_action_pzstandardbackgroundprocessing_323e8cb25b0b5bc119f58ca0816ea940.java,pzstandardbackgroundprocessing
activity,com/pegarules/generated/activity/ra_action_pzsetupmodal_161e144a68bee98675dd3473cc83e6f5.java,ra_action_pzsetupmodal_161e144a68bee98675dd3473cc83e6f5.java,pzsetupmodal
activity,com/pegarules/generated/activity/ra_action_pzcreatereactbasedassetsforcases_eb7db5c568362059faa32b76a10cf740.java,ra_action_pzcreatereactbasedassetsforcases_eb7db5c568362059faa32b76a10cf740.java,pzcreatereactbasedassetsforcases
activity,com/pegarules/generated/activity/ra_action_pzcheckforbrowserapplications_requestortype_0f2f09587c8224dcb2c2ed381d24121a.java,ra_action_pzcheckforbrowserapplications_requestortype_0f2f09587c8224dcb2c2ed381d24121a.java,pzcheckforbrowserapplications requestortype
activity,com/pegarules/generated/activity/ra_action_pzcheckifaccessgroupsexist_656562ff4e510f7e7523019a9cc6b916.java,ra_action_pzcheckifaccessgroupsexist_656562ff4e510f7e7523019a9cc6b916.java,pzcheckifaccessgroupsexist
activity,com/pegarules/generated/activity/ra_action_pzgetpersonalizedviews_0172d369848b211853b8f0fed8aad17f.java,ra_action_pzgetpersonalizedviews_0172d369848b211853b8f0fed8aad17f.java,pzgetpersonalizedviews
activity,com/pegarules/generated/activity/ra_action_pzvalidatesectionsettingstab_e338b145428fe56ae41617cf65126de6.java,ra_action_pzvalidatesectionsettingstab_e338b145428fe56ae41617cf65126de6.java,pzvalidatesectionsettingstab
activity,com/pegarules/generated/activity/ra_action_pztrackchangesforflow_680f9041240a5ddfc7175fa38e93be6e.java,ra_action_pztrackchangesforflow_680f9041240a5ddfc7175fa38e93be6e.java,pztrackchangesforflow
activity,com/pegarules/generated/activity/ra_action_pzvalidateremoteworktypes_333d3fe5c916cae17eb06c375c5382c2.java,ra_action_pzvalidateremoteworktypes_333d3fe5c916cae17eb06c375c5382c2.java,pzvalidateremoteworktypes
activity,com/pegarules/generated/activity/ra_action_pypopulateassignmentcontentswrapper_0023cc734c748e86692cff1fb487da93.java,ra_action_pypopulateassignmentcontentswrapper_0023cc734c748e86692cff1fb487da93.java,pypopulateassignmentcontentswrapper
activity,com/pegarules/generated/activity/ra_action_publishdataflowmetrics_21c0a0ff934d163f072a403c0900d6b7.java,ra_action_publishdataflowmetrics_21c0a0ff934d163f072a403c0900d6b7.java,publishdataflowmetrics
activity,com/pegarules/generated/activity/ra_action_pzprocessobjectpostsaveforae_66e3555e3a2bacf86772689429dee4af.java,ra_action_pzprocessobjectpostsaveforae_66e3555e3a2bacf86772689429dee4af.java,pzprocessobjectpostsaveforae
activity,com/pegarules/generated/activity/ra_action_pzgetpreference_b9455d785d8e8468164f18ce0029b67e.java,ra_action_pzgetpreference_b9455d785d8e8468164f18ce0029b67e.java,pzgetpreference
activity,com/pegarules/generated/activity/ra_action_pzupdatecontextnotificationreadstatus_b0888ae151b49698a2cf205334d2195d.java,ra_action_pzupdatecontextnotificationreadstatus_b0888ae151b49698a2cf205334d2195d.java,pzupdatecontextnotificationreadstatus
activity,com/pegarules/generated/activity/ra_action_savecircumstanceindex_6155ea1077b6c7c79b7492d2e6acf383.java,ra_action_savecircumstanceindex_6155ea1077b6c7c79b7492d2e6acf383.java,savecircumstanceindex
activity,com/pegarules/generated/activity/ra_action_pzpostapplicationload_f0823688269d2c38181067879ee1654d.java,ra_action_pzpostapplicationload_f0823688269d2c38181067879ee1654d.java,pzpostapplicationload
activity,com/pegarules/generated/activity/ra_action_pzcleardatapagesusedinfieldsmodal_2e2d6c137bfdd137ab295ebd6499243e.java,ra_action_pzcleardatapagesusedinfieldsmodal_2e2d6c137bfdd137ab295ebd6499243e.java,pzcleardatapagesusedinfieldsmodal
activity,com/pegarules/generated/activity/ra_action_pzvalidatesingleremovemodel_5d4bae1179ffff9f993ea7ab2781539b.java,ra_action_pzvalidatesingleremovemodel_5d4bae1179ffff9f993ea7ab2781539b.java,pzvalidatesingleremovemodel
activity,com/pegarules/generated/activity/ra_action_pzvalidateguides_118efa71f7fac39a1a17c1a1ece95496.java,ra_action_pzvalidateguides_118efa71f7fac39a1a17c1a1ece95496.java,pzvalidateguides
activity,com/pegarules/generated/activity/ra_action_pydmgetpastekeyset_bfa9b6b200071dec88d994c11de88650.java,ra_action_pydmgetpastekeyset_bfa9b6b200071dec88d994c11de88650.java,pydmgetpastekeyset
activity,com/pegarules/generated/activity/ra_action_pyloadportalcontext_bdc757f423e15a7b7ec37f0cb823cb81.java,ra_action_pyloadportalcontext_bdc757f423e15a7b7ec37f0cb823cb81.java,pyloadportalcontext
activity,com/pegarules/generated/activity/ra_action_pzftsincrementalindexerusingqp_9bea4731ceaaebca3afdc57e01184f37.java,ra_action_pzftsincrementalindexerusingqp_9bea4731ceaaebca3afdc57e01184f37.java,pzftsincrementalindexerusingqp
activity,com/pegarules/generated/activity/ra_action_pzcasetypeconfigclearinvaliddatapages_d5297528e2c7ef37cd5ee5c3a2857944.java,ra_action_pzcasetypeconfigclearinvaliddatapages_d5297528e2c7ef37cd5ee5c3a2857944.java,pzcasetypeconfigclearinvaliddatapages
activity,com/pegarules/generated/activity/ra_action_pzcreateagentspage_87e03a39ad55b0a81f73f8aa255eef22.java,ra_action_pzcreateagentspage_87e03a39ad55b0a81f73f8aa255eef22.java,pzcreateagentspage
activity,com/pegarules/generated/activity/ra_action_pzmanageincrementalindexer_d9e9e83456741456f82b053b64afce4f.java,ra_action_pzmanageincrementalindexer_d9e9e83456741456f82b053b64afce4f.java,pzmanageincrementalindexer
activity,com/pegarules/generated/activity/ra_action_pzflushconclusioncache_784514f123338285e1229588db8e76b7.java,ra_action_pzflushconclusioncache_784514f123338285e1229588db8e76b7.java,pzflushconclusioncache
activity,com/pegarules/generated/activity/ra_action_pxcheckroledependencies_f0da02f3a5a2b7b92cc20ec827dbde36.java,ra_action_pxcheckroledependencies_f0da02f3a5a2b7b92cc20ec827dbde36.java,pxcheckroledependencies
activity,com/pegarules/generated/activity/ra_action_wbtoolbarsettingsdefault_19f252833bea2505fb2c7cabeafe2200.java,ra_action_wbtoolbarsettingsdefault_19f252833bea2505fb2c7cabeafe2200.java,wbtoolbarsettingsdefault
activity,com/pegarules/generated/activity/ra_action_validateorgdivunit_d0dde8a90738976fe245f540fdf7a466.java,ra_action_validateorgdivunit_d0dde8a90738976fe245f540fdf7a466.java,validateorgdivunit
activity,com/pegarules/generated/activity/ra_action_pzaddsmartshapes_bd56a2e6d31f682703ac0150f0c63889.java,ra_action_pzaddsmartshapes_bd56a2e6d31f682703ac0150f0c63889.java,pzaddsmartshapes
activity,com/pegarules/generated/activity/ra_action_pyaddmoreworktypestocaseexp_6cdf630cc01d812c531ac044ee08fc7f.java,ra_action_pyaddmoreworktypestocaseexp_6cdf630cc01d812c531ac044ee08fc7f.java,pyaddmoreworktypestocaseexp
activity,com/pegarules/generated/activity/ra_action_pxperformnavigationaction_d69582dfd73b8f118905249dbf5550ff.java,ra_action_pxperformnavigationaction_d69582dfd73b8f118905249dbf5550ff.java,pxperformnavigationaction
activity,com/pegarules/generated/activity/ra_action_pzsetroles_1bf0a2df2a597a375c00cdea28844d22.java,ra_action_pzsetroles_1bf0a2df2a597a375c00cdea28844d22.java,pzsetroles
activity,com/pegarules/generated/activity/ra_action_pzcompleteclonablecasetypes_9663008d00fb970a9807680aec78ca7e.java,ra_action_pzcompleteclonablecasetypes_9663008d00fb970a9807680aec78ca7e.java,pzcompleteclonablecasetypes
activity,com/pegarules/generated/activity/ra_action_pzpopulateformspecdescription_28c7a01ed28766a697021b887d3b6917.java,ra_action_pzpopulateformspecdescription_28c7a01ed28766a697021b887d3b6917.java,pzpopulateformspecdescription
activity,com/pegarules/generated/activity/ra_action_publishservicelimitsmetrics_aed2208df913df9efc49894bebcddbb5.java,ra_action_publishservicelimitsmetrics_aed2208df913df9efc49894bebcddbb5.java,publishservicelimitsmetrics
activity,com/pegarules/generated/activity/ra_action_pzgetfollowedbyusers_5c20a6cbdbc60218d919cc69e4e23450.java,ra_action_pzgetfollowedbyusers_5c20a6cbdbc60218d919cc69e4e23450.java,pzgetfollowedbyusers
activity,com/pegarules/generated/activity/ra_action_pzpresaveas_5c8b497fdce7440b9d56f69ddb81622f.java,ra_action_pzpresaveas_5c8b497fdce7440b9d56f69ddb81622f.java,pzpresaveas
activity,com/pegarules/generated/activity/ra_action_pushindexdefinitioninfo_711cb6f0889f9d4e289983faed7d385b.java,ra_action_pushindexdefinitioninfo_711cb6f0889f9d4e289983faed7d385b.java,pushindexdefinitioninfo
activity,com/pegarules/generated/activity/ra_action_pzloadspecializedcasetypes_b319a513acb1a46517e9353052b2f6e0.java,ra_action_pzloadspecializedcasetypes_b319a513acb1a46517e9353052b2f6e0.java,pzloadspecializedcasetypes
activity,com/pegarules/generated/activity/ra_action_pzhighestavailablepatchforminorversion_110c6a455dd0a0aecc6626c8d82cecad.java,ra_action_pzhighestavailablepatchforminorversion_110c6a455dd0a0aecc6626c8d82cecad.java,pzhighestavailablepatchforminorversion
activity,com/pegarules/generated/activity/ra_action_pyprocesscaserelatedcontent_f61d3f11acbd12bec312a6142d4f2b1c.java,ra_action_pyprocesscaserelatedcontent_f61d3f11acbd12bec312a6142d4f2b1c.java,pyprocesscaserelatedcontent
activity,com/pegarules/generated/activity/ra_action_pzhandleclasstreeupdate_5cf86afc254b169b640b760967fb33e0.java,ra_action_pzhandleclasstreeupdate_5cf86afc254b169b640b760967fb33e0.java,pzhandleclasstreeupdate
activity,com/pegarules/generated/activity/ra_action_pushhotfixhistoryinfo_06dd598e6f0a5070e5465c60286dd078.java,ra_action_pushhotfixhistoryinfo_06dd598e6f0a5070e5465c60286dd078.java,pushhotfixhistoryinfo
activity,com/pegarules/generated/activity/ra_action_addrulesetversionconditioncheckedout_5ef96070df01022583e07cb7f5307424.java,ra_action_addrulesetversionconditioncheckedout_5ef96070df01022583e07cb7f5307424.java,addrulesetversionconditioncheckedout
activity,com/pegarules/generated/activity/ra_action_validatedelete_9355e4495d4145cf6cf59f3f15631c61.java,ra_action_validatedelete_9355e4495d4145cf6cf59f3f15631c61.java,validatedelete
activity,com/pegarules/generated/activity/ra_action_pxtrimerrorsforruns_6d8a5784409ad7ac8f616cf8255f7bdc.java,ra_action_pxtrimerrorsforruns_6d8a5784409ad7ac8f616cf8255f7bdc.java,pxtrimerrorsforruns
activity,com/pegarules/generated/activity/ra_action_pzclearoldqueueprocessorbrokenmessages_d9f33c434f0218f7d6ace5a76e66c10f.java,ra_action_pzclearoldqueueprocessorbrokenmessages_d9f33c434f0218f7d6ace5a76e66c10f.java,pzclearoldqueueprocessorbrokenmessages
activity,com/pegarules/generated/activity/ra_action_invoke_382935b8b79adc0d19e8bffe1d1db7ed.java,ra_action_invoke_382935b8b79adc0d19e8bffe1d1db7ed.java,invoke
activity,com/pegarules/generated/activity/ra_action_pzcreatenewapplication_4ea065ee90369c206fb110e57c0881c0.java,ra_action_pzcreatenewapplication_4ea065ee90369c206fb110e57c0881c0.java,pzcreatenewapplication
activity,com/pegarules/generated/activity/ra_action_pztrackoperatorchange_7b06ea3f70034841a629f2c2b06d7bd6.java,ra_action_pztrackoperatorchange_7b06ea3f70034841a629f2c2b06d7bd6.java,pztrackoperatorchange
activity,com/pegarules/generated/activity/ra_action_pxactivate_54e1a4e1eead34e3dcd38c54f5789102.java,ra_action_pxactivate_54e1a4e1eead34e3dcd38c54f5789102.java,pxactivate
activity,com/pegarules/generated/activity/ra_action_pysetpreviewpanelcontext_c39687b1b72225535f4a5295d89e014f.java,ra_action_pysetpreviewpanelcontext_c39687b1b72225535f4a5295d89e014f.java,pysetpreviewpanelcontext
activity,com/pegarules/generated/activity/ra_action_acdatasource_driver_54837c854125bfaab3ac9c3abdc44e75.java,ra_action_acdatasource_driver_54837c854125bfaab3ac9c3abdc44e75.java,acdatasource driver
activity,com/pegarules/generated/activity/ra_action_pzdevicepreview_loadsettings_9feef6f2e11767dbe6b3c303cb50d584.java,ra_action_pzdevicepreview_loadsettings_9feef6f2e11767dbe6b3c303cb50d584.java,pzdevicepreview loadsettings
activity,com/pegarules/generated/activity/ra_action_pypopulateinstancelistcolumns_aa65a446c6ae83a110f0ce296e771cb7.java,ra_action_pypopulateinstancelistcolumns_aa65a446c6ae83a110f0ce296e771cb7.java,pypopulateinstancelistcolumns
activity,com/pegarules/generated/activity/ra_action_pygetstagecountforcase_bd8aee835f3d05e76ef00a0a91df73f0.java,ra_action_pygetstagecountforcase_bd8aee835f3d05e76ef00a0a91df73f0.java,pygetstagecountforcase
activity,com/pegarules/generated/activity/ra_action_pzgetpostsonusergroups_e1b113f7d0a2a0f1e4406cc260437c1a.java,ra_action_pzgetpostsonusergroups_e1b113f7d0a2a0f1e4406cc260437c1a.java,pzgetpostsonusergroups
activity,com/pegarules/generated/activity/ra_action_pychangedataflowstatus_1f9b161205a45dcb8b5974667328b0fc.java,ra_action_pychangedataflowstatus_1f9b161205a45dcb8b5974667328b0fc.java,pychangedataflowstatus
activity,com/pegarules/generated/activity/ra_action_pzpopulatepostdatasources_a1f7cefd1f7e236db2dcba6764a5b39d.java,ra_action_pzpopulatepostdatasources_a1f7cefd1f7e236db2dcba6764a5b39d.java,pzpopulatepostdatasources
activity,com/pegarules/generated/activity/ra_action_presaveas_fe598481a7c4916483dfec23bf3ce637.java,ra_action_presaveas_fe598481a7c4916483dfec23bf3ce637.java,presaveas
activity,com/pegarules/generated/activity/ra_action_pzloadignorerulesetlist_c917b8e25e4f3bc7799939ba7c3b9283.java,ra_action_pzloadignorerulesetlist_c917b8e25e4f3bc7799939ba7c3b9283.java,pzloadignorerulesetlist
activity,com/pegarules/generated/activity/ra_action_pzupdatereportshortcut_479e841de93f7fb77b7a2deff2649c1a.java,ra_action_pzupdatereportshortcut_479e841de93f7fb77b7a2deff2649c1a.java,pzupdatereportshortcut
activity,com/pegarules/generated/activity/ra_action_pzformatapplist_d8c68ea4a05818d6d66b0170a4686dcd.java,ra_action_pzformatapplist_d8c68ea4a05818d6d66b0170a4686dcd.java,pzformatapplist
activity,com/pegarules/generated/activity/ra_action_pypopulateinstancelistfilters_6d38d86d74590a32c6aa8a156b6ef7f8.java,ra_action_pypopulateinstancelistfilters_6d38d86d74590a32c6aa8a156b6ef7f8.java,pypopulateinstancelistfilters
activity,com/pegarules/generated/activity/ra_action_pxsetapplicationstack_25129466a07e4ab39928900143e5aafc.java,ra_action_pxsetapplicationstack_25129466a07e4ab39928900143e5aafc.java,pxsetapplicationstack
activity,com/pegarules/generated/activity/ra_action_pzfetchexplorercasetypes_8c30f03bb0df5071528ac9f414f4a8af.java,ra_action_pzfetchexplorercasetypes_8c30f03bb0df5071528ac9f414f4a8af.java,pzfetchexplorercasetypes
activity,com/pegarules/generated/activity/ra_action_pzcreatereportshortcut_c14ac1e8f8ff302e08cced35d6f79108.java,ra_action_pzcreatereportshortcut_c14ac1e8f8ff302e08cced35d6f79108.java,pzcreatereportshortcut
activity,com/pegarules/generated/activity/ra_action_pyinvalidaterulesreferencingproperty_c6381717fdc2d52175789fb6c8e44553.java,ra_action_pyinvalidaterulesreferencingproperty_c6381717fdc2d52175789fb6c8e44553.java,pyinvalidaterulesreferencingproperty
activity,com/pegarules/generated/activity/ra_action_pzupdatepersonadp_9be4143561af8a20a16a391b81bff170.java,ra_action_pzupdatepersonadp_9be4143561af8a20a16a391b81bff170.java,pzupdatepersonadp
activity,com/pegarules/generated/activity/ra_action_pzloadsortedfields_3abe30a9e1aed60cd7583140b1ecdbe8.java,ra_action_pzloadsortedfields_3abe30a9e1aed60cd7583140b1ecdbe8.java,pzloadsortedfields
activity,com/pegarules/generated/activity/ra_action_pxuserdashboard_9b460b9f609356cbfa202639b67bfcb8.java,ra_action_pxuserdashboard_9b460b9f609356cbfa202639b67bfcb8.java,pxuserdashboard
activity,com/pegarules/generated/activity/ra_action_pzrulesforrulesetversion_b75ec8e611efb7db5b856bb8116ce7a6.java,ra_action_pzrulesforrulesetversion_b75ec8e611efb7db5b856bb8116ce7a6.java,pzrulesforrulesetversion
activity,com/pegarules/generated/activity/ra_action_pzsearchrunactivity_78a5c06383135aad3b821b4a3834f758.java,ra_action_pzsearchrunactivity_78a5c06383135aad3b821b4a3834f758.java,pzsearchrunactivity
activity,com/pegarules/generated/activity/ra_action_pzfetctallportalslist_34a5341b869ab63ee0fe20375098b004.java,ra_action_pzfetctallportalslist_34a5341b869ab63ee0fe20375098b004.java,pzfetctallportalslist
activity,com/pegarules/generated/activity/ra_action_postnewdialog_1c9312b3bdc0aaab5206dd133f23d012.java,ra_action_postnewdialog_1c9312b3bdc0aaab5206dd133f23d012.java,postnewdialog
activity,com/pegarules/generated/activity/ra_action_pzvalidateclasstree_c0c73b12136829153de47168e7db3f2b.java,ra_action_pzvalidateclasstree_c0c73b12136829153de47168e7db3f2b.java,pzvalidateclasstree
activity,com/pegarules/generated/activity/ra_action_pzprocessmodelbuild_6e908a18a16d786ad32822007d43033d.java,ra_action_pzprocessmodelbuild_6e908a18a16d786ad32822007d43033d.java,pzprocessmodelbuild
activity,com/pegarules/generated/activity/ra_action_pzvalidateclassnamers_672c8df21f5fadc52e20b4b1dafa9f8e.java,ra_action_pzvalidateclassnamers_672c8df21f5fadc52e20b4b1dafa9f8e.java,pzvalidateclassnamers
activity,com/pegarules/generated/activity/ra_action_pzschedulemonitoringduringinstall_d64d84a316814aa6418081888560bf3d.java,ra_action_pzschedulemonitoringduringinstall_d64d84a316814aa6418081888560bf3d.java,pzschedulemonitoringduringinstall
activity,com/pegarules/generated/activity/ra_action_pxupdaterecordinner_88405426aa00e61621ee98bb667d935c.java,ra_action_pxupdaterecordinner_88405426aa00e61621ee98bb667d935c.java,pxupdaterecordinner
activity,com/pegarules/generated/activity/ra_action_pyprocessdocumentslist_15a729cffa75999f4b4077c5af678fde.java,ra_action_pyprocessdocumentslist_15a729cffa75999f4b4077c5af678fde.java,pyprocessdocumentslist
activity,com/pegarules/generated/activity/ra_action_pypurgeoauthdbinstances_838c2a10745431b429af6d46305a2fe9.java,ra_action_pypurgeoauthdbinstances_838c2a10745431b429af6d46305a2fe9.java,pypurgeoauthdbinstances
activity,com/pegarules/generated/activity/ra_action_senddataflowmetrics_24f659a7d49a0e0e4fff71ea646331bc.java,ra_action_senddataflowmetrics_24f659a7d49a0e0e4fff71ea646331bc.java,senddataflowmetrics
activity,com/pegarules/generated/activity/ra_action_pznewappemailnotification_8a5bb9fee44a154f20059856ed94ecc8.java,ra_action_pznewappemailnotification_8a5bb9fee44a154f20059856ed94ecc8.java,pznewappemailnotification
activity,com/pegarules/generated/activity/ra_action_pyenforcefiledatasetretentionpolicy_bc12d276cb6e0b27ca4afed465cdb7eb.java,ra_action_pyenforcefiledatasetretentionpolicy_bc12d276cb6e0b27ca4afed465cdb7eb.java,pyenforcefiledatasetretentionpolicy
activity,com/pegarules/generated/activity/ra_action_pzsaveprocesssladata_95733625db718238b2a27993c524220e.java,ra_action_pzsaveprocesssladata_95733625db718238b2a27993c524220e.java,pzsaveprocesssladata
activity,com/pegarules/generated/activity/ra_action_pzenabledisablemodelrow_d4c9209dbcc61589530902a164e64c75.java,ra_action_pzenabledisablemodelrow_d4c9209dbcc61589530902a164e64c75.java,pzenabledisablemodelrow
activity,com/pegarules/generated/activity/ra_action_pzaccessrolenamedetails_87d9386b6f2af3c7671322f2a9406644.java,ra_action_pzaccessrolenamedetails_87d9386b6f2af3c7671322f2a9406644.java,pzaccessrolenamedetails
activity,com/pegarules/generated/activity/ra_action_pzgetallchannels_f2635799d6c4166ad2f71fb63f713370.java,ra_action_pzgetallchannels_f2635799d6c4166ad2f71fb63f713370.java,pzgetallchannels
activity,com/pegarules/generated/activity/ra_action_opendefaults_10d13d3f01bec23b4fff9e9351a4871f.java,ra_action_opendefaults_10d13d3f01bec23b4fff9e9351a4871f.java,opendefaults
activity,com/pegarules/generated/activity/ra_action_pzsavealldirtyflows_099712712b8397f4be25acc6509e281d.java,ra_action_pzsavealldirtyflows_099712712b8397f4be25acc6509e281d.java,pzsavealldirtyflows
activity,com/pegarules/generated/activity/ra_action_pzviewinstancesresetdatapage_71dcfd3c3395c68f5fa41054f73514c4.java,ra_action_pzviewinstancesresetdatapage_71dcfd3c3395c68f5fa41054f73514c4.java,pzviewinstancesresetdatapage
activity,com/pegarules/generated/activity/ra_action_pzinstancelistvirtualreport_926a0e2eb1e04fd2b017ab0ab70ddd0a.java,ra_action_pzinstancelistvirtualreport_926a0e2eb1e04fd2b017ab0ab70ddd0a.java,pzinstancelistvirtualreport
activity,com/pegarules/generated/activity/ra_action_pymodalpagecancelaction_35c4e8b6f1038dfac8b1412226c16258.java,ra_action_pymodalpagecancelaction_35c4e8b6f1038dfac8b1412226c16258.java,pymodalpagecancelaction
activity,com/pegarules/generated/activity/ra_action_pzprocessoperatornotifications_b4cfdc0d09562669b074827ce69b3cef.java,ra_action_pzprocessoperatornotifications_b4cfdc0d09562669b074827ce69b3cef.java,pzprocessoperatornotifications
activity,com/pegarules/generated/activity/ra_action_pzvalidateoperatorpassword_33bb592a3f49632c8bc590f24f8a60da.java,ra_action_pzvalidateoperatorpassword_33bb592a3f49632c8bc590f24f8a60da.java,pzvalidateoperatorpassword
activity,com/pegarules/generated/activity/ra_action_pzextractboomarkdata_ff77d21d4aa62b12704116b12bce4585.java,ra_action_pzextractboomarkdata_ff77d21d4aa62b12704116b12bce4585.java,pzextractboomarkdata
activity,com/pegarules/generated/activity/ra_action_pzflushassociateddatapages_a4d2f653b49ad264b7564caf4be7dc81.java,ra_action_pzflushassociateddatapages_a4d2f653b49ad264b7564caf4be7dc81.java,pzflushassociateddatapages
activity,com/pegarules/generated/activity/ra_action_pushguardraildata_cf5aa80997baffc9ec57295f9d2493da.java,ra_action_pushguardraildata_cf5aa80997baffc9ec57295f9d2493da.java,pushguardraildata
activity,com/pegarules/generated/activity/ra_action_pzpurgehistoricaldatarecords_6128f4caf9a7be964fd5338b36826542.java,ra_action_pzpurgehistoricaldatarecords_6128f4caf9a7be964fd5338b36826542.java,pzpurgehistoricaldatarecords
activity,com/pegarules/generated/activity/ra_action_pzsetfinallabel_11d88cc8e30a68db2912261eea0277f0.java,ra_action_pzsetfinallabel_11d88cc8e30a68db2912261eea0277f0.java,pzsetfinallabel
activity,com/pegarules/generated/activity/ra_action_pzpersonas_f3d76e27f5b6e69cf02157f577c497ec.java,ra_action_pzpersonas_f3d76e27f5b6e69cf02157f577c497ec.java,pzpersonas
activity,com/pegarules/generated/activity/ra_action_pzinitsqmcontext_49a77664161ed586e37c0ac2b87da039.java,ra_action_pzinitsqmcontext_49a77664161ed586e37c0ac2b87da039.java,pzinitsqmcontext
activity,com/pegarules/generated/activity/ra_action_pyvalidateprereturntoclient_4e1aa7ce92c90c95f5bb5b0553422445.java,ra_action_pyvalidateprereturntoclient_4e1aa7ce92c90c95f5bb5b0553422445.java,pyvalidateprereturntoclient
activity,com/pegarules/generated/activity/ra_action_pzupdatedependsonlist_30752aa351b07a7f38d716f46a5c7afe.java,ra_action_pzupdatedependsonlist_30752aa351b07a7f38d716f46a5c7afe.java,pzupdatedependsonlist
activity,com/pegarules/generated/activity/ra_action_checkforwarnings_551086d12e3fa015bce305b41e335897.java,ra_action_checkforwarnings_551086d12e3fa015bce305b41e335897.java,checkforwarnings
activity,com/pegarules/generated/activity/ra_action_pzsetinheritedformats_a7843cee314c9260d6bdc89aa589efff.java,ra_action_pzsetinheritedformats_a7843cee314c9260d6bdc89aa589efff.java,pzsetinheritedformats
activity,com/pegarules/generated/activity/ra_action_pzgetthemedefinition_ad620ba4bc62278a55174a0994c5e032.java,ra_action_pzgetthemedefinition_ad620ba4bc62278a55174a0994c5e032.java,pzgetthemedefinition
activity,com/pegarules/generated/activity/ra_action_pzgetpostsonfollowedcases_4b94f2ff23f9574448227b3779728299.java,ra_action_pzgetpostsonfollowedcases_4b94f2ff23f9574448227b3779728299.java,pzgetpostsonfollowedcases
activity,com/pegarules/generated/activity/ra_action_pypreactivity_1d602cc58e120b3e3710d01a92762090.java,ra_action_pypreactivity_1d602cc58e120b3e3710d01a92762090.java,pypreactivity
activity,com/pegarules/generated/activity/ra_action_pzpopulaterecentgadgetlist_36d31bf9b85916b6a7c53f0bf1316621.java,ra_action_pzpopulaterecentgadgetlist_36d31bf9b85916b6a7c53f0bf1316621.java,pzpopulaterecentgadgetlist
activity,com/pegarules/generated/activity/ra_action_checkkeys_47fa751840f29ae68ad9688358682ad4.java,ra_action_checkkeys_47fa751840f29ae68ad9688358682ad4.java,checkkeys
activity,com/pegarules/generated/activity/ra_action_pzdosteppaletteaction_c85a4dd23cc67f95d0a3090a5bcbfc14.java,ra_action_pzdosteppaletteaction_c85a4dd23cc67f95d0a3090a5bcbfc14.java,pzdosteppaletteaction
activity,com/pegarules/generated/activity/ra_action_pzruleformtoolbarrefresh_63756095c24fe9b08f5d29b1d440d0ca.java,ra_action_pzruleformtoolbarrefresh_63756095c24fe9b08f5d29b1d440d0ca.java,pzruleformtoolbarrefresh
activity,com/pegarules/generated/activity/ra_action_pzflushassociateddatapages_71a660a5372d2b4200871516c4a52a93.java,ra_action_pzflushassociateddatapages_71a660a5372d2b4200871516c4a52a93.java,pzflushassociateddatapages
activity,com/pegarules/generated/activity/ra_action_pzloadpystartcasesettings_6a4b55e0c17328d52f67cb5debe888cf.java,ra_action_pzloadpystartcasesettings_6a4b55e0c17328d52f67cb5debe888cf.java,pzloadpystartcasesettings
activity,com/pegarules/generated/activity/ra_action_pzsetcontext_4b39454c491a1ab35d41fe641a5ee0b9.java,ra_action_pzsetcontext_4b39454c491a1ab35d41fe641a5ee0b9.java,pzsetcontext
activity,com/pegarules/generated/activity/ra_action_pzgetlistofavailabletoggles_ae0850c22502076d4f58cec2e279e5a2.java,ra_action_pzgetlistofavailabletoggles_ae0850c22502076d4f58cec2e279e5a2.java,pzgetlistofavailabletoggles
activity,com/pegarules/generated/activity/ra_action_pxupdatenotificationstatus_0f5af6bcdf8394f89a710f975d1b5d76.java,ra_action_pxupdatenotificationstatus_0f5af6bcdf8394f89a710f975d1b5d76.java,pxupdatenotificationstatus
activity,com/pegarules/generated/activity/ra_action_pypregridupdate_eedcbeb8ca60ee408ef5a672faab84a9.java,ra_action_pypregridupdate_eedcbeb8ca60ee408ef5a672faab84a9.java,pypregridupdate
activity,com/pegarules/generated/activity/ra_action_pzpropertypanelpostwrapper_c5e50fa0803d9853b00d8d42bf778f36.java,ra_action_pzpropertypanelpostwrapper_c5e50fa0803d9853b00d8d42bf778f36.java,pzpropertypanelpostwrapper
activity,com/pegarules/generated/activity/ra_action_pzoptimizefordecendents_1b912927bc33631537715cb880303e34.java,ra_action_pzoptimizefordecendents_1b912927bc33631537715cb880303e34.java,pzoptimizefordecendents
activity,com/pegarules/generated/activity/ra_action_pushdbtableusage_66b72877bce4bd4bf49dc5ad0d584f34.java,ra_action_pushdbtableusage_66b72877bce4bd4bf49dc5ad0d584f34.java,pushdbtableusage
activity,com/pegarules/generated/activity/ra_action_checkforwarnings_7d9a2a69d65fccaaf1dd590f3f757069.java,ra_action_checkforwarnings_7d9a2a69d65fccaaf1dd590f3f757069.java,checkforwarnings
activity,com/pegarules/generated/activity/ra_action_pyallfollowedcases_4f7edf79fa7c5513d574806f34a4391a.java,ra_action_pyallfollowedcases_4f7edf79fa7c5513d574806f34a4391a.java,pyallfollowedcases
activity,com/pegarules/generated/activity/ra_action_pzrealignaccessgroupstoui_f1db6a272847aa73640d9df1507fd110.java,ra_action_pzrealignaccessgroupstoui_f1db6a272847aa73640d9df1507fd110.java,pzrealignaccessgroupstoui
activity,com/pegarules/generated/activity/ra_action_pzgetnewapplicationsteps_7d6ebb925925df3a5085d5821b181e75.java,ra_action_pzgetnewapplicationsteps_7d6ebb925925df3a5085d5821b181e75.java,pzgetnewapplicationsteps
activity,com/pegarules/generated/activity/ra_action_pxvalidate_559261e52224294a0a9e52be55fa4089.java,ra_action_pxvalidate_559261e52224294a0a9e52be55fa4089.java,pxvalidate
activity,com/pegarules/generated/activity/ra_action_pyloadportalcontext_d4480aa963f07a7acf42c0f584487d48.java,ra_action_pyloadportalcontext_d4480aa963f07a7acf42c0f584487d48.java,pyloadportalcontext
activity,com/pegarules/generated/activity/ra_action_pzgetstartingflows_d2f68f23af7813c543fe7b9e9f74e806.java,ra_action_pzgetstartingflows_d2f68f23af7813c543fe7b9e9f74e806.java,pzgetstartingflows
activity,com/pegarules/generated/activity/ra_action_pzloadusageevents_e7354ca9ae86fd6af616b150957dfcbc.java,ra_action_pzloadusageevents_e7354ca9ae86fd6af616b150957dfcbc.java,pzloadusageevents
activity,com/pegarules/generated/activity/ra_action_validatedelete_adbce848951abfdc7c257b1f708b5764.java,ra_action_validatedelete_adbce848951abfdc7c257b1f708b5764.java,validatedelete
activity,com/pegarules/generated/activity/ra_action_pzappexploreronchange_4da4983fb5ce2fb6035140f60b9a8040.java,ra_action_pzappexploreronchange_4da4983fb5ce2fb6035140f60b9a8040.java,pzappexploreronchange
activity,com/pegarules/generated/activity/ra_action_pycollectexternalshapeconfig_4681ffceffa237f7f28bebc6222f3ab9.java,ra_action_pycollectexternalshapeconfig_4681ffceffa237f7f28bebc6222f3ab9.java,pycollectexternalshapeconfig
activity,com/pegarules/generated/activity/ra_action_pzcopyavailableapplications_810bec7de34c445c44d7570c8975d710.java,ra_action_pzcopyavailableapplications_810bec7de34c445c44d7570c8975d710.java,pzcopyavailableapplications
activity,com/pegarules/generated/activity/ra_action_validatekeyscontent_d4877b87ded4deb08756927e7018b21b.java,ra_action_validatekeyscontent_d4877b87ded4deb08756927e7018b21b.java,validatekeyscontent
activity,com/pegarules/generated/activity/ra_action_upgradeonopen_ad02c262a44f4b381209bc17efdb4bdd.java,ra_action_upgradeonopen_ad02c262a44f4b381209bc17efdb4bdd.java,upgradeonopen
activity,com/pegarules/generated/activity/ra_action_pxgetmygroups_043e9b1a6b3758fa30d013f5d1de9753.java,ra_action_pxgetmygroups_043e9b1a6b3758fa30d013f5d1de9753.java,pxgetmygroups
activity,com/pegarules/generated/activity/ra_action_pushdbconnectionstatus_b67f01c0f4ea8896c0cf2234f631cb8f.java,ra_action_pushdbconnectionstatus_b67f01c0f4ea8896c0cf2234f631cb8f.java,pushdbconnectionstatus
activity,com/pegarules/generated/activity/ra_action_sendmodelmetrics_a32678a981ea29448d3d4f0670499736.java,ra_action_sendmodelmetrics_a32678a981ea29448d3d4f0670499736.java,sendmodelmetrics
activity,com/pegarules/generated/activity/ra_action_pushdailyappdata_23301018d3f60b00a14fec665c899b92.java,ra_action_pushdailyappdata_23301018d3f60b00a14fec665c899b92.java,pushdailyappdata
activity,com/pegarules/generated/activity/ra_action_pushdssinfo_a6c9a65947da9c3749a65e9676d5a6c4.java,ra_action_pushdssinfo_a6c9a65947da9c3749a65e9676d5a6c4.java,pushdssinfo
activity,com/pegarules/generated/activity/ra_action_pzloadactivitymethod_bf728caa95b12837fa6b5d62a8f76d12.java,ra_action_pzloadactivitymethod_bf728caa95b12837fa6b5d62a8f76d12.java,pzloadactivitymethod
activity,com/pegarules/generated/activity/ra_action_pzsaveallvalidaterules_f198b1d026a3ee7c331e41df48a6408a.java,ra_action_pzsaveallvalidaterules_f198b1d026a3ee7c331e41df48a6408a.java,pzsaveallvalidaterules
activity,com/pegarules/generated/activity/ra_action_pzprocessrulequeueitems_614e143a7d59125179060ab2c06624e3.java,ra_action_pzprocessrulequeueitems_614e143a7d59125179060ab2c06624e3.java,pzprocessrulequeueitems
activity,com/pegarules/generated/activity/ra_action_pzloadstageprocesses_5857fca8520caf590ba4f77fa12a5008.java,ra_action_pzloadstageprocesses_5857fca8520caf590ba4f77fa12a5008.java,pzloadstageprocesses
activity,com/pegarules/generated/activity/ra_action_pzpostcustomsection_1b9b6acecb43484fffd378ce1ddc80cf.java,ra_action_pzpostcustomsection_1b9b6acecb43484fffd378ce1ddc80cf.java,pzpostcustomsection
activity,com/pegarules/generated/activity/ra_action_pxgetblobsizefortablesinschema_5e8a95c823c41cb6c460d1341ebc1b2a.java,ra_action_pxgetblobsizefortablesinschema_5e8a95c823c41cb6c460d1341ebc1b2a.java,pxgetblobsizefortablesinschema
activity,com/pegarules/generated/activity/ra_action_pzcleanuponclose_70049e81f3a6bab29fa8dff5e9250c48.java,ra_action_pzcleanuponclose_70049e81f3a6bab29fa8dff5e9250c48.java,pzcleanuponclose
activity,com/pegarules/generated/activity/ra_action_pzvalidateclasstree_d6022927e3907cf50420e26417e9501e.java,ra_action_pzvalidateclasstree_d6022927e3907cf50420e26417e9501e.java,pzvalidateclasstree
activity,com/pegarules/generated/activity/ra_action_pzdeleterrdatapageoncreate_f9717d00afafd0a2616c6274242198e6.java,ra_action_pzdeleterrdatapageoncreate_f9717d00afafd0a2616c6274242198e6.java,pzdeleterrdatapageoncreate
activity,com/pegarules/generated/activity/ra_action_pypopulateassignmentstats_46a65ed8935b7c4bd51e93fed65ac9b4.java,ra_action_pypopulateassignmentstats_46a65ed8935b7c4bd51e93fed65ac9b4.java,pypopulateassignmentstats
activity,com/pegarules/generated/activity/ra_action_pzsetupworkgrouplist_917d75b690936cb93e551afddf7a0ece.java,ra_action_pzsetupworkgrouplist_917d75b690936cb93e551afddf7a0ece.java,pzsetupworkgrouplist
activity,com/pegarules/generated/activity/ra_action_pygetcategories_a714237af2cb5bbb24c7d95123098168.java,ra_action_pygetcategories_a714237af2cb5bbb24c7d95123098168.java,pygetcategories
activity,com/pegarules/generated/activity/ra_action_pzpropertypanelpostwrapper_d3c846e726dc4e9afc8376412aad8d7b.java,ra_action_pzpropertypanelpostwrapper_d3c846e726dc4e9afc8376412aad8d7b.java,pzpropertypanelpostwrapper
activity,com/pegarules/generated/activity/ra_action_pzcreateclusterpage_d4bbdd32f02d0abaebc182e87b4eb5ca.java,ra_action_pzcreateclusterpage_d4bbdd32f02d0abaebc182e87b4eb5ca.java,pzcreateclusterpage
activity,com/pegarules/generated/activity/ra_action_pxvalidate_f818ce2404fc6041b06bece9be75807c.java,ra_action_pxvalidate_f818ce2404fc6041b06bece9be75807c.java,pxvalidate
activity,com/pegarules/generated/activity/ra_action_validateuserroles_ca5930805ac70d7c96a5fb9b31a3873f.java,ra_action_validateuserroles_ca5930805ac70d7c96a5fb9b31a3873f.java,validateuserroles
activity,com/pegarules/generated/activity/ra_action_pzconvertcasetoclasstree_b3779ffb878a3a8f741cbfe9b3ba5715.java,ra_action_pzconvertcasetoclasstree_b3779ffb878a3a8f741cbfe9b3ba5715.java,pzconvertcasetoclasstree
activity,com/pegarules/generated/activity/ra_action_pxgetresolvedstatuses_1b213aed2c9d8d3013523cca190008b1.java,ra_action_pxgetresolvedstatuses_1b213aed2c9d8d3013523cca190008b1.java,pxgetresolvedstatuses
activity,com/pegarules/generated/activity/ra_action_pzpurgehealthcheckresults_3ecae8385a316096fbcfadeb38ccb75e.java,ra_action_pzpurgehealthcheckresults_3ecae8385a316096fbcfadeb38ccb75e.java,pzpurgehealthcheckresults
activity,com/pegarules/generated/activity/ra_action_pzgetgridcoluniquevalues_2cd1e46fce7ff991fc5f20d7d5c95e8d.java,ra_action_pzgetgridcoluniquevalues_2cd1e46fce7ff991fc5f20d7d5c95e8d.java,pzgetgridcoluniquevalues
activity,com/pegarules/generated/activity/ra_action_pzgetcurrentappspecscount_455045144aee95d5a792c6fbee2364c1.java,ra_action_pzgetcurrentappspecscount_455045144aee95d5a792c6fbee2364c1.java,pzgetcurrentappspecscount
activity,com/pegarules/generated/activity/ra_action_pzupgradeskinnewdm_72_41a648adf6f482631cc9f3c28b5d4065.java,ra_action_pzupgradeskinnewdm_72_41a648adf6f482631cc9f3c28b5d4065.java,pzupgradeskinnewdm 72
activity,com/pegarules/generated/activity/ra_action_pzaddadvshapes_58452e9cb172189d3fbbc54c3a3853b8.java,ra_action_pzaddadvshapes_58452e9cb172189d3fbbc54c3a3853b8.java,pzaddadvshapes
activity,com/pegarules/generated/activity/ra_action_pzpropagateclasstreechangestocasetree_f603209912e7466f9f78392a43a54933.java,ra_action_pzpropagateclasstreechangestocasetree_f603209912e7466f9f78392a43a54933.java,pzpropagateclasstreechangestocasetree
activity,com/pegarules/generated/activity/ra_action_pysettasksdetails_9543e7c803c9c096520da738c5fa96d4.java,ra_action_pysettasksdetails_9543e7c803c9c096520da738c5fa96d4.java,pysettasksdetails
activity,com/pegarules/generated/activity/ra_action_pzupdaterouting_456c19f1e8c3302580eb4fdf32bda09d.java,ra_action_pzupdaterouting_456c19f1e8c3302580eb4fdf32bda09d.java,pzupdaterouting
activity,com/pegarules/generated/activity/ra_action_pzgetdatatypesforapplication_9f5f0dd4238e9c85f90ff190858956a9.java,ra_action_pzgetdatatypesforapplication_9f5f0dd4238e9c85f90ff190858956a9.java,pzgetdatatypesforapplication
activity,com/pegarules/generated/activity/ra_action_pzgetclassdatamodel_74aed1d98e27cbaddfa9928555c0c6a2.java,ra_action_pzgetclassdatamodel_74aed1d98e27cbaddfa9928555c0c6a2.java,pzgetclassdatamodel
activity,com/pegarules/generated/activity/ra_action_saveas_07f77e8ec1c7d90fb536abf6e6fb1d2c.java,ra_action_saveas_07f77e8ec1c7d90fb536abf6e6fb1d2c.java,saveas
activity,com/pegarules/generated/activity/ra_action_pzgettestrulesetslist_fa5b2f3362517216a315742d16a4f18e.java,ra_action_pzgettestrulesetslist_fa5b2f3362517216a315742d16a4f18e.java,pzgettestrulesetslist
activity,com/pegarules/generated/activity/ra_action_pyaggregatedailytextpredictiondata_a62749268959eb282b7cd7662a490ed3.java,ra_action_pyaggregatedailytextpredictiondata_a62749268959eb282b7cd7662a490ed3.java,pyaggregatedailytextpredictiondata
activity,com/pegarules/generated/activity/ra_action_pzclearprocesscacheforcasetypewrapper_02e1bb9ffc480cf334caf54f47a9e1d2.java,ra_action_pzclearprocesscacheforcasetypewrapper_02e1bb9ffc480cf334caf54f47a9e1d2.java,pzclearprocesscacheforcasetypewrapper
activity,com/pegarules/generated/activity/ra_action_pzflushassociateddatapages_89dad43eeaeee8694e831ea4a71fce12.java,ra_action_pzflushassociateddatapages_89dad43eeaeee8694e831ea4a71fce12.java,pzflushassociateddatapages
activity,com/pegarules/generated/activity/ra_action_pzpopulateemailstatusmessageonlp_8f0963f52ca2a3e7832dbe3e78114156.java,ra_action_pzpopulateemailstatusmessageonlp_8f0963f52ca2a3e7832dbe3e78114156.java,pzpopulateemailstatusmessageonlp
activity,com/pegarules/generated/activity/ra_action_pzviewinstancestoolbarsettings_a6326cc2d3808c1c96cfa23ee069dd3b.java,ra_action_pzviewinstancestoolbarsettings_a6326cc2d3808c1c96cfa23ee069dd3b.java,pzviewinstancestoolbarsettings
activity,com/pegarules/generated/activity/ra_action_pzcreatelocationdeclareindex_ab6ab241fbdf407d63d48951f848e758.java,ra_action_pzcreatelocationdeclareindex_ab6ab241fbdf407d63d48951f848e758.java,pzcreatelocationdeclareindex
activity,com/pegarules/generated/activity/ra_action_pzcutcopytoolbarstate_e01ff5b5f2bbde8b13dd1c35dbc6d64e.java,ra_action_pzcutcopytoolbarstate_e01ff5b5f2bbde8b13dd1c35dbc6d64e.java,pzcutcopytoolbarstate
activity,com/pegarules/generated/activity/ra_action_pypostactionnew_4ba32dca651f56bba3b54524a9c58741.java,ra_action_pypostactionnew_4ba32dca651f56bba3b54524a9c58741.java,pypostactionnew
activity,com/pegarules/generated/activity/ra_action_pzloadwarningsintroducedpage_43fe5da318d7c5e00a007ec97298a17f.java,ra_action_pzloadwarningsintroducedpage_43fe5da318d7c5e00a007ec97298a17f.java,pzloadwarningsintroducedpage
activity,com/pegarules/generated/activity/ra_action_pymodalcancelaction_ad1c9072029813c4eadab1cb1c35ad4a.java,ra_action_pymodalcancelaction_ad1c9072029813c4eadab1cb1c35ad4a.java,pymodalcancelaction
activity,com/pegarules/generated/activity/ra_action_pzrbcategoriespostprocess_6f17a7cd6758996c38184e19eecda7c0.java,ra_action_pzrbcategoriespostprocess_6f17a7cd6758996c38184e19eecda7c0.java,pzrbcategoriespostprocess
activity,com/pegarules/generated/activity/ra_action_pyonbackaction_0ae0d1357367bb2323f851b97572a4be.java,ra_action_pyonbackaction_0ae0d1357367bb2323f851b97572a4be.java,pyonbackaction
activity,com/pegarules/generated/activity/ra_action_pysetposttype_b848a921b6ab3fb1ab82d46af4845325.java,ra_action_pysetposttype_b848a921b6ab3fb1ab82d46af4845325.java,pysetposttype
activity,com/pegarules/generated/activity/ra_action_pushdeadlockinfo_31b764c76c17cedb14cf2ace5cd965b0.java,ra_action_pushdeadlockinfo_31b764c76c17cedb14cf2ace5cd965b0.java,pushdeadlockinfo
activity,com/pegarules/generated/activity/ra_action_pxvalidate_e444dc9f443f8bd4bf3d87bd60def3ae.java,ra_action_pxvalidate_e444dc9f443f8bd4bf3d87bd60def3ae.java,pxvalidate
activity,com/pegarules/generated/activity/ra_action_pyprepassivation_b70a1fd95164dcc7094ef23ddcd72ba2.java,ra_action_pyprepassivation_b70a1fd95164dcc7094ef23ddcd72ba2.java,pyprepassivation
activity,com/pegarules/generated/activity/ra_action_pzvalidatedisplayinitialization_e8c5d441c29c16d6e34f8070bf0df550.java,ra_action_pzvalidatedisplayinitialization_e8c5d441c29c16d6e34f8070bf0df550.java,pzvalidatedisplayinitialization
activity,com/pegarules/generated/activity/ra_action_pzupdateanalyticsmodelswrapper_57e833e3c11eec447d1f07ac66ac1be0.java,ra_action_pzupdateanalyticsmodelswrapper_57e833e3c11eec447d1f07ac66ac1be0.java,pzupdateanalyticsmodelswrapper
activity,com/pegarules/generated/activity/ra_action_pzloadmembers_73eb6876140180673839d9e294e7ddaf.java,ra_action_pzloadmembers_73eb6876140180673839d9e294e7ddaf.java,pzloadmembers
activity,com/pegarules/generated/activity/ra_action_opendefaults_b78d5568bbd08dec470901a605e31721.java,ra_action_opendefaults_b78d5568bbd08dec470901a605e31721.java,opendefaults
activity,com/pegarules/generated/activity/ra_action_pzsetrulesets_0b10f1289ff5c3f0ff00770ef1b278f1.java,ra_action_pzsetrulesets_0b10f1289ff5c3f0ff00770ef1b278f1.java,pzsetrulesets
activity,com/pegarules/generated/activity/ra_action_pxcomputeapplicationurl_df1e468762d19f92b5d47ae1894fb686.java,ra_action_pxcomputeapplicationurl_df1e468762d19f92b5d47ae1894fb686.java,pxcomputeapplicationurl
activity,com/pegarules/generated/activity/ra_action_customersatcalculation_2942cf481b54ec0d3def254964c62092.java,ra_action_customersatcalculation_2942cf481b54ec0d3def254964c62092.java,customersatcalculation
activity,com/pegarules/generated/activity/ra_action_pzpopulatedynamicnavigationpages_16d497b93d75f712d2e9c2763af6cc6f.java,ra_action_pzpopulatedynamicnavigationpages_16d497b93d75f712d2e9c2763af6cc6f.java,pzpopulatedynamicnavigationpages
activity,com/pegarules/generated/activity/ra_action_pypopulatecasecontentswrapper_ad7853f11b5565f7bb0b9c63b32cae62.java,ra_action_pypopulatecasecontentswrapper_ad7853f11b5565f7bb0b9c63b32cae62.java,pypopulatecasecontentswrapper
activity,com/pegarules/generated/activity/ra_action_pzvalidatekmskeystoremetadata_28e8cdc4bb93257fe0a3d38aa0cf77c8.java,ra_action_pzvalidatekmskeystoremetadata_28e8cdc4bb93257fe0a3d38aa0cf77c8.java,pzvalidatekmskeystoremetadata
activity,com/pegarules/generated/activity/ra_action_pzaddrulesetprerequisite_5ba40169977a59137e60fc27693fef79.java,ra_action_pzaddrulesetprerequisite_5ba40169977a59137e60fc27693fef79.java,pzaddrulesetprerequisite
activity,com/pegarules/generated/activity/ra_action_pzgetassetscountbyfeature_d7bcc3dae59b8c0fee8ebde15e4e72d3.java,ra_action_pzgetassetscountbyfeature_d7bcc3dae59b8c0fee8ebde15e4e72d3.java,pzgetassetscountbyfeature
activity,com/pegarules/generated/activity/ra_action_pxtrimerrorsforrunsto_9aa141c6e480ed3e9c102b29355a0d73.java,ra_action_pxtrimerrorsforrunsto_9aa141c6e480ed3e9c102b29355a0d73.java,pxtrimerrorsforrunsto
activity,com/pegarules/generated/activity/ra_action_pzcheckforbrowserapplications_accessgroup_78e1d43769659bf6f1f1eca50bd4f519.java,ra_action_pzcheckforbrowserapplications_accessgroup_78e1d43769659bf6f1f1eca50bd4f519.java,pzcheckforbrowserapplications accessgroup
activity,com/pegarules/generated/activity/ra_action_publishemailmetrics_70ab6ddfd5b8240ca6ae1c383bb22b07.java,ra_action_publishemailmetrics_70ab6ddfd5b8240ca6ae1c383bb22b07.java,publishemailmetrics
activity,com/pegarules/generated/activity/ra_action_pypurgetextpredictionsnapshots_4b096d3320927d6996afb5f8cb40e604.java,ra_action_pypurgetextpredictionsnapshots_4b096d3320927d6996afb5f8cb40e604.java,pypurgetextpredictionsnapshots
activity,com/pegarules/generated/activity/ra_action_pzsettabname_f587069fd381bb91f6e3579a7feef4bd.java,ra_action_pzsettabname_f587069fd381bb91f6e3579a7feef4bd.java,pzsettabname
activity,com/pegarules/generated/activity/ra_action_pzloadviewinstances_6143a622b691032da4ed2c3bcda4f7d9.java,ra_action_pzloadviewinstances_6143a622b691032da4ed2c3bcda4f7d9.java,pzloadviewinstances
activity,com/pegarules/generated/activity/ra_action_pzgetdatamodelfields_422169bc24fd0bd016bdfb071da243e1.java,ra_action_pzgetdatamodelfields_422169bc24fd0bd016bdfb071da243e1.java,pzgetdatamodelfields
activity,com/pegarules/generated/activity/ra_action_pxvalidatecontext_7f9714d59074aef388080894ad6509eb.java,ra_action_pxvalidatecontext_7f9714d59074aef388080894ad6509eb.java,pxvalidatecontext
activity,com/pegarules/generated/activity/ra_action_tooverallsla_bfbaeba1da4152103e7e23f2f7222262.java,ra_action_tooverallsla_bfbaeba1da4152103e7e23f2f7222262.java,tooverallsla
activity,com/pegarules/generated/activity/ra_action_pushagentsinfo_3cb97ddcbcbbe076ad2ce6595d8d3c1d.java,ra_action_pushagentsinfo_3cb97ddcbcbbe076ad2ce6595d8d3c1d.java,pushagentsinfo
activity,com/pegarules/generated/activity/ra_action_pypopulateinstancelistfilters_e9171a19d37180701009d19b005226af.java,ra_action_pypopulateinstancelistfilters_e9171a19d37180701009d19b005226af.java,pypopulateinstancelistfilters
activity,com/pegarules/generated/activity/ra_action_pxgetservicesbytype_76769eaec5170bcd216967f09c23433c.java,ra_action_pxgetservicesbytype_76769eaec5170bcd216967f09c23433c.java,pxgetservicesbytype
activity,com/pegarules/generated/activity/ra_action_pzcountlocalactions_a1187f92a34d2a9ae22ac12c7a2b7906.java,ra_action_pzcountlocalactions_a1187f92a34d2a9ae22ac12c7a2b7906.java,pzcountlocalactions
activity,com/pegarules/generated/activity/ra_action_pygetnotificationsforoperator_fc10f098e8e77e580518c1f649b8580f.java,ra_action_pygetnotificationsforoperator_fc10f098e8e77e580518c1f649b8580f.java,pygetnotificationsforoperator
activity,com/pegarules/generated/activity/ra_action_pzinvalidateexplorerspages_a6a85fc9813c3c5a6021fbe99a7b3db7.java,ra_action_pzinvalidateexplorerspages_a6a85fc9813c3c5a6021fbe99a7b3db7.java,pzinvalidateexplorerspages
activity,com/pegarules/generated/activity/ra_action_pzfilteroutaccessgroupswithoutportal_0a1cde24cdc4c584afbd464f9ba58950.java,ra_action_pzfilteroutaccessgroupswithoutportal_0a1cde24cdc4c584afbd464f9ba58950.java,pzfilteroutaccessgroupswithoutportal
activity,com/pegarules/generated/activity/ra_action_pzvalidate_6b6393e9231c28f6fcaf2cf713d94768.java,ra_action_pzvalidate_6b6393e9231c28f6fcaf2cf713d94768.java,pzvalidate
activity,com/pegarules/generated/activity/ra_action_pzcopyclasskeys_787a77e51294b10fa09a236a56113298.java,ra_action_pzcopyclasskeys_787a77e51294b10fa09a236a56113298.java,pzcopyclasskeys
activity,com/pegarules/generated/activity/ra_action_pzreloadcurrentworkobject_415651338bec7a71ca1183fdce5d33e9.java,ra_action_pzreloadcurrentworkobject_415651338bec7a71ca1183fdce5d33e9.java,pzreloadcurrentworkobject
activity,com/pegarules/generated/activity/ra_action_pzsaveservicepkgsforapp_b7ef3599612f97634706ef784c4def55.java,ra_action_pzsaveservicepkgsforapp_b7ef3599612f97634706ef784c4def55.java,pzsaveservicepkgsforapp
activity,com/pegarules/generated/activity/ra_action_pzgetlistofflowsthatreferenceaflowaction_0b68dc6bfb5bcd0dd6b7a5f8395901a1.java,ra_action_pzgetlistofflowsthatreferenceaflowaction_0b68dc6bfb5bcd0dd6b7a5f8395901a1.java,pzgetlistofflowsthatreferenceaflowaction
activity,com/pegarules/generated/activity/ra_action_pzvalidatesingleremoveaction_f1fe34cf3567635af1fa644e984b77be.java,ra_action_pzvalidatesingleremoveaction_f1fe34cf3567635af1fa644e984b77be.java,pzvalidatesingleremoveaction
activity,com/pegarules/generated/activity/ra_action_pztransformlabels_3a0c1c51fe18dd9af156a062dea7c804.java,ra_action_pztransformlabels_3a0c1c51fe18dd9af156a062dea7c804.java,pztransformlabels
activity,com/pegarules/generated/activity/ra_action_pzvalidateworkmetadata_199dee056198c38c6e9bd8304aa75f21.java,ra_action_pzvalidateworkmetadata_199dee056198c38c6e9bd8304aa75f21.java,pzvalidateworkmetadata
activity,com/pegarules/generated/activity/ra_action_pzgenerateview_b549ed7b00b71deabc157e437e103789.java,ra_action_pzgenerateview_b549ed7b00b71deabc157e437e103789.java,pzgenerateview
activity,com/pegarules/generated/activity/ra_action_pzgetselectedcasetypedetails_fc79cd3641699bc8deda2c0cdc507618.java,ra_action_pzgetselectedcasetypedetails_fc79cd3641699bc8deda2c0cdc507618.java,pzgetselectedcasetypedetails
activity,com/pegarules/generated/activity/ra_action_pxsetcasesanddata_94fa0d685f38c2f223ce561a986a44bb.java,ra_action_pxsetcasesanddata_94fa0d685f38c2f223ce561a986a44bb.java,pxsetcasesanddata
activity,com/pegarules/generated/activity/ra_action_pzassociaterefclasseswithapp_be35a485ad115834a3e13c7a2f8cf2f2.java,ra_action_pzassociaterefclasseswithapp_be35a485ad115834a3e13c7a2f8cf2f2.java,pzassociaterefclasseswithapp
activity,com/pegarules/generated/activity/ra_action_pzvalidatecasetypeinfowrapper_618b40b6f475a1806465d2e15ce4cfcb.java,ra_action_pzvalidatecasetypeinfowrapper_618b40b6f475a1806465d2e15ce4cfcb.java,pzvalidatecasetypeinfowrapper
activity,com/pegarules/generated/activity/ra_action_newquickdefaults_fe300db80cb575d247754f92b08ac146.java,ra_action_newquickdefaults_fe300db80cb575d247754f92b08ac146.java,newquickdefaults
activity,com/pegarules/generated/activity/ra_action_upgradeonopen_bad298d9ba10c199be739194cdc23c36.java,ra_action_upgradeonopen_bad298d9ba10c199be739194cdc23c36.java,upgradeonopen
activity,com/pegarules/generated/activity/ra_action_pzmapwarningswithindex_c820aa4665a017c5aec67bf4d69e5702.java,ra_action_pzmapwarningswithindex_c820aa4665a017c5aec67bf4d69e5702.java,pzmapwarningswithindex
activity,com/pegarules/generated/activity/ra_action_pzfindflowfromflowactioninoutlineview_f3453e23e44f86e4b3c72332193104e2.java,ra_action_pzfindflowfromflowactioninoutlineview_f3453e23e44f86e4b3c72332193104e2.java,pzfindflowfromflowactioninoutlineview
activity,com/pegarules/generated/activity/ra_action_pzgetvalidsearchindices_1a582031a199eca5001953a2e3b5741c.java,ra_action_pzgetvalidsearchindices_1a582031a199eca5001953a2e3b5741c.java,pzgetvalidsearchindices
activity,com/pegarules/generated/activity/ra_action_pxsetapplicationdatadetails_b1d4c5600e3a44890e59c21e44f882d3.java,ra_action_pxsetapplicationdatadetails_b1d4c5600e3a44890e59c21e44f882d3.java,pxsetapplicationdatadetails
activity,com/pegarules/generated/activity/ra_action_pzgetcustomconfigurations_b2ec8d60983b5f617914dc975b984203.java,ra_action_pzgetcustomconfigurations_b2ec8d60983b5f617914dc975b984203.java,pzgetcustomconfigurations
activity,com/pegarules/generated/activity/ra_action_pxloadrelevantrecordtypes_76c02fcdd18c0c7d5875cfc7571dc6c8.java,ra_action_pxloadrelevantrecordtypes_76c02fcdd18c0c7d5875cfc7571dc6c8.java,pxloadrelevantrecordtypes
activity,com/pegarules/generated/activity/ra_action_pzvalidatewhenincasetype_1b58f6084e23e64781dda061bd05878c.java,ra_action_pzvalidatewhenincasetype_1b58f6084e23e64781dda061bd05878c.java,pzvalidatewhenincasetype
activity,com/pegarules/generated/activity/ra_action_pzruleset_versiondelete_1a4631c6a2ccff4cdf708542e9a20ed1.java,ra_action_pzruleset_versiondelete_1a4631c6a2ccff4cdf708542e9a20ed1.java,pzruleset versiondelete
activity,com/pegarules/generated/activity/ra_action_pzgetcurrentappreqscount_de50a88ceb0dfe95916da9adf01e1d1a.java,ra_action_pzgetcurrentappreqscount_de50a88ceb0dfe95916da9adf01e1d1a.java,pzgetcurrentappreqscount
activity,com/pegarules/generated/activity/ra_action_populatestartingflowsforapplication_8f8a04e4e29b8100e9242f4434d7ea02.java,ra_action_populatestartingflowsforapplication_8f8a04e4e29b8100e9242f4434d7ea02.java,populatestartingflowsforapplication
activity,com/pegarules/generated/activity/ra_action_pzvalidatescriptandstyles_cd104933dffb18da31b9341954bf49e3.java,ra_action_pzvalidatescriptandstyles_cd104933dffb18da31b9341954bf49e3.java,pzvalidatescriptandstyles
activity,com/pegarules/generated/activity/ra_action_pushchanges_9efc1d54fbf42e12926090fd92f176c9.java,ra_action_pushchanges_9efc1d54fbf42e12926090fd92f176c9.java,pushchanges
activity,com/pegarules/generated/activity/ra_action_upgradeonopen_396a7517b9564c4014b22f5983c45862.java,ra_action_upgradeonopen_396a7517b9564c4014b22f5983c45862.java,upgradeonopen
activity,com/pegarules/generated/activity/ra_action_pzvalidateadvancedsettings_8210a72d181d04fc029d3052aafed310.java,ra_action_pzvalidateadvancedsettings_8210a72d181d04fc029d3052aafed310.java,pzvalidateadvancedsettings
activity,com/pegarules/generated/activity/ra_action_pzpurgerulecoveragedata_aaabb3bca61ff5df112652ab1ff87ee3.java,ra_action_pzpurgerulecoveragedata_aaabb3bca61ff5df112652ab1ff87ee3.java,pzpurgerulecoveragedata
activity,com/pegarules/generated/activity/ra_action_pxloadextensions_49d93a30f170a7715637d81bb3001ba5.java,ra_action_pxloadextensions_49d93a30f170a7715637d81bb3001ba5.java,pxloadextensions
activity,com/pegarules/generated/activity/ra_action_pypostgridupdate_323f7f4b95090644235cd0f86b565a4a.java,ra_action_pypostgridupdate_323f7f4b95090644235cd0f86b565a4a.java,pypostgridupdate
activity,com/pegarules/generated/activity/ra_action_pzsetruntimedesignsettings_e44f2cc45312aec126de3bb478e41b52.java,ra_action_pzsetruntimedesignsettings_e44f2cc45312aec126de3bb478e41b52.java,pzsetruntimedesignsettings
activity,com/pegarules/generated/activity/ra_action_pzrenameshapewrapper_c53937f7b336cf43438d0451c0f615a8.java,ra_action_pzrenameshapewrapper_c53937f7b336cf43438d0451c0f615a8.java,pzrenameshapewrapper
activity,com/pegarules/generated/activity/ra_action_pypreshowrmaction_a0264f0afdd5000f38ce5a7bafb4b27c.java,ra_action_pypreshowrmaction_a0264f0afdd5000f38ce5a7bafb4b27c.java,pypreshowrmaction
activity,com/pegarules/generated/activity/ra_action_pzopenandverifyflow_cf034c1e06d3a42fc3e0c2ea33d94aa9.java,ra_action_pzopenandverifyflow_cf034c1e06d3a42fc3e0c2ea33d94aa9.java,pzopenandverifyflow
activity,com/pegarules/generated/activity/ra_action_pygetworkclasses_357c2f578ddf1f0c04ca34741c5344f0.java,ra_action_pygetworkclasses_357c2f578ddf1f0c04ca34741c5344f0.java,pygetworkclasses
activity,com/pegarules/generated/activity/ra_action_pysetverbosemode_a7a370f3703c8a5510c7864e162e8a4a.java,ra_action_pysetverbosemode_a7a370f3703c8a5510c7864e162e8a4a.java,pysetverbosemode
activity,com/pegarules/generated/activity/ra_action_pypostgridupdate_4aa168956ffab44b3ed0d54d819a9880.java,ra_action_pypostgridupdate_4aa168956ffab44b3ed0d54d819a9880.java,pypostgridupdate
activity,com/pegarules/generated/activity/ra_action_pzftsconflictshandler_ac5faf8515f3be4cbfce2d031efdda24.java,ra_action_pzftsconflictshandler_ac5faf8515f3be4cbfce2d031efdda24.java,pzftsconflictshandler
activity,com/pegarules/generated/activity/ra_action_prenewdialog_cfb5fb8a8c8fa22ba2381a9419c9c4e1.java,ra_action_prenewdialog_cfb5fb8a8c8fa22ba2381a9419c9c4e1.java,prenewdialog
activity,com/pegarules/generated/activity/ra_action_pygetmanagerworkgroups_acc6509f8e35ebe9af186179a0d6f9e9.java,ra_action_pygetmanagerworkgroups_acc6509f8e35ebe9af186179a0d6f9e9.java,pygetmanagerworkgroups
activity,com/pegarules/generated/activity/ra_action_pzpopulatestartingflowsforcasetype_cf0c5e93a0cd6446a3535272d2e356fa.java,ra_action_pzpopulatestartingflowsforcasetype_cf0c5e93a0cd6446a3535272d2e356fa.java,pzpopulatestartingflowsforcasetype
activity,com/pegarules/generated/activity/ra_action_pzdeletereportshortcut_983cd68013e331793e76acadadcb6dba.java,ra_action_pzdeletereportshortcut_983cd68013e331793e76acadadcb6dba.java,pzdeletereportshortcut
activity,com/pegarules/generated/activity/ra_action_pzgetenvironmentinformation_183011be63ad1004b5f2c1777acec372.java,ra_action_pzgetenvironmentinformation_183011be63ad1004b5f2c1777acec372.java,pzgetenvironmentinformation
activity,com/pegarules/generated/activity/ra_action_pxcreaterecordinner_6957e5b8e1ae4692ecb179dc7554ee5d.java,ra_action_pxcreaterecordinner_6957e5b8e1ae4692ecb179dc7554ee5d.java,pxcreaterecordinner
activity,com/pegarules/generated/activity/ra_action_pysetpreviewpanelcontext_e79e93fe5a35becdd1aa1fd859f9499b.java,ra_action_pysetpreviewpanelcontext_e79e93fe5a35becdd1aa1fd859f9499b.java,pysetpreviewpanelcontext
activity,com/pegarules/generated/activity/ra_action_pzdetermineruntimefeatures_865cdef4109436c9f134419b6d161e49.java,ra_action_pzdetermineruntimefeatures_865cdef4109436c9f134419b6d161e49.java,pzdetermineruntimefeatures
activity,com/pegarules/generated/activity/ra_action_pzgetcategories_ee0b888156a0e5aeae5bbdae40448adb.java,ra_action_pzgetcategories_ee0b888156a0e5aeae5bbdae40448adb.java,pzgetcategories
activity,com/pegarules/generated/activity/ra_action_pzcreatedashboarddatapages_0614cd288c8702785f942ec7e1da9a39.java,ra_action_pzcreatedashboarddatapages_0614cd288c8702785f942ec7e1da9a39.java,pzcreatedashboarddatapages
activity,com/pegarules/generated/activity/ra_action_pyrmactionpresave_7352388e00df33a9fcca77348ef55b7e.java,ra_action_pyrmactionpresave_7352388e00df33a9fcca77348ef55b7e.java,pyrmactionpresave
activity,com/pegarules/generated/activity/ra_action_pxallavailablereleases_8df014bf34b6219a24ec29d543e4fc50.java,ra_action_pxallavailablereleases_8df014bf34b6219a24ec29d543e4fc50.java,pxallavailablereleases
activity,com/pegarules/generated/activity/ra_action_pzloaddatasourceparams_f1f8721050d62db793c6420cd8ec1c02.java,ra_action_pzloaddatasourceparams_f1f8721050d62db793c6420cd8ec1c02.java,pzloaddatasourceparams
activity,com/pegarules/generated/activity/ra_action_pzloadstagestatusdp_376390c81633845cd95ba089fd05f5bd.java,ra_action_pzloadstagestatusdp_376390c81633845cd95ba089fd05f5bd.java,pzloadstagestatusdp
activity,com/pegarules/generated/activity/ra_action_pzpmviewpreprocess_c87120f3971204bd816ebfaa83f410ae.java,ra_action_pzpmviewpreprocess_c87120f3971204bd816ebfaa83f410ae.java,pzpmviewpreprocess
activity,com/pegarules/generated/activity/ra_action_pygetallposttypes_b87e2c037bdf85c282cbdbd0f832dd38.java,ra_action_pygetallposttypes_b87e2c037bdf85c282cbdbd0f832dd38.java,pygetallposttypes
activity,com/pegarules/generated/activity/ra_action_pzgetpersonaalldetails_b53a219781a84806cee1432da5418bd1.java,ra_action_pzgetpersonaalldetails_b53a219781a84806cee1432da5418bd1.java,pzgetpersonaalldetails
activity,com/pegarules/generated/activity/ra_action_pzdeleteoldpegataskitems_5ef6f0ce0466dbe4e45f727463eed59c.java,ra_action_pzdeleteoldpegataskitems_5ef6f0ce0466dbe4e45f727463eed59c.java,pzdeleteoldpegataskitems
activity,com/pegarules/generated/activity/ra_action_pzloaddatatransform_7428e5781cb2161a1d2703b92a34b0e0.java,ra_action_pzloaddatatransform_7428e5781cb2161a1d2703b92a34b0e0.java,pzloaddatatransform
activity,com/pegarules/generated/activity/ra_action_pzupdateinheritance_526d1538b562dd60dbfd781b7d29c458.java,ra_action_pzupdateinheritance_526d1538b562dd60dbfd781b7d29c458.java,pzupdateinheritance
activity,com/pegarules/generated/activity/ra_action_pzinvalidatenotificationsforoperator_7c3cb22bd49b5e8dd9db99dffae33253.java,ra_action_pzinvalidatenotificationsforoperator_7c3cb22bd49b5e8dd9db99dffae33253.java,pzinvalidatenotificationsforoperator
activity,com/pegarules/generated/activity/ra_action_pzloadapplicationstack_8673becc5b77155254bd8f79fd183108.java,ra_action_pzloadapplicationstack_8673becc5b77155254bd8f79fd183108.java,pzloadapplicationstack
activity,com/pegarules/generated/activity/ra_action_pygetpmfepicstatus_7b3b021d192fd96b95f306e4772a5f4d.java,ra_action_pygetpmfepicstatus_7b3b021d192fd96b95f306e4772a5f4d.java,pygetpmfepicstatus
activity,com/pegarules/generated/activity/ra_action_pzsyncindividualassettoconstellation_9193d423faa88e561d78aead377a7341.java,ra_action_pzsyncindividualassettoconstellation_9193d423faa88e561d78aead377a7341.java,pzsyncindividualassettoconstellation
activity,com/pegarules/generated/activity/ra_action_pzcapturesnapshotsperiodically_fdc119af167b5e63a6436ba5af653c29.java,ra_action_pzcapturesnapshotsperiodically_fdc119af167b5e63a6436ba5af653c29.java,pzcapturesnapshotsperiodically
activity,com/pegarules/generated/activity/ra_action_pxvalidate_bd0cea165e14ac853642ac7ae746e122.java,ra_action_pxvalidate_bd0cea165e14ac853642ac7ae746e122.java,pxvalidate
activity,com/pegarules/generated/activity/ra_action_pznullpropsordatatrans_db5c86ce78f31281769957bf053211a5.java,ra_action_pznullpropsordatatrans_db5c86ce78f31281769957bf053211a5.java,pznullpropsordatatrans
activity,com/pegarules/generated/activity/ra_action_pzdeletestartingflowsforapplication_f6fd7d1f4aaba392fd169242810786f3.java,ra_action_pzdeletestartingflowsforapplication_f6fd7d1f4aaba392fd169242810786f3.java,pzdeletestartingflowsforapplication
activity,com/pegarules/generated/activity/ra_action_pzsetselectedcasetype_e053e1b5767c31f9fc4d07489b96f035.java,ra_action_pzsetselectedcasetype_e053e1b5767c31f9fc4d07489b96f035.java,pzsetselectedcasetype
activity,com/pegarules/generated/activity/ra_action_pzpopulatefeaturetree_0318ae90d878d7ef0387b3726b80d61d.java,ra_action_pzpopulatefeaturetree_0318ae90d878d7ef0387b3726b80d61d.java,pzpopulatefeaturetree
activity,com/pegarules/generated/activity/ra_action_pxcheckifrulesetsexist_ecea1efc7d05cbb0435b1bb40a84b022.java,ra_action_pxcheckifrulesetsexist_ecea1efc7d05cbb0435b1bb40a84b022.java,pxcheckifrulesetsexist
activity,com/pegarules/generated/activity/ra_action_pzgetcollaborationsettings_290448ec9c0d6a6c4464243cea064da9.java,ra_action_pzgetcollaborationsettings_290448ec9c0d6a6c4464243cea064da9.java,pzgetcollaborationsettings
activity,com/pegarules/generated/activity/ra_action_pzpushjwktoc11nservice_1f05535c24fcbc58aec105721df34133.java,ra_action_pzpushjwktoc11nservice_1f05535c24fcbc58aec105721df34133.java,pzpushjwktoc11nservice
activity,com/pegarules/generated/activity/ra_action_pushjobschedulerandqueueprocr_718c98d39858ec822d2dd3675b7c504c.java,ra_action_pushjobschedulerandqueueprocr_718c98d39858ec822d2dd3675b7c504c.java,pushjobschedulerandqueueprocr
activity,com/pegarules/generated/activity/ra_action_pzvalidateapplicationstack_5f324a298bc01400f8e8436d725170a3.java,ra_action_pzvalidateapplicationstack_5f324a298bc01400f8e8436d725170a3.java,pzvalidateapplicationstack
activity,com/pegarules/generated/activity/ra_action_pzsavealldirtysubflows_eebe2023956099cca6a1516451dfdd42.java,ra_action_pzsavealldirtysubflows_eebe2023956099cca6a1516451dfdd42.java,pzsavealldirtysubflows
activity,com/pegarules/generated/activity/ra_action_pzloadappmgmtassets_2d58bbde6163eae2af14dee83e4cf5c6.java,ra_action_pzloadappmgmtassets_2d58bbde6163eae2af14dee83e4cf5c6.java,pzloadappmgmtassets
activity,com/pegarules/generated/activity/ra_action_pzonpagetyperefpropertysave_8dc73508157aa4836dbf7c5fe2ac2195.java,ra_action_pzonpagetyperefpropertysave_8dc73508157aa4836dbf7c5fe2ac2195.java,pzonpagetyperefpropertysave
activity,com/pegarules/generated/activity/ra_action_pzpreparecreatewhenrulesetnotexists_d5adf33415fbfc2e6da7571f7ad0069f.java,ra_action_pzpreparecreatewhenrulesetnotexists_d5adf33415fbfc2e6da7571f7ad0069f.java,pzpreparecreatewhenrulesetnotexists
activity,com/pegarules/generated/activity/ra_action_dofuassembly_fde2399c8c48c1c3aa696a6b02b97b37.java,ra_action_dofuassembly_fde2399c8c48c1c3aa696a6b02b97b37.java,dofuassembly
activity,com/pegarules/generated/activity/ra_action_pzinitpmcontext_c61f978bcf61f05a810a513d9769ec27.java,ra_action_pzinitpmcontext_c61f978bcf61f05a810a513d9769ec27.java,pzinitpmcontext
activity,com/pegarules/generated/activity/ra_action_pushdailycasedata_55406b7b2669a769ea49eb17b2823e6f.java,ra_action_pushdailycasedata_55406b7b2669a769ea49eb17b2823e6f.java,pushdailycasedata
activity,com/pegarules/generated/activity/ra_action_establishcontext_38d0478402ac79038c38e0fe503b9737.java,ra_action_establishcontext_38d0478402ac79038c38e0fe503b9737.java,establishcontext
activity,com/pegarules/generated/activity/ra_action_pzgetmobileapplications_a4bedd4749c454ca87333005d2ea40d9.java,ra_action_pzgetmobileapplications_a4bedd4749c454ca87333005d2ea40d9.java,pzgetmobileapplications
activity,com/pegarules/generated/activity/ra_action_pzremoveexpiredcollaborators_144d84b658e351febcb940489282a78b.java,ra_action_pzremoveexpiredcollaborators_144d84b658e351febcb940489282a78b.java,pzremoveexpiredcollaborators
activity,com/pegarules/generated/activity/ra_action_pzfetchjobinfo_7046bd5b8489845d93d6d0aabde18ab2.java,ra_action_pzfetchjobinfo_7046bd5b8489845d93d6d0aabde18ab2.java,pzfetchjobinfo
activity,com/pegarules/generated/activity/ra_action_pzcasetypeconfigcleanup_3c859cbe27e0eb6b70b0b069bd81745b.java,ra_action_pzcasetypeconfigcleanup_3c859cbe27e0eb6b70b0b069bd81745b.java,pzcasetypeconfigcleanup
activity,com/pegarules/generated/activity/ra_action_pzgetsecurityscoreforapp_95f9cb229ff1594ce85eac7bad20d6e7.java,ra_action_pzgetsecurityscoreforapp_95f9cb229ff1594ce85eac7bad20d6e7.java,pzgetsecurityscoreforapp
activity,com/pegarules/generated/activity/ra_action_pypopulateinstancelistcolumns_f1e88718916d5acb8d288eed5d135c3d.java,ra_action_pypopulateinstancelistcolumns_f1e88718916d5acb8d288eed5d135c3d.java,pypopulateinstancelistcolumns
activity,com/pegarules/generated/activity/ra_action_pxaddprimarystage_c6e528536039fbf12f43b7a588010c69.java,ra_action_pxaddprimarystage_c6e528536039fbf12f43b7a588010c69.java,pxaddprimarystage
activity,com/pegarules/generated/activity/ra_action_pzrunadmmonitoringtasks_b09a56c9fb33efe438acec0cbc866fb9.java,ra_action_pzrunadmmonitoringtasks_b09a56c9fb33efe438acec0cbc866fb9.java,pzrunadmmonitoringtasks
activity,com/pegarules/generated/activity/ra_action_pzrunappexplorerexpand_fba0c97681b56a26fef794ef17aa7ee4.java,ra_action_pzrunappexplorerexpand_fba0c97681b56a26fef794ef17aa7ee4.java,pzrunappexplorerexpand
activity,com/pegarules/generated/activity/ra_action_pzgetabsolutereferenceofrequiredcasetypepage_9cc0bd98622074587fb9615d702a443a.java,ra_action_pzgetabsolutereferenceofrequiredcasetypepage_9cc0bd98622074587fb9615d702a443a.java,pzgetabsolutereferenceofrequiredcasetypepage
activity,com/pegarules/generated/activity/ra_action_pzgetsubclassestemplates_e72a5b3ed23aef9a831f6d55ce73ef4d.java,ra_action_pzgetsubclassestemplates_e72a5b3ed23aef9a831f6d55ce73ef4d.java,pzgetsubclassestemplates
activity,com/pegarules/generated/activity/ra_action_pxgetallworktypesinappforcaseexplorer_c1b786831a01c090bef36209e8b52757.java,ra_action_pxgetallworktypesinappforcaseexplorer_c1b786831a01c090bef36209e8b52757.java,pxgetallworktypesinappforcaseexplorer
activity,com/pegarules/generated/activity/ra_action_pzvalidatesectionusingdesigntemplate_709c2c662ad5e10cdcb03200e8a2f21e.java,ra_action_pzvalidatesectionusingdesigntemplate_709c2c662ad5e10cdcb03200e8a2f21e.java,pzvalidatesectionusingdesigntemplate
activity,com/pegarules/generated/activity/ra_action_pzgetappviews_d4badc9aff35471e3277df05f132d683.java,ra_action_pzgetappviews_d4badc9aff35471e3277df05f132d683.java,pzgetappviews
activity,com/pegarules/generated/activity/ra_action_pzpopulateshapenodes_a5e17482cd16af75465fcaca47fcc3aa.java,ra_action_pzpopulateshapenodes_a5e17482cd16af75465fcaca47fcc3aa.java,pzpopulateshapenodes
activity,com/pegarules/generated/activity/ra_action_pzclearprocesscacheforcasetype_6b062733cb87d76d33684c0ba9583c95.java,ra_action_pzclearprocesscacheforcasetype_6b062733cb87d76d33684c0ba9583c95.java,pzclearprocesscacheforcasetype
activity,com/pegarules/generated/activity/ra_action_pzsaveflowandrefreshwrapper_a167b51d8443962965dc2ff052905348.java,ra_action_pzsaveflowandrefreshwrapper_a167b51d8443962965dc2ff052905348.java,pzsaveflowandrefreshwrapper
activity,com/pegarules/generated/activity/ra_action_pzsaveimagedata_aed24f02904b0c73f6e11672bc3bb25b.java,ra_action_pzsaveimagedata_aed24f02904b0c73f6e11672bc3bb25b.java,pzsaveimagedata
activity,com/pegarules/generated/activity/ra_action_pzpergetestresultsdata_5ea37caa0fb49c1625e008d55837e997.java,ra_action_pzpergetestresultsdata_5ea37caa0fb49c1625e008d55837e997.java,pzpergetestresultsdata
activity,com/pegarules/generated/activity/ra_action_pzpropertypanelpostwrapper_367f29e39f6a9b94b5c9406f11815b1d.java,ra_action_pzpropertypanelpostwrapper_367f29e39f6a9b94b5c9406f11815b1d.java,pzpropertypanelpostwrapper
activity,com/pegarules/generated/activity/ra_action_pzgetapplicationdetails_a0716abfbd1d821df4903c561d88195e.java,ra_action_pzgetapplicationdetails_a0716abfbd1d821df4903c561d88195e.java,pzgetapplicationdetails
activity,com/pegarules/generated/activity/ra_action_pxrename_83e7cfd43dfa56b19ed7adc7a6a3f9be.java,ra_action_pxrename_83e7cfd43dfa56b19ed7adc7a6a3f9be.java,pxrename
activity,com/pegarules/generated/activity/ra_action_pzcd_renameshapewrapper_fe831dbeb6199f061e40b799e4a9d724.java,ra_action_pzcd_renameshapewrapper_fe831dbeb6199f061e40b799e4a9d724.java,pzcd renameshapewrapper
activity,com/pegarules/generated/activity/ra_action_checkaesconnection_0786bfbcd8aa63b067590fcd372dfeba.java,ra_action_checkaesconnection_0786bfbcd8aa63b067590fcd372dfeba.java,checkaesconnection
activity,com/pegarules/generated/activity/ra_action_pushindexusedinfo_b6c4f2ff5485945989619b7c91a1078a.java,ra_action_pushindexusedinfo_b6c4f2ff5485945989619b7c91a1078a.java,pushindexusedinfo
activity,com/pegarules/generated/activity/ra_action_pzcasetypeadvancedconditionscleanup_55449fdae58a3d2ce5e6e718861b685a.java,ra_action_pzcasetypeadvancedconditionscleanup_55449fdae58a3d2ce5e6e718861b685a.java,pzcasetypeadvancedconditionscleanup
activity,com/pegarules/generated/activity/ra_action_pzvalidaterundatatransformparameters_f3a600c5c9271768ee7f68da99a5efe1.java,ra_action_pzvalidaterundatatransformparameters_f3a600c5c9271768ee7f68da99a5efe1.java,pzvalidaterundatatransformparameters
activity,com/pegarules/generated/activity/ra_action_pzcreateattachmentscategory_dadd0be67fdfb4b22ba99f54e876654f.java,ra_action_pzcreateattachmentscategory_dadd0be67fdfb4b22ba99f54e876654f.java,pzcreateattachmentscategory
activity,com/pegarules/generated/activity/ra_action_pzloadrecordsfrombulksource_b129fcee9b9774a106f18e6686540806.java,ra_action_pzloadrecordsfrombulksource_b129fcee9b9774a106f18e6686540806.java,pzloadrecordsfrombulksource
activity,com/pegarules/generated/activity/ra_action_pzcreateoperatorandsendemail_ca7ae47b89a0494a2550ccc1c434213e.java,ra_action_pzcreateoperatorandsendemail_ca7ae47b89a0494a2550ccc1c434213e.java,pzcreateoperatorandsendemail
activity,com/pegarules/generated/activity/ra_action_pzftscreateindex_23e8032985d26d5c4fbdae34712d455e.java,ra_action_pzftscreateindex_23e8032985d26d5c4fbdae34712d455e.java,pzftscreateindex
activity,com/pegarules/generated/activity/ra_action_pzdmpmlockedflow_rf_759588ca22b142f2cdee083e50bdd42b.java,ra_action_pzdmpmlockedflow_rf_759588ca22b142f2cdee083e50bdd42b.java,pzdmpmlockedflow rf
activity,com/pegarules/generated/activity/ra_action_presave_498a12974d30fa6935494a6b47bb348d.java,ra_action_presave_498a12974d30fa6935494a6b47bb348d.java,presave
activity,com/pegarules/generated/activity/ra_action_pzgivecurrentuseraccesstonewapp_f78273d39354d7a6218416e88ff81c98.java,ra_action_pzgivecurrentuseraccesstonewapp_f78273d39354d7a6218416e88ff81c98.java,pzgivecurrentuseraccesstonewapp
activity,com/pegarules/generated/activity/ra_action_pzupdatecorrespondingcounts_9588724e8a854df56665735877cb753f.java,ra_action_pzupdatecorrespondingcounts_9588724e8a854df56665735877cb753f.java,pzupdatecorrespondingcounts
activity,com/pegarules/generated/activity/ra_action_pzpresave_24bd8478cac1f9f5b8bb90cb9f544554.java,ra_action_pzpresave_24bd8478cac1f9f5b8bb90cb9f544554.java,pzpresave
activity,com/pegarules/generated/activity/ra_action_pzapplynewappapistatus_1597c8c7d18bbd82d3868f61e9a49723.java,ra_action_pzapplynewappapistatus_1597c8c7d18bbd82d3868f61e9a49723.java,pzapplynewappapistatus
activity,com/pegarules/generated/activity/ra_action_pysetpulsecustomcontext_5088e71b00b90d5a72875fd29b1ae921.java,ra_action_pysetpulsecustomcontext_5088e71b00b90d5a72875fd29b1ae921.java,pysetpulsecustomcontext
activity,com/pegarules/generated/activity/ra_action_pxsetverbosemode_c7ed1623b61a9e26898cd3880621ea9b.java,ra_action_pxsetverbosemode_c7ed1623b61a9e26898cd3880621ea9b.java,pxsetverbosemode
activity,com/pegarules/generated/activity/ra_action_pzgetrecordmanagementpreferences_c394974aca6c1f97056f359a43aa05a5.java,ra_action_pzgetrecordmanagementpreferences_c394974aca6c1f97056f359a43aa05a5.java,pzgetrecordmanagementpreferences
activity,com/pegarules/generated/activity/ra_action_pzrunrulesexplorer_0d06b05ae0005a8396a9e26025f5db88.java,ra_action_pzrunrulesexplorer_0d06b05ae0005a8396a9e26025f5db88.java,pzrunrulesexplorer
activity,com/pegarules/generated/activity/ra_action_pzpurgespecificationdata_02a637843928e22e806dfa2d662ec73b.java,ra_action_pzpurgespecificationdata_02a637843928e22e806dfa2d662ec73b.java,pzpurgespecificationdata
activity,com/pegarules/generated/activity/ra_action_publishdecisionsmetrics_00e0d436d404638506de8aeca4030717.java,ra_action_publishdecisionsmetrics_00e0d436d404638506de8aeca4030717.java,publishdecisionsmetrics
activity,com/pegarules/generated/activity/ra_action_pzasyncloadsmtpconnectivity_6bcf3de4673d3be78de69e1b0b571ccd.java,ra_action_pzasyncloadsmtpconnectivity_6bcf3de4673d3be78de69e1b0b571ccd.java,pzasyncloadsmtpconnectivity
activity,com/pegarules/generated/activity/ra_action_pyenforceretentionpolicy_ba920824c54e3062c8672e9bf6676749.java,ra_action_pyenforceretentionpolicy_ba920824c54e3062c8672e9bf6676749.java,pyenforceretentionpolicy
activity,com/pegarules/generated/activity/ra_action_pzdetermineplatformversion_4db8c22c8c245c957c45565ffb1625c1.java,ra_action_pzdetermineplatformversion_4db8c22c8c245c957c45565ffb1625c1.java,pzdetermineplatformversion
activity,com/pegarules/generated/activity/ra_action_pzpopulaterulecomparelist_837384e259c40e007fde73c1006c9acd.java,ra_action_pzpopulaterulecomparelist_837384e259c40e007fde73c1006c9acd.java,pzpopulaterulecomparelist
activity,com/pegarules/generated/activity/ra_action_pzdeterminesectioncategory_79436d723b13a3b4eab8414dc6bafe83.java,ra_action_pzdeterminesectioncategory_79436d723b13a3b4eab8414dc6bafe83.java,pzdeterminesectioncategory
activity,com/pegarules/generated/activity/ra_action_pyvalidateswitchapplication_89198da7adfa3d780c1eba31ca00cef5.java,ra_action_pyvalidateswitchapplication_89198da7adfa3d780c1eba31ca00cef5.java,pyvalidateswitchapplication
activity,com/pegarules/generated/activity/ra_action_pzpurgedecisionfileswrapper_099ff868ecf04ff98e2196b9d498796c.java,ra_action_pzpurgedecisionfileswrapper_099ff868ecf04ff98e2196b9d498796c.java,pzpurgedecisionfileswrapper
activity,com/pegarules/generated/activity/ra_action_pzgettemplateharnessdetails_b6351651c8219df87786205a73748f17.java,ra_action_pzgettemplateharnessdetails_b6351651c8219df87786205a73748f17.java,pzgettemplateharnessdetails
activity,com/pegarules/generated/activity/ra_action_pycheckpxhandleresponsesdfstatus_5927fb197f37064fe6fef5bea651e6b6.java,ra_action_pycheckpxhandleresponsesdfstatus_5927fb197f37064fe6fef5bea651e6b6.java,pycheckpxhandleresponsesdfstatus
activity,com/pegarules/generated/activity/ra_action_pzsetdirtyflag_35322529ddcb0c88a6b7823660582381.java,ra_action_pzsetdirtyflag_35322529ddcb0c88a6b7823660582381.java,pzsetdirtyflag
activity,com/pegarules/generated/activity/ra_action_pzrenameshapelabel_fe95d6373197e1974d97f9e1a048f635.java,ra_action_pzrenameshapelabel_fe95d6373197e1974d97f9e1a048f635.java,pzrenameshapelabel
activity,com/pegarules/generated/activity/ra_action_pzremovepropertiesforsaveas_3a78743a02fbd62716e46758b423867c.java,ra_action_pzremovepropertiesforsaveas_3a78743a02fbd62716e46758b423867c.java,pzremovepropertiesforsaveas
activity,com/pegarules/generated/activity/ra_action_pynextactioncontextualprompt_fef1a2b6c805bbc51c7f1150c688ba36.java,ra_action_pynextactioncontextualprompt_fef1a2b6c805bbc51c7f1150c688ba36.java,pynextactioncontextualprompt
activity,com/pegarules/generated/activity/ra_action_pzqueueprocessormaintenance_6a8dd758e87f57172a45a6f05a28ace7.java,ra_action_pzqueueprocessormaintenance_6a8dd758e87f57172a45a6f05a28ace7.java,pzqueueprocessormaintenance
activity,com/pegarules/generated/activity/ra_action_pypregridupdate_7ebf1e6db0be01c40e8be57b663c1f3e.java,ra_action_pypregridupdate_7ebf1e6db0be01c40e8be57b663c1f3e.java,pypregridupdate
activity,com/pegarules/generated/activity/ra_action_pzcheckifapplicationisinstack_76759293853c2a7b23d6815391db8643.java,ra_action_pzcheckifapplicationisinstack_76759293853c2a7b23d6815391db8643.java,pzcheckifapplicationisinstack
activity,com/pegarules/generated/activity/ra_action_pzpurgesnapshots_14e175d5bec95598d26860f5107230aa.java,ra_action_pzpurgesnapshots_14e175d5bec95598d26860f5107230aa.java,pzpurgesnapshots
activity,com/pegarules/generated/activity/ra_action_pzrefreshappexplorer_c09c78803b508317b568ae7ba89dbc5d.java,ra_action_pzrefreshappexplorer_c09c78803b508317b568ae7ba89dbc5d.java,pzrefreshappexplorer
activity,com/pegarules/generated/activity/ra_action_pzsavestagedata_d88edee15357d6f930817bac8690b8f6.java,ra_action_pzsavestagedata_d88edee15357d6f930817bac8690b8f6.java,pzsavestagedata
activity,com/pegarules/generated/activity/ra_action_pxgetorderedflowsteps_25f557518c83fd9c9f0f9629d2f7422b.java,ra_action_pxgetorderedflowsteps_25f557518c83fd9c9f0f9629d2f7422b.java,pxgetorderedflowsteps
activity,com/pegarules/generated/activity/ra_action_pznodecleaner_c52c5de7db72816444048ffcfb548a87.java,ra_action_pznodecleaner_c52c5de7db72816444048ffcfb548a87.java,pznodecleaner
activity,com/pegarules/generated/activity/ra_action_pzvalidateproductionrs_5fb090eb27f3c812765e6947b0d3c4af.java,ra_action_pzvalidateproductionrs_5fb090eb27f3c812765e6947b0d3c4af.java,pzvalidateproductionrs
activity,com/pegarules/generated/activity/ra_action_pxgetusagedatarepository_22a2ff1dc1e1299a06f631aacd024a03.java,ra_action_pxgetusagedatarepository_22a2ff1dc1e1299a06f631aacd024a03.java,pxgetusagedatarepository
activity,com/pegarules/generated/activity/ra_action_pzgetapplicationofruleset_3cb535e8ca31e0419c1ba25a5cbcbad1.java,ra_action_pzgetapplicationofruleset_3cb535e8ca31e0419c1ba25a5cbcbad1.java,pzgetapplicationofruleset
activity,com/pegarules/generated/activity/ra_action_dofuassembly_c6132e432be1067e2ee168d123a74dc1.java,ra_action_dofuassembly_c6132e432be1067e2ee168d123a74dc1.java,dofuassembly
activity,com/pegarules/generated/activity/ra_action_pzexplorermenuclass_b3213097409ecc7d8a7585a457300c33.java,ra_action_pzexplorermenuclass_b3213097409ecc7d8a7585a457300c33.java,pzexplorermenuclass
activity,com/pegarules/generated/activity/ra_action_pzpopulatestartingflowsforclass_d06fba41bf0840a15e2bd0e2e7200123.java,ra_action_pzpopulatestartingflowsforclass_d06fba41bf0840a15e2bd0e2e7200123.java,pzpopulatestartingflowsforclass
activity,com/pegarules/generated/activity/ra_action_pzgetdatamodelfieldsforui_e83608e808204178fa8fa249ea0e5a44.java,ra_action_pzgetdatamodelfieldsforui_e83608e808204178fa8fa249ea0e5a44.java,pzgetdatamodelfieldsforui
activity,com/pegarules/generated/activity/ra_action_pycalculatelabel_3ddd4165ce7eefde89c14e9bdee5d87c.java,ra_action_pycalculatelabel_3ddd4165ce7eefde89c14e9bdee5d87c.java,pycalculatelabel
activity,com/pegarules/generated/activity/ra_action_pzgetdelegatedrules_33414a7e860378191aa8441b9fc6ab66.java,ra_action_pzgetdelegatedrules_33414a7e860378191aa8441b9fc6ab66.java,pzgetdelegatedrules
activity,com/pegarules/generated/activity/ra_action_pztrimlog_c61a0aa83dbf68ea6e7bdf92c82cf7f5.java,ra_action_pztrimlog_c61a0aa83dbf68ea6e7bdf92c82cf7f5.java,pztrimlog
activity,com/pegarules/generated/activity/ra_action_pzftssearchinstall_da50264ae6253627d23db960cb788eec.java,ra_action_pzftssearchinstall_da50264ae6253627d23db960cb788eec.java,pzftssearchinstall
activity,com/pegarules/generated/activity/ra_action_pzhazelcastremoteexecutionqueuecleaner_899fe20229e390494379e1b918c77b83.java,ra_action_pzhazelcastremoteexecutionqueuecleaner_899fe20229e390494379e1b918c77b83.java,pzhazelcastremoteexecutionqueuecleaner
activity,com/pegarules/generated/activity/ra_action_pzbuildapplicationdefaults_b92a65aa686ce3580839428cc3095832.java,ra_action_pzbuildapplicationdefaults_b92a65aa686ce3580839428cc3095832.java,pzbuildapplicationdefaults
activity,com/pegarules/generated/activity/ra_action_pzloadcasetype_577c61de54f5b7e77a01a69937a70052.java,ra_action_pzloadcasetype_577c61de54f5b7e77a01a69937a70052.java,pzloadcasetype
activity,com/pegarules/generated/activity/ra_action_pzflushassociateddatapages_adb25cf529aaee8f48ca4638398c2734.java,ra_action_pzflushassociateddatapages_adb25cf529aaee8f48ca4638398c2734.java,pzflushassociateddatapages
activity,com/pegarules/generated/activity/ra_action_pzgetruleparameters_4cfd0b4008bffcda99af6ddef8679e8b.java,ra_action_pzgetruleparameters_4cfd0b4008bffcda99af6ddef8679e8b.java,pzgetruleparameters
activity,com/pegarules/generated/activity/ra_action_populatestartingflowsforflow_a5a9fd72dd40bf38c52faa25ff185733.java,ra_action_populatestartingflowsforflow_a5a9fd72dd40bf38c52faa25ff185733.java,populatestartingflowsforflow
activity,com/pegarules/generated/activity/ra_action_pypresaveas_6c20d2c202b069a9b78f247122e5ab1e.java,ra_action_pypresaveas_6c20d2c202b069a9b78f247122e5ab1e.java,pypresaveas
activity,com/pegarules/generated/activity/ra_action_pzvalidatecasestages_4e8a92c53c7a8d1e9d7c86b7d44d0d33.java,ra_action_pzvalidatecasestages_4e8a92c53c7a8d1e9d7c86b7d44d0d33.java,pzvalidatecasestages
activity,com/pegarules/generated/activity/ra_action_pzloadserviceslp_57b00fa96ae6be62fcb812393c0c52ff.java,ra_action_pzloadserviceslp_57b00fa96ae6be62fcb812393c0c52ff.java,pzloadserviceslp
activity,com/pegarules/generated/activity/ra_action_pzsaveandpopulatenodes_d716a136b425a990ee6ecdd9a734d995.java,ra_action_pzsaveandpopulatenodes_d716a136b425a990ee6ecdd9a734d995.java,pzsaveandpopulatenodes
activity,com/pegarules/generated/activity/ra_action_pzgetavailablefieldtypes_a83024cceda7f7091a86f2d7beaff1eb.java,ra_action_pzgetavailablefieldtypes_a83024cceda7f7091a86f2d7beaff1eb.java,pzgetavailablefieldtypes
activity,com/pegarules/generated/activity/ra_action_pzpurgemodelbuildstatus_dad87ad106ad411dce3f9c7656904c52.java,ra_action_pzpurgemodelbuildstatus_dad87ad106ad411dce3f9c7656904c52.java,pzpurgemodelbuildstatus
activity,com/pegarules/generated/activity/ra_action_pzcheckorgexists_150afb7e605b24122f3af30fcbd99d70.java,ra_action_pzcheckorgexists_150afb7e605b24122f3af30fcbd99d70.java,pzcheckorgexists
activity,com/pegarules/generated/activity/ra_action_pxsetapplicationdata_911a280e6e532a83937f62336ed30dbb.java,ra_action_pxsetapplicationdata_911a280e6e532a83937f62336ed30dbb.java,pxsetapplicationdata
activity,com/pegarules/generated/activity/ra_action_pzpopulateshapeconfiguration_458cc304cfb9291112a4933535639553.java,ra_action_pzpopulateshapeconfiguration_458cc304cfb9291112a4933535639553.java,pzpopulateshapeconfiguration
activity,com/pegarules/generated/activity/ra_action_pzvalidateparams_b02d7c21a432bcd75999c23baadc2f28.java,ra_action_pzvalidateparams_b02d7c21a432bcd75999c23baadc2f28.java,pzvalidateparams
activity,com/pegarules/generated/activity/ra_action_pzgetreferenceddocuments_5d16ef6c261cea04a5026cb361b379a8.java,ra_action_pzgetreferenceddocuments_5d16ef6c261cea04a5026cb361b379a8.java,pzgetreferenceddocuments
activity,com/pegarules/generated/activity/ra_action_pydmgetpastekey_6abac6a3bddf36a87c826a759ff70a47.java,ra_action_pydmgetpastekey_6abac6a3bddf36a87c826a759ff70a47.java,pydmgetpastekey
activity,com/pegarules/generated/activity/ra_action_pztrackthatstagewasrenamed_98990686dd47a1a176fea18c56e5aa94.java,ra_action_pztrackthatstagewasrenamed_98990686dd47a1a176fea18c56e5aa94.java,pztrackthatstagewasrenamed
activity,com/pegarules/generated/activity/ra_action_pygetcategoryitems_fdaab831766215cc17b47ff6118d6863.java,ra_action_pygetcategoryitems_fdaab831766215cc17b47ff6118d6863.java,pygetcategoryitems
activity,com/pegarules/generated/activity/ra_action_pzcreatetemppage_a6a08eb1cf140cbee758e71f81a97e82.java,ra_action_pzcreatetemppage_a6a08eb1cf140cbee758e71f81a97e82.java,pzcreatetemppage
activity,com/pegarules/generated/activity/ra_action_pzflushassociateddatapages_5f9fc5c88a4415266eff58157fbe4552.java,ra_action_pzflushassociateddatapages_5f9fc5c88a4415266eff58157fbe4552.java,pzflushassociateddatapages
activity,com/pegarules/generated/activity/ra_action_checkforwarnings_821f7d677a05f34b732ce088065047a0.java,ra_action_checkforwarnings_821f7d677a05f34b732ce088065047a0.java,checkforwarnings
activity,com/pegarules/generated/activity/ra_action_pzfetchqueueprocessorinfo_8c7bfb7d78b026a49011a6fcc90fa416.java,ra_action_pzfetchqueueprocessorinfo_8c7bfb7d78b026a49011a6fcc90fa416.java,pzfetchqueueprocessorinfo
activity,com/pegarules/generated/activity/ra_action_pzvalidatenewappapiparameters_44abee8ef45b0f09ac02c85d05ebfca8.java,ra_action_pzvalidatenewappapiparameters_44abee8ef45b0f09ac02c85d05ebfca8.java,pzvalidatenewappapiparameters
activity,com/pegarules/generated/activity/ra_action_pzresetexpiredlogcategories_8f6056b00daa985f9a4310a4fb6ad7da.java,ra_action_pzresetexpiredlogcategories_8f6056b00daa985f9a4310a4fb6ad7da.java,pzresetexpiredlogcategories
activity,com/pegarules/generated/activity/ra_action_pzsavereferencedstagerules_a982099130e969274f50dd37382de88b.java,ra_action_pzsavereferencedstagerules_a982099130e969274f50dd37382de88b.java,pzsavereferencedstagerules
activity,com/pegarules/generated/activity/ra_action_pxsetapplicationurl_ddbb5776c93ad1377b9ef914adb3fbba.java,ra_action_pxsetapplicationurl_ddbb5776c93ad1377b9ef914adb3fbba.java,pxsetapplicationurl
activity,com/pegarules/generated/activity/ra_action_pxgeneratepassword_005a63697fdce57ca341412aac5637ef.java,ra_action_pxgeneratepassword_005a63697fdce57ca341412aac5637ef.java,pxgeneratepassword
activity,com/pegarules/generated/activity/ra_action_pxremoveerrors_1f31c4ed5107223ead3d610f2170782c.java,ra_action_pxremoveerrors_1f31c4ed5107223ead3d610f2170782c.java,pxremoveerrors
activity,com/pegarules/generated/activity/ra_action_pzloadappviewsettings_1fe5d07019b39cc1d593376b53749d06.java,ra_action_pzloadappviewsettings_1fe5d07019b39cc1d593376b53749d06.java,pzloadappviewsettings
activity,com/pegarules/generated/activity/ra_action_checkforwarnings_721ff7cba9a8e75e621f04a5e7b20c2e.java,ra_action_checkforwarnings_721ff7cba9a8e75e621f04a5e7b20c2e.java,checkforwarnings
activity,com/pegarules/generated/activity/ra_action_pysmtpconnectivity_0cb69209946d18ef5b7d06a51c2f0ce7.java,ra_action_pysmtpconnectivity_0cb69209946d18ef5b7d06a51c2f0ce7.java,pysmtpconnectivity
activity,com/pegarules/generated/activity/ra_action_pymodalpagecancelaction_ae776653b319d8f7fc9ed5b0604a1b17.java,ra_action_pymodalpagecancelaction_ae776653b319d8f7fc9ed5b0604a1b17.java,pymodalpagecancelaction
activity,com/pegarules/generated/activity/ra_action_pzremoveguardrailevaluations_6b09c65a741e92a0c27907f9e3904a0c.java,ra_action_pzremoveguardrailevaluations_6b09c65a741e92a0c27907f9e3904a0c.java,pzremoveguardrailevaluations
activity,com/pegarules/generated/activity/ra_action_pzdeterminefieldsclassname_2ce903842fbf8639c1e1ef4566dd83fa.java,ra_action_pzdeterminefieldsclassname_2ce903842fbf8639c1e1ef4566dd83fa.java,pzdeterminefieldsclassname
activity,com/pegarules/generated/activity/ra_action_pzmergemetricsconfigpulse_c52980b55480ad2f9aa490f18edc773b.java,ra_action_pzmergemetricsconfigpulse_c52980b55480ad2f9aa490f18edc773b.java,pzmergemetricsconfigpulse
activity,com/pegarules/generated/activity/ra_action_pzcollectlicenseinformation_2d3d3b6988610fb3fcd16d04d1410dde.java,ra_action_pzcollectlicenseinformation_2d3d3b6988610fb3fcd16d04d1410dde.java,pzcollectlicenseinformation
activity,com/pegarules/generated/activity/ra_action_pzgetteamsbyoperator_6c075c8e61876bf9c0c485aa98ee521b.java,ra_action_pzgetteamsbyoperator_6c075c8e61876bf9c0c485aa98ee521b.java,pzgetteamsbyoperator
activity,com/pegarules/generated/activity/ra_action_pxcreate_a3243d8d3ab68debd51f2895a60cccfd.java,ra_action_pxcreate_a3243d8d3ab68debd51f2895a60cccfd.java,pxcreate
activity,com/pegarules/generated/activity/ra_action_pzprocesspendingmodels_ff2b1386186bd0363d3c1a07cce4d102.java,ra_action_pzprocesspendingmodels_ff2b1386186bd0363d3c1a07cce4d102.java,pzprocesspendingmodels
activity,com/pegarules/generated/activity/ra_action_pxaddaccessgrouptooperator_dad32ea099b76a69edc822aa0488ce47.java,ra_action_pxaddaccessgrouptooperator_dad32ea099b76a69edc822aa0488ce47.java,pxaddaccessgrouptooperator
activity,com/pegarules/generated/activity/ra_action_pzperformindexing_411b97a9919315220ca34b874793fb7a.java,ra_action_pzperformindexing_411b97a9919315220ca34b874793fb7a.java,pzperformindexing
activity,com/pegarules/generated/activity/ra_action_pystaletransaction_2a4f4342930938b376e8d0b0c1066960.java,ra_action_pystaletransaction_2a4f4342930938b376e8d0b0c1066960.java,pystaletransaction
activity,com/pegarules/generated/activity/ra_action_onbeforedisplay_546400d8b688f3a8cce8fc77755cdb7b.java,ra_action_onbeforedisplay_546400d8b688f3a8cce8fc77755cdb7b.java,onbeforedisplay
activity,com/pegarules/generated/activity/ra_action_pzgetchannelsconfigurations_4d18db8275cf5f4d28a6a0c054957210.java,ra_action_pzgetchannelsconfigurations_4d18db8275cf5f4d28a6a0c054957210.java,pzgetchannelsconfigurations
activity,com/pegarules/generated/activity/ra_action_pzaddhistorymemoforcaselp_ba3d74f5db1006959cb5ed6a81a1629c.java,ra_action_pzaddhistorymemoforcaselp_ba3d74f5db1006959cb5ed6a81a1629c.java,pzaddhistorymemoforcaselp
activity,com/pegarules/generated/activity/ra_action_pzpopulategeolocationdetails_aa7e3d35f22e516286b2b7a7247e6957.java,ra_action_pzpopulategeolocationdetails_aa7e3d35f22e516286b2b7a7247e6957.java,pzpopulategeolocationdetails
activity,com/pegarules/generated/activity/ra_action_pzsearchupgrade_9a7ebb7eafb688a1d13f478be566d7bc.java,ra_action_pzsearchupgrade_9a7ebb7eafb688a1d13f478be566d7bc.java,pzsearchupgrade
activity,com/pegarules/generated/activity/ra_action_pypostgridupdate_0bb9d0215d0bc84edd5d17dd5645365f.java,ra_action_pypostgridupdate_0bb9d0215d0bc84edd5d17dd5645365f.java,pypostgridupdate
activity,com/pegarules/generated/activity/ra_action_pzinitializeinstances_97dab0bf8e32080aaaa448e4255d3a2e.java,ra_action_pzinitializeinstances_97dab0bf8e32080aaaa448e4255d3a2e.java,pzinitializeinstances
activity,com/pegarules/generated/activity/ra_action_m3start_bb03a57c2afa7a5b54f0d45a9fef41dd.java,ra_action_m3start_bb03a57c2afa7a5b54f0d45a9fef41dd.java,m3start
activity,com/pegarules/generated/activity/ra_action_pzloadsystemconfiguration_2aba0655bd1f97ff1802fb30364521bc.java,ra_action_pzloadsystemconfiguration_2aba0655bd1f97ff1802fb30364521bc.java,pzloadsystemconfiguration
activity,com/pegarules/generated/activity/ra_action_pzvalidatebaseapplication_42201b611cebbfb3e36f634f33068db9.java,ra_action_pzvalidatebaseapplication_42201b611cebbfb3e36f634f33068db9.java,pzvalidatebaseapplication
activity,com/pegarules/generated/activity/ra_action_validateworktypes_ea31dd7ce7fd8a64de9a5187665e35d8.java,ra_action_validateworktypes_ea31dd7ce7fd8a64de9a5187665e35d8.java,validateworktypes
activity,com/pegarules/generated/activity/ra_action_pzloadstepsforselectedappcontext_551b9831ec12fe1b716971328d693413.java,ra_action_pzloadstepsforselectedappcontext_551b9831ec12fe1b716971328d693413.java,pzloadstepsforselectedappcontext
activity,com/pegarules/generated/activity/ra_action_pzloadcaseconfigurationdetails_d7c509b5a7c12d24be490e5f3fccee99.java,ra_action_pzloadcaseconfigurationdetails_d7c509b5a7c12d24be490e5f3fccee99.java,pzloadcaseconfigurationdetails
activity,com/pegarules/generated/activity/ra_action_pzcleanupcasesettings_ef1a067e03873f1d7bca9c541a29d8a5.java,ra_action_pzcleanupcasesettings_ef1a067e03873f1d7bca9c541a29d8a5.java,pzcleanupcasesettings
activity,com/pegarules/generated/activity/ra_action_pzsynctoconstellationusingqp_ddb7ae7af850149a03e10249a922cc7b.java,ra_action_pzsynctoconstellationusingqp_ddb7ae7af850149a03e10249a922cc7b.java,pzsynctoconstellationusingqp
activity,com/pegarules/generated/activity/ra_action_pzpopulateruletypemenu_e88b816000950bfcc4404eb7438b5fa6.java,ra_action_pzpopulateruletypemenu_e88b816000950bfcc4404eb7438b5fa6.java,pzpopulateruletypemenu
activity,com/pegarules/generated/activity/ra_action_pzruledeletetrigger_b3a2b1dcdce8c446c5f2cd3e352475bf.java,ra_action_pzruledeletetrigger_b3a2b1dcdce8c446c5f2cd3e352475bf.java,pzruledeletetrigger
activity,com/pegarules/generated/activity/ra_action_pzgetpersonadetails_6a983565e93b283489e8371f23404a24.java,ra_action_pzgetpersonadetails_6a983565e93b283489e8371f23404a24.java,pzgetpersonadetails
activity,com/pegarules/generated/activity/ra_action_pzgetdelegationinstances_3c398e988f9b8cf5d837943826928476.java,ra_action_pzgetdelegationinstances_3c398e988f9b8cf5d837943826928476.java,pzgetdelegationinstances
activity,com/pegarules/generated/activity/ra_action_pzpurgeauditdatarecords_cb1fe68e26f82d091512df6d67e572b1.java,ra_action_pzpurgeauditdatarecords_cb1fe68e26f82d091512df6d67e572b1.java,pzpurgeauditdatarecords
activity,com/pegarules/generated/activity/ra_action_pzgetlinkclassfromapp_e57fc2fe8463c35150c730caf3aa9d71.java,ra_action_pzgetlinkclassfromapp_e57fc2fe8463c35150c730caf3aa9d71.java,pzgetlinkclassfromapp
activity,com/pegarules/generated/activity/ra_action_pzinvalidatedatapage_84e105e813a746b0c38cc551c44120f2.java,ra_action_pzinvalidatedatapage_84e105e813a746b0c38cc551c44120f2.java,pzinvalidatedatapage
activity,com/pegarules/generated/activity/ra_action_pzsavecasesettings_ceffb705852b71a4940cdc4d0bcc8d99.java,ra_action_pzsavecasesettings_ceffb705852b71a4940cdc4d0bcc8d99.java,pzsavecasesettings
activity,com/pegarules/generated/activity/ra_action_pzupdatereportshortcuts_e234b7ce96f8999ac60b3086795fdd04.java,ra_action_pzupdatereportshortcuts_e234b7ce96f8999ac60b3086795fdd04.java,pzupdatereportshortcuts
activity,com/pegarules/generated/activity/ra_action_presave_3892f1b10a8f728e4feae7aef3265875.java,ra_action_presave_3892f1b10a8f728e4feae7aef3265875.java,presave
activity,com/pegarules/generated/activity/ra_action_pzgenerateapplicationstack_8519793fd7b32a95f8904e947a8ffa49.java,ra_action_pzgenerateapplicationstack_8519793fd7b32a95f8904e947a8ffa49.java,pzgenerateapplicationstack
activity,com/pegarules/generated/activity/ra_action_cleanup_8a316bce2646864c174ad33d55e157b6.java,ra_action_cleanup_8a316bce2646864c174ad33d55e157b6.java,cleanup
activity,com/pegarules/generated/activity/ra_action_pzcleanupappmetadata_53a2687aa5be86a50ba571b6563aea8b.java,ra_action_pzcleanupappmetadata_53a2687aa5be86a50ba571b6563aea8b.java,pzcleanupappmetadata
activity,com/pegarules/generated/activity/ra_action_pzvalidateparams_635f34e4703cd68a369bc575f4c4f4e0.java,ra_action_pzvalidateparams_635f34e4703cd68a369bc575f4c4f4e0.java,pzvalidateparams
activity,com/pegarules/generated/activity/ra_action_pzcreaterequestorspoolpage_8f18857d75ab45e88bc1368df3fe9504.java,ra_action_pzcreaterequestorspoolpage_8f18857d75ab45e88bc1368df3fe9504.java,pzcreaterequestorspoolpage
activity,com/pegarules/generated/activity/ra_action_pzloadopenrulesetsandversionsbyapplication_75c4240c59f162d48f8909b1139821f0.java,ra_action_pzloadopenrulesetsandversionsbyapplication_75c4240c59f162d48f8909b1139821f0.java,pzloadopenrulesetsandversionsbyapplication
activity,com/pegarules/generated/activity/ra_action_waitrandomtime_3d46de65e94a39049d1d3094e68b335f.java,ra_action_waitrandomtime_3d46de65e94a39049d1d3094e68b335f.java,waitrandomtime
activity,com/pegarules/generated/activity/ra_action_pzpreparecasetypeinformation_3dbe9b0207843265ccaaa43d29919044.java,ra_action_pzpreparecasetypeinformation_3dbe9b0207843265ccaaa43d29919044.java,pzpreparecasetypeinformation
activity,com/pegarules/generated/activity/ra_action_pypopulateinstancelistcolumns_5cfbbd3993b86324201f8854fdaacff6.java,ra_action_pypopulateinstancelistcolumns_5cfbbd3993b86324201f8854fdaacff6.java,pypopulateinstancelistcolumns
activity,com/pegarules/generated/activity/ra_action_pzgetpostsonprofile_3140264432fa1b2e9535748c80872139.java,ra_action_pzgetpostsonprofile_3140264432fa1b2e9535748c80872139.java,pzgetpostsonprofile
activity,com/pegarules/generated/activity/ra_action_pzpropertypanelpostwrapper_9f11c378bb4b20ca53187d72eb7604c1.java,ra_action_pzpropertypanelpostwrapper_9f11c378bb4b20ca53187d72eb7604c1.java,pzpropertypanelpostwrapper
activity,com/pegarules/generated/activity/ra_action_pzaccessgrouproles_47abe5bfc927d45d818003833516ba2f.java,ra_action_pzaccessgrouproles_47abe5bfc927d45d818003833516ba2f.java,pzaccessgrouproles
activity,com/pegarules/generated/activity/ra_action_pyaddadaptiveboosting_4dedcee99256730c6437f40c1bdb2623.java,ra_action_pyaddadaptiveboosting_4dedcee99256730c6437f40c1bdb2623.java,pyaddadaptiveboosting
activity,com/pegarules/generated/activity/ra_action_pztrackchangesforcasetype_7aa1a1da2690cef2dc3ae2e7f8660314.java,ra_action_pztrackchangesforcasetype_7aa1a1da2690cef2dc3ae2e7f8660314.java,pztrackchangesforcasetype
activity,com/pegarules/generated/activity/ra_action_prenewdialog_e65aa5ff131bb546bc4c6d937545655c.java,ra_action_prenewdialog_e65aa5ff131bb546bc4c6d937545655c.java,prenewdialog
activity,com/pegarules/generated/activity/ra_action_pyremovethreadlevelpages_0970be40f84e567d8978721eaf766708.java,ra_action_pyremovethreadlevelpages_0970be40f84e567d8978721eaf766708.java,pyremovethreadlevelpages
activity,com/pegarules/generated/activity/ra_action_pypurgetextpredictionsnapshotdata_4971b82f5849ca338821fc7352d60331.java,ra_action_pypurgetextpredictionsnapshotdata_4971b82f5849ca338821fc7352d60331.java,pypurgetextpredictionsnapshotdata
activity,com/pegarules/generated/activity/ra_action_pzfetchchildcases_d063c15211ad73f2185d641445569c28.java,ra_action_pzfetchchildcases_d063c15211ad73f2185d641445569c28.java,pzfetchchildcases
activity,com/pegarules/generated/activity/ra_action_pzqueueprocessruleforguardrails_5722184e49ed5d89025b5dccd0cd32bf.java,ra_action_pzqueueprocessruleforguardrails_5722184e49ed5d89025b5dccd0cd32bf.java,pzqueueprocessruleforguardrails
activity,com/pegarules/generated/activity/ra_action_pzassemblepreprocess_6181ba5d83c45f03bff837d4e110f67e.java,ra_action_pzassemblepreprocess_6181ba5d83c45f03bff837d4e110f67e.java,pzassemblepreprocess
activity,com/pegarules/generated/activity/ra_action_pygetpresencerecordbyoperatorid_6fc97ca90bc1a5002d0e9c7df463758d.java,ra_action_pygetpresencerecordbyoperatorid_6fc97ca90bc1a5002d0e9c7df463758d.java,pygetpresencerecordbyoperatorid
activity,com/pegarules/generated/activity/ra_action_pzupdatedependsonlist_0ded23b8f55625f7cc92191c8e17b30b.java,ra_action_pzupdatedependsonlist_0ded23b8f55625f7cc92191c8e17b30b.java,pzupdatedependsonlist
activity,com/pegarules/generated/activity/ra_action_pzgetappguideslist_3d1626d1e4de627ea44b9bb9bf41d505.java,ra_action_pzgetappguideslist_3d1626d1e4de627ea44b9bb9bf41d505.java,pzgetappguideslist
activity,com/pegarules/generated/activity/ra_action_pzsetmoname_b844ae43755dbf043c27d70445748f3e.java,ra_action_pzsetmoname_b844ae43755dbf043c27d70445748f3e.java,pzsetmoname
activity,com/pegarules/generated/activity/ra_action_pzmodalcancelaction_7d12ff1b2d3774b6714d7ca0b02d37b4.java,ra_action_pzmodalcancelaction_7d12ff1b2d3774b6714d7ca0b02d37b4.java,pzmodalcancelaction
activity,com/pegarules/generated/activity/ra_action_pxgetbookmarkfeed_fa87f45c4193f7f6c60199c083301994.java,ra_action_pxgetbookmarkfeed_fa87f45c4193f7f6c60199c083301994.java,pxgetbookmarkfeed
activity,com/pegarules/generated/activity/ra_action_pzcollectstaticdataforrules_28e5293283905547c30b0dcf00fcdda2.java,ra_action_pzcollectstaticdataforrules_28e5293283905547c30b0dcf00fcdda2.java,pzcollectstaticdataforrules
activity,com/pegarules/generated/activity/ra_action_pzupgradetswitch_97c8b9ec431edbad3284d742a398c597.java,ra_action_pzupgradetswitch_97c8b9ec431edbad3284d742a398c597.java,pzupgradetswitch
activity,com/pegarules/generated/activity/ra_action_pzgetchannelsconfigurationsbyclass_db55739d54c58aeb447569c24c02787b.java,ra_action_pzgetchannelsconfigurationsbyclass_db55739d54c58aeb447569c24c02787b.java,pzgetchannelsconfigurationsbyclass
activity,com/pegarules/generated/activity/ra_action_pyinitializeextension_aab501ef709733668ee848cc35468231.java,ra_action_pyinitializeextension_aab501ef709733668ee848cc35468231.java,pyinitializeextension
activity,com/pegarules/generated/activity/ra_action_pxretrieveactivitydirectmessages_a18779c88e14c91bdfaef1a8161ac616.java,ra_action_pxretrieveactivitydirectmessages_a18779c88e14c91bdfaef1a8161ac616.java,pxretrieveactivitydirectmessages
activity,com/pegarules/generated/activity/ra_action_pzsetupmashupportal_e225169e1626c04d83a514956163cc52.java,ra_action_pzsetupmashupportal_e225169e1626c04d83a514956163cc52.java,pzsetupmashupportal
activity,com/pegarules/generated/activity/ra_action_pziscasetypestale_36d656b3dee4f616694c3f2ced9d55d7.java,ra_action_pziscasetypestale_36d656b3dee4f616694c3f2ced9d55d7.java,pziscasetypestale
activity,com/pegarules/generated/activity/ra_action_pzgetfeaturesforappmgmt_7d886a6f4f19d3dd19292487f7cc34fe.java,ra_action_pzgetfeaturesforappmgmt_7d886a6f4f19d3dd19292487f7cc34fe.java,pzgetfeaturesforappmgmt
activity,com/pegarules/generated/activity/ra_action_pzsaveandrefreshwrapper_8108ddf2c26d6f42eb817565b05edb0e.java,ra_action_pzsaveandrefreshwrapper_8108ddf2c26d6f42eb817565b05edb0e.java,pzsaveandrefreshwrapper
activity,com/pegarules/generated/activity/ra_action_pushconfigsettings_2edbb214c7a5c518f67b53c5b0d789cc.java,ra_action_pushconfigsettings_2edbb214c7a5c518f67b53c5b0d789cc.java,pushconfigsettings
activity,com/pegarules/generated/activity/ra_action_pzgetstagesupportprocesses_1bd1e3cda1d1e72fe4b75ec3de4e26fc.java,ra_action_pzgetstagesupportprocesses_1bd1e3cda1d1e72fe4b75ec3de4e26fc.java,pzgetstagesupportprocesses
activity,com/pegarules/generated/activity/ra_action_pzaddsubnodestocasehierarchyforlp_ee5b3e73b46cff54b36ac2f6813e3251.java,ra_action_pzaddsubnodestocasehierarchyforlp_ee5b3e73b46cff54b36ac2f6813e3251.java,pzaddsubnodestocasehierarchyforlp
activity,com/pegarules/generated/activity/ra_action_pzaddsteponenterwrapper_3066ca9099528a32ce4d877efe20e12b.java,ra_action_pzaddsteponenterwrapper_3066ca9099528a32ce4d877efe20e12b.java,pzaddsteponenterwrapper
activity,com/pegarules/generated/activity/ra_action_pzpreparecreatewhenrulesetexists_a9e37d7a046cd006b5976e5a43207eb1.java,ra_action_pzpreparecreatewhenrulesetexists_a9e37d7a046cd006b5976e5a43207eb1.java,pzpreparecreatewhenrulesetexists
activity,com/pegarules/generated/activity/ra_action_pzsetdirtyflagonparent_7bada65b81017215ccce26ec868dc829.java,ra_action_pzsetdirtyflagonparent_7bada65b81017215ccce26ec868dc829.java,pzsetdirtyflagonparent
activity,com/pegarules/generated/activity/ra_action_pzruleformtoolbaraction_0a2d13905114ea5757629b42684bbb86.java,ra_action_pzruleformtoolbaraction_0a2d13905114ea5757629b42684bbb86.java,pzruleformtoolbaraction
activity,com/pegarules/generated/activity/ra_action_pzsetshapefromtempproperties_d37496676c3718dc5230caea2a801ad9.java,ra_action_pzsetshapefromtempproperties_d37496676c3718dc5230caea2a801ad9.java,pzsetshapefromtempproperties
activity,com/pegarules/generated/activity/ra_action_pzprependdefaultworkpool_eeccefa2ef658db45f8216fc7924eb35.java,ra_action_pzprependdefaultworkpool_eeccefa2ef658db45f8216fc7924eb35.java,pzprependdefaultworkpool
activity,com/pegarules/generated/activity/ra_action_pzloadruns_4b1303a4d344df6b8441dcca5d4315f0.java,ra_action_pzloadruns_4b1303a4d344df6b8441dcca5d4315f0.java,pzloadruns
activity,com/pegarules/generated/activity/ra_action_pzcheckforbrowserapplications_30cc45a7d5d9eada68285d651e777178.java,ra_action_pzcheckforbrowserapplications_30cc45a7d5d9eada68285d651e777178.java,pzcheckforbrowserapplications
activity,com/pegarules/generated/activity/ra_action_pzpopulatespeclinks_a3fe754cc52c7982a9a47d86204db2d5.java,ra_action_pzpopulatespeclinks_a3fe754cc52c7982a9a47d86204db2d5.java,pzpopulatespeclinks
activity,com/pegarules/generated/activity/ra_action_pzcreatenewdatatransform_fd098e851b9761e2eb8e6d19e5dd5828.java,ra_action_pzcreatenewdatatransform_fd098e851b9761e2eb8e6d19e5dd5828.java,pzcreatenewdatatransform
activity,com/pegarules/generated/activity/ra_action_publishmodelmetrics_9aba73744926c87f5de2f727fdce6f2f.java,ra_action_publishmodelmetrics_9aba73744926c87f5de2f727fdce6f2f.java,publishmodelmetrics
activity,com/pegarules/generated/activity/ra_action_pzvalidateappclasses_53712b7f88c0da90399f5fbff2bd4ad7.java,ra_action_pzvalidateappclasses_53712b7f88c0da90399f5fbff2bd4ad7.java,pzvalidateappclasses
activity,com/pegarules/generated/activity/ra_action_pyvalidatepregeneration_6848e1aeb6406d196813af2c51ef5598.java,ra_action_pyvalidatepregeneration_6848e1aeb6406d196813af2c51ef5598.java,pyvalidatepregeneration
activity,com/pegarules/generated/activity/ra_action_pzisprivilegepresent_860d4a1fc49d0d27cc844ff202dd4727.java,ra_action_pzisprivilegepresent_860d4a1fc49d0d27cc844ff202dd4727.java,pzisprivilegepresent
activity,com/pegarules/generated/activity/ra_action_pzvalidatepageviewlayouts_1e5338191316da14eeb8cc1e34107fe4.java,ra_action_pzvalidatepageviewlayouts_1e5338191316da14eeb8cc1e34107fe4.java,pzvalidatepageviewlayouts
activity,com/pegarules/generated/activity/ra_action_pypollstream_01c25dd283b96e0d04796680e007b9bd.java,ra_action_pypollstream_01c25dd283b96e0d04796680e007b9bd.java,pypollstream
activity,com/pegarules/generated/activity/ra_action_pzsavereferences_91b50acb391bbfc8e9f37dc0665d8cea.java,ra_action_pzsavereferences_91b50acb391bbfc8e9f37dc0665d8cea.java,pzsavereferences
activity,com/pegarules/generated/activity/ra_action_pzgetpostswithreplies_b7e95d1e0fdf3b9f70a7a0fb64f61541.java,ra_action_pzgetpostswithreplies_b7e95d1e0fdf3b9f70a7a0fb64f61541.java,pzgetpostswithreplies
activity,com/pegarules/generated/activity/ra_action_flowticketevaluate_23acd68fde80fbe26b8f535de02a92c7.java,ra_action_flowticketevaluate_23acd68fde80fbe26b8f535de02a92c7.java,flowticketevaluate
activity,com/pegarules/generated/activity/ra_action_updateassignmentlabel_826216a91f8b127ad54c143023cdc7f7.java,ra_action_updateassignmentlabel_826216a91f8b127ad54c143023cdc7f7.java,updateassignmentlabel
activity,com/pegarules/generated/activity/ra_action_pzpurgeadmsnapshots_00b9af13029b81cd671c8fbeec3d4c49.java,ra_action_pzpurgeadmsnapshots_00b9af13029b81cd671c8fbeec3d4c49.java,pzpurgeadmsnapshots
activity,com/pegarules/generated/activity/ra_action_pypregridupdate_0e7776016579acc7143cd63327c1112f.java,ra_action_pypregridupdate_0e7776016579acc7143cd63327c1112f.java,pypregridupdate
activity,com/pegarules/generated/activity/ra_action_pxloadcasedesigner_7ef9d99b7051507b99d55d4d07b7ee64.java,ra_action_pxloadcasedesigner_7ef9d99b7051507b99d55d4d07b7ee64.java,pxloadcasedesigner
activity,com/pegarules/generated/activity/ra_action_pzgetallapptestrulesets_fbdbb9631859bfce12b6e9a452c8d11f.java,ra_action_pzgetallapptestrulesets_fbdbb9631859bfce12b6e9a452c8d11f.java,pzgetallapptestrulesets
activity,com/pegarules/generated/activity/ra_action_pzsavecasematchrule_d046e21dfbd9b321de99aab4fb81eecd.java,ra_action_pzsavecasematchrule_d046e21dfbd9b321de99aab4fb81eecd.java,pzsavecasematchrule
activity,com/pegarules/generated/activity/ra_action_pzloadauthenticationpolicies_843598b81a72746c251794b14b639076.java,ra_action_pzloadauthenticationpolicies_843598b81a72746c251794b14b639076.java,pzloadauthenticationpolicies
activity,com/pegarules/generated/activity/ra_action_pxsetupgenerator_bca89569d210c95c04cc8ee2483df0c1.java,ra_action_pxsetupgenerator_bca89569d210c95c04cc8ee2483df0c1.java,pxsetupgenerator
activity,com/pegarules/generated/activity/ra_action_pzloadxmlsignature_a44057fef72a945fd01b1345106c14e9.java,ra_action_pzloadxmlsignature_a44057fef72a945fd01b1345106c14e9.java,pzloadxmlsignature
activity,com/pegarules/generated/activity/ra_action_pzcreatequeueprocessingpage_95cd2c698525554602676fdb120680ea.java,ra_action_pzcreatequeueprocessingpage_95cd2c698525554602676fdb120680ea.java,pzcreatequeueprocessingpage
activity,com/pegarules/generated/activity/ra_action_pyuserinteraction_f6d52a7dedb45474521e4c6ae2045244.java,ra_action_pyuserinteraction_f6d52a7dedb45474521e4c6ae2045244.java,pyuserinteraction
activity,com/pegarules/generated/activity/ra_action_pypopulateinstancelistcolumns_40719f32949148f81349161a487a7f2f.java,ra_action_pypopulateinstancelistcolumns_40719f32949148f81349161a487a7f2f.java,pypopulateinstancelistcolumns
activity,com/pegarules/generated/activity/ra_action_validatedelete_966e2e7f32ebf05997809ebe6f481aea.java,ra_action_validatedelete_966e2e7f32ebf05997809ebe6f481aea.java,validatedelete
activity,com/pegarules/generated/activity/ra_action_pushsrsdata_c1bdf2976d86f160673cf6fa939c028d.java,ra_action_pushsrsdata_c1bdf2976d86f160673cf6fa939c028d.java,pushsrsdata
activity,com/pegarules/generated/activity/ra_action_pzsavecasetypefromlp_d240cf092a197c9234125fee6f06fc93.java,ra_action_pzsavecasetypefromlp_d240cf092a197c9234125fee6f06fc93.java,pzsavecasetypefromlp
activity,com/pegarules/generated/activity/ra_action_pypreprocessingofinboundemails_4ccfa24d2b6e99b0b5da2ed9c2063987.java,ra_action_pypreprocessingofinboundemails_4ccfa24d2b6e99b0b5da2ed9c2063987.java,pypreprocessingofinboundemails
activity,com/pegarules/generated/activity/ra_action_pzfindrecursivelyinclasstree_35828eb29c658a00350f8bbdcfbfd6b1.java,ra_action_pzfindrecursivelyinclasstree_35828eb29c658a00350f8bbdcfbfd6b1.java,pzfindrecursivelyinclasstree
activity,com/pegarules/generated/activity/ra_action_pxrename_c76c121325cce6f0a96ce0975b940d74.java,ra_action_pxrename_c76c121325cce6f0a96ce0975b940d74.java,pxrename
activity,com/pegarules/generated/activity/ra_action_wbsaveas_460704ef5654d33f70e2862abebb60df.java,ra_action_wbsaveas_460704ef5654d33f70e2862abebb60df.java,wbsaveas
activity,com/pegarules/generated/activity/ra_action_pzcheckembeddedfieldsforduplicates_9d27628426c70bbecf4cecc72b70452d.java,ra_action_pzcheckembeddedfieldsforduplicates_9d27628426c70bbecf4cecc72b70452d.java,pzcheckembeddedfieldsforduplicates
activity,com/pegarules/generated/activity/ra_action_pzsetfilter_9f668792996fbcef6e48607ce64f04ec.java,ra_action_pzsetfilter_9f668792996fbcef6e48607ce64f04ec.java,pzsetfilter
activity,com/pegarules/generated/activity/ra_action_checkforwarnings_75f55834fa0d6687c72349ef37d89237.java,ra_action_checkforwarnings_75f55834fa0d6687c72349ef37d89237.java,checkforwarnings
activity,com/pegarules/generated/activity/ra_action_pzappexplorerclassselect_b21978602275f31bce3bba99721523ea.java,ra_action_pzappexplorerclassselect_b21978602275f31bce3bba99721523ea.java,pzappexplorerclassselect
activity,com/pegarules/generated/activity/ra_action_pzindexdata_495858ce9b60a9066ee0156c93144a45.java,ra_action_pzindexdata_495858ce9b60a9066ee0156c93144a45.java,pzindexdata
activity,com/pegarules/generated/activity/ra_action_pzgetmyapps_3b32589fcd26c903d2d7da009a8cbfce.java,ra_action_pzgetmyapps_3b32589fcd26c903d2d7da009a8cbfce.java,pzgetmyapps
activity,com/pegarules/generated/activity/ra_action_pzloaddefaultcontext_7fded85c486f334274f39fd39ffd8d64.java,ra_action_pzloaddefaultcontext_7fded85c486f334274f39fd39ffd8d64.java,pzloaddefaultcontext
activity,com/pegarules/generated/activity/ra_action_pzcreatenewdatatransformpage_b4868fbdb9829738686b5895e2f10713.java,ra_action_pzcreatenewdatatransformpage_b4868fbdb9829738686b5895e2f10713.java,pzcreatenewdatatransformpage
activity,com/pegarules/generated/activity/ra_action_pzpurgeextrarecents_69b730bc7a68e897cfb4bc09aeecf3af.java,ra_action_pzpurgeextrarecents_69b730bc7a68e897cfb4bc09aeecf3af.java,pzpurgeextrarecents
activity,com/pegarules/generated/activity/ra_action_pzinitauthmethod_5bc9460724b9bede816823844eff9969.java,ra_action_pzinitauthmethod_5bc9460724b9bede816823844eff9969.java,pzinitauthmethod
activity,com/pegarules/generated/activity/ra_action_pypostprocessnotificationsforoperator_3785417da3846fc8e86172f3a6a2672d.java,ra_action_pypostprocessnotificationsforoperator_3785417da3846fc8e86172f3a6a2672d.java,pypostprocessnotificationsforoperator
activity,com/pegarules/generated/activity/ra_action_pzonprocessend_cd29f42de1cbd001b9cc5e3f0be30f4c.java,ra_action_pzonprocessend_cd29f42de1cbd001b9cc5e3f0be30f4c.java,pzonprocessend
activity,com/pegarules/generated/activity/ra_action_pushdbactivityandconnectiondetls_b6f2854174580ed0ac323610ca5c7c26.java,ra_action_pushdbactivityandconnectiondetls_b6f2854174580ed0ac323610ca5c7c26.java,pushdbactivityandconnectiondetls
activity,com/pegarules/generated/activity/ra_action_pzcreaterequestorspage_005a849d34b0bb582605200318e9144e.java,ra_action_pzcreaterequestorspage_005a849d34b0bb582605200318e9144e.java,pzcreaterequestorspage
activity,com/pegarules/generated/activity/ra_action_pushdbactivity_17546bcedc18394c5d8f2a9c274dc2bf.java,ra_action_pushdbactivity_17546bcedc18394c5d8f2a9c274dc2bf.java,pushdbactivity
activity,com/pegarules/generated/activity/ra_action_pydisplaysteppalette_0db36b16a79c77c344ad603c75feef92.java,ra_action_pydisplaysteppalette_0db36b16a79c77c344ad603c75feef92.java,pydisplaysteppalette
activity,com/pegarules/generated/activity/ra_action_pzcheckforauthservicesdisabledwarning_323b59a894ae40ccd472e7055e7de721.java,ra_action_pzcheckforauthservicesdisabledwarning_323b59a894ae40ccd472e7055e7de721.java,pzcheckforauthservicesdisabledwarning
activity,com/pegarules/generated/activity/ra_action_pzgetfilteredchanneltypes_39cceed5620279008dd4af151c21c051.java,ra_action_pzgetfilteredchanneltypes_39cceed5620279008dd4af151c21c051.java,pzgetfilteredchanneltypes
activity,com/pegarules/generated/activity/ra_action_pzprepareautoclose_133a607cf3dede6b8c45bda37d12b57d.java,ra_action_pzprepareautoclose_133a607cf3dede6b8c45bda37d12b57d.java,pzprepareautoclose
activity,com/pegarules/generated/activity/ra_action_pxgetoperatordetails_d29421ad8f2e7b6ec194ffb75e296f3a.java,ra_action_pxgetoperatordetails_d29421ad8f2e7b6ec194ffb75e296f3a.java,pxgetoperatordetails
activity,com/pegarules/generated/activity/ra_action_appendtovaluelist_2e416d2db2e9ccf6970c04fcc66ce98f.java,ra_action_appendtovaluelist_2e416d2db2e9ccf6970c04fcc66ce98f.java,appendtovaluelist
activity,com/pegarules/generated/activity/ra_action_pxupdatestatisticsfortablesinschema_6581815a7624dfc8778caf9ddf4669b4.java,ra_action_pxupdatestatisticsfortablesinschema_6581815a7624dfc8778caf9ddf4669b4.java,pxupdatestatisticsfortablesinschema
activity,com/pegarules/generated/activity/ra_action_pxcapturenlpmonitoringdata_3ac4ffa017895aad6607114c4e560752.java,ra_action_pxcapturenlpmonitoringdata_3ac4ffa017895aad6607114c4e560752.java,pxcapturenlpmonitoringdata
activity,com/pegarules/generated/activity/ra_action_pushapplicationinfo_b55f69f72e505da48a55d6280fd53fce.java,ra_action_pushapplicationinfo_b55f69f72e505da48a55d6280fd53fce.java,pushapplicationinfo
activity,com/pegarules/generated/activity/ra_action_pzcleannlpdatawrapper_d6ec058c764a1024448a26282dbefd5c.java,ra_action_pzcleannlpdatawrapper_d6ec058c764a1024448a26282dbefd5c.java,pzcleannlpdatawrapper
activity,com/pegarules/generated/activity/ra_action_dictionaryvalidation_6779d70bc38d03043cfe5e6e86ddbf7d.java,ra_action_dictionaryvalidation_6779d70bc38d03043cfe5e6e86ddbf7d.java,dictionaryvalidation
activity,com/pegarules/generated/activity/ra_action_pzpresave_a4cf69dc18dc2096b94765eb0d34db46.java,ra_action_pzpresave_a4cf69dc18dc2096b94765eb0d34db46.java,pzpresave
activity,com/pegarules/generated/activity/ra_action_pzsaveprocessdata_759999535f34b46295738485baaaac3e.java,ra_action_pzsaveprocessdata_759999535f34b46295738485baaaac3e.java,pzsaveprocessdata
activity,com/pegarules/generated/activity/ra_action_pzreportcategoriesoverridepostprocess_01b7f739c037b97ccbf828b33ce23ccf.java,ra_action_pzreportcategoriesoverridepostprocess_01b7f739c037b97ccbf828b33ce23ccf.java,pzreportcategoriesoverridepostprocess
activity,com/pegarules/generated/activity/ra_action_pznextactioncontextualprompt_1e99d1eae2255fd5cbdde00095765a63.java,ra_action_pznextactioncontextualprompt_1e99d1eae2255fd5cbdde00095765a63.java,pznextactioncontextualprompt
activity,com/pegarules/generated/activity/ra_action_pzloadexpressiondirectlyonproperty_838c19084fe042d3e3cd87ff2c9c646e.java,ra_action_pzloadexpressiondirectlyonproperty_838c19084fe042d3e3cd87ff2c9c646e.java,pzloadexpressiondirectlyonproperty
activity,com/pegarules/generated/activity/ra_action_pzrunappexplorerexpand_d876066b37cf6ec74490acb3c75fd646.java,ra_action_pzrunappexplorerexpand_d876066b37cf6ec74490acb3c75fd646.java,pzrunappexplorerexpand
activity,com/pegarules/generated/activity/ra_action_pzcheckforwarnings_45c703c3e6a045ea5ddde0ea843ab801.java,ra_action_pzcheckforwarnings_45c703c3e6a045ea5ddde0ea843ab801.java,pzcheckforwarnings
activity,com/pegarules/generated/activity/ra_action_pzpopulatedelegations_e924b33ddae45415e06c17fd0a67fb4e.java,ra_action_pzpopulatedelegations_e924b33ddae45415e06c17fd0a67fb4e.java,pzpopulatedelegations
activity,com/pegarules/generated/activity/ra_action_pzsearchinstall_e4ff7bd2eed2cc54910777f9c5c937c0.java,ra_action_pzsearchinstall_e4ff7bd2eed2cc54910777f9c5c937c0.java,pzsearchinstall
activity,com/pegarules/generated/activity/ra_action_pzbrowseproperties_dd75ac0396f908bebe1f24c021e0d43b.java,ra_action_pzbrowseproperties_dd75ac0396f908bebe1f24c021e0d43b.java,pzbrowseproperties
activity,com/pegarules/generated/activity/ra_action_pzalertformaxerrorrecordsoflsetable_f5c0dae6471f6cf0d35f56cdd6c60b13.java,ra_action_pzalertformaxerrorrecordsoflsetable_f5c0dae6471f6cf0d35f56cdd6c60b13.java,pzalertformaxerrorrecordsoflsetable
activity,com/pegarules/generated/activity/ra_action_pymodalpagecancelaction_b6d01441dc975fb1586ba03517359135.java,ra_action_pymodalpagecancelaction_b6d01441dc975fb1586ba03517359135.java,pymodalpagecancelaction
activity,com/pegarules/generated/activity/ra_action_pxuserhasunlockedrulesets_598f2340cf42467a2f44307b58ff61a9.java,ra_action_pxuserhasunlockedrulesets_598f2340cf42467a2f44307b58ff61a9.java,pxuserhasunlockedrulesets
activity,com/pegarules/generated/activity/ra_action_pzinitcosmossettings_87aa9b365ff0eed671b78c6bbf01cd61.java,ra_action_pzinitcosmossettings_87aa9b365ff0eed671b78c6bbf01cd61.java,pzinitcosmossettings
activity,com/pegarules/generated/activity/ra_action_pzsortclipboarddata_b543f112f236b4af238bbc0c932b0c3e.java,ra_action_pzsortclipboarddata_b543f112f236b4af238bbc0c932b0c3e.java,pzsortclipboarddata
activity,com/pegarules/generated/activity/ra_action_pzopenactivitymethod_5b4bb3ae38d701edf3935e1fd275de91.java,ra_action_pzopenactivitymethod_5b4bb3ae38d701edf3935e1fd275de91.java,pzopenactivitymethod
activity,com/pegarules/generated/activity/ra_action_donothing_c38f0c70d9eb20b2ee04f6de6ad8e484.java,ra_action_donothing_c38f0c70d9eb20b2ee04f6de6ad8e484.java,donothing
activity,com/pegarules/generated/activity/ra_action_pyhandlepredupgrade_81c2dbbd826e7cd81c44399e8e2b3b3a.java,ra_action_pyhandlepredupgrade_81c2dbbd826e7cd81c44399e8e2b3b3a.java,pyhandlepredupgrade
activity,com/pegarules/generated/activity/ra_action_pxgetrelrecordlist_68d4fe6fe7f87477037f8d1a1737dd79.java,ra_action_pxgetrelrecordlist_68d4fe6fe7f87477037f8d1a1737dd79.java,pxgetrelrecordlist
activity,com/pegarules/generated/activity/ra_action_pzexecutewriteusagedataflow_fd3f4c4db0213ef0b691c36999ce228d.java,ra_action_pzexecutewriteusagedataflow_fd3f4c4db0213ef0b691c36999ce228d.java,pzexecutewriteusagedataflow
activity,com/pegarules/generated/activity/ra_action_pushjobschedulerinfo_7ae806c9863a98f3aa297a2d9da91370.java,ra_action_pushjobschedulerinfo_7ae806c9863a98f3aa297a2d9da91370.java,pushjobschedulerinfo
activity,com/pegarules/generated/activity/ra_action_pzvalidateskinrule_ce5f1f25d5d495813c5594fee0b7fdee.java,ra_action_pzvalidateskinrule_ce5f1f25d5d495813c5594fee0b7fdee.java,pzvalidateskinrule
activity,com/pegarules/generated/activity/ra_action_pzgetreferenceddataobjects_e8399ac9d245045a3d5ce9ead75aa6b5.java,ra_action_pzgetreferenceddataobjects_e8399ac9d245045a3d5ce9ead75aa6b5.java,pzgetreferenceddataobjects
activity,com/pegarules/generated/activity/ra_action_pzbatchindexclassescoordinator_6e843935b72e7f00017dc0e637c17b2a.java,ra_action_pzbatchindexclassescoordinator_6e843935b72e7f00017dc0e637c17b2a.java,pzbatchindexclassescoordinator
activity,com/pegarules/generated/activity/ra_action_pzflushexecutionprofiletodb_ab6280404046ede64613e0d2b7ce3483.java,ra_action_pzflushexecutionprofiletodb_ab6280404046ede64613e0d2b7ce3483.java,pzflushexecutionprofiletodb
activity,com/pegarules/generated/activity/ra_action_pypostactionnew_287b4be2dc9ccdd09a17af7e7bef87c0.java,ra_action_pypostactionnew_287b4be2dc9ccdd09a17af7e7bef87c0.java,pypostactionnew
activity,com/pegarules/generated/activity/ra_action_pzsetconditionselector_91dd0353b071f24e1ca7cf877775f9b5.java,ra_action_pzsetconditionselector_91dd0353b071f24e1ca7cf877775f9b5.java,pzsetconditionselector
activity,com/pegarules/generated/activity/ra_action_pzrunappexplorerexpand_2265faab2e529505adbb896f55245c75.java,ra_action_pzrunappexplorerexpand_2265faab2e529505adbb896f55245c75.java,pzrunappexplorerexpand
activity,com/pegarules/generated/activity/ra_action_pysortstartingflows_53f98a6b0518ad9c1e7ad58f625c74d8.java,ra_action_pysortstartingflows_53f98a6b0518ad9c1e7ad58f625c74d8.java,pysortstartingflows
activity,com/pegarules/generated/activity/ra_action_m3metricsconsumer_ba2439ad52532a75b4458d5a36925c08.java,ra_action_m3metricsconsumer_ba2439ad52532a75b4458d5a36925c08.java,m3metricsconsumer
activity,com/pegarules/generated/activity/ra_action_pzvalidatestepsconfiguration_8efdf73ddef67b0e66685f312412c13c.java,ra_action_pzvalidatestepsconfiguration_8efdf73ddef67b0e66685f312412c13c.java,pzvalidatestepsconfiguration
activity,com/pegarules/generated/activity/ra_action_pzcreatepage_020206d7c47acb81dbaf05707092f7ca.java,ra_action_pzcreatepage_020206d7c47acb81dbaf05707092f7ca.java,pzcreatepage
activity,com/pegarules/generated/activity/ra_action_pzupdateapplicationtemplates_6d64468acd17e2b008fad3ccde379902.java,ra_action_pzupdateapplicationtemplates_6d64468acd17e2b008fad3ccde379902.java,pzupdateapplicationtemplates
activity,com/pegarules/generated/activity/ra_action_pzpostprocessextensions_14f681b50ba425e6e8b3edf1fbae942d.java,ra_action_pzpostprocessextensions_14f681b50ba425e6e8b3edf1fbae942d.java,pzpostprocessextensions
activity,com/pegarules/generated/activity/ra_action_rename_class_save_page_45211506e7a3dab22e5ce4884079dacf.java,ra_action_rename_class_save_page_45211506e7a3dab22e5ce4884079dacf.java,rename class save page
activity,com/pegarules/generated/activity/ra_action_pypostsave_618e71b438f5544aa0a61b7452cd6d3a.java,ra_action_pypostsave_618e71b438f5544aa0a61b7452cd6d3a.java,pypostsave
activity,com/pegarules/generated/activity/ra_action_pzisreportingfieldvaluevalid_b3832da5edd4412fe8f28cf2a48d8921.java,ra_action_pzisreportingfieldvaluevalid_b3832da5edd4412fe8f28cf2a48d8921.java,pzisreportingfieldvaluevalid
activity,com/pegarules/generated/activity/ra_action_pzdefaultselectedappview_eaafe36691c73f2a500cca0d9536d3d7.java,ra_action_pzdefaultselectedappview_eaafe36691c73f2a500cca0d9536d3d7.java,pzdefaultselectedappview
activity,com/pegarules/generated/activity/ra_action_pzcdhupgradeextension_a308f0df5f2f20c55026d05964903198.java,ra_action_pzcdhupgradeextension_a308f0df5f2f20c55026d05964903198.java,pzcdhupgradeextension
activity,com/pegarules/generated/activity/ra_action_pzsetaccessgroupdescription_782868a47be0a20ce8c5120b951f414e.java,ra_action_pzsetaccessgroupdescription_782868a47be0a20ce8c5120b951f414e.java,pzsetaccessgroupdescription
activity,com/pegarules/generated/activity/ra_action_pzcheckvalidation_f407aac14b74b1b69aeb41a1400c2df0.java,ra_action_pzcheckvalidation_f407aac14b74b1b69aeb41a1400c2df0.java,pzcheckvalidation
activity,com/pegarules/generated/activity/ra_action_pzprocessobjectpostsaveforae_17e45a7bbd434001f8582bdf40ab4bad.java,ra_action_pzprocessobjectpostsaveforae_17e45a7bbd434001f8582bdf40ab4bad.java,pzprocessobjectpostsaveforae
activity,com/pegarules/generated/activity/ra_action_pzsetappindex_e23d868f3a4fba46b861ae0332fc7ac9.java,ra_action_pzsetappindex_e23d868f3a4fba46b861ae0332fc7ac9.java,pzsetappindex
activity,com/pegarules/generated/activity/ra_action_pypopulatecasecontentswrapperextension_23710cf4f4246506bfccab6b11f36ba8.java,ra_action_pypopulatecasecontentswrapperextension_23710cf4f4246506bfccab6b11f36ba8.java,pypopulatecasecontentswrapperextension
activity,com/pegarules/generated/activity/ra_action_pzgetlistofappsthatreferenceruleset_214fe2c46554a931fd835ec8a689f20c.java,ra_action_pzgetlistofappsthatreferenceruleset_214fe2c46554a931fd835ec8a689f20c.java,pzgetlistofappsthatreferenceruleset
activity,com/pegarules/generated/activity/ra_action_pzrenamereferences_e9d35dc6e6c2f7a1b62f10522d20cb87.java,ra_action_pzrenamereferences_e9d35dc6e6c2f7a1b62f10522d20cb87.java,pzrenamereferences
activity,com/pegarules/generated/activity/ra_action_newquickdefaults_35cb7136b830303a7b6951f519d8e269.java,ra_action_newquickdefaults_35cb7136b830303a7b6951f519d8e269.java,newquickdefaults
activity,com/pegarules/generated/activity/ra_action_pushdbstats_57a59579268f1062e29129e53379937b.java,ra_action_pushdbstats_57a59579268f1062e29129e53379937b.java,pushdbstats
activity,com/pegarules/generated/activity/ra_action_pxgetflowstructuretype_6fb76b7e86269f1a2b7a8ce896c97585.java,ra_action_pxgetflowstructuretype_6fb76b7e86269f1a2b7a8ce896c97585.java,pxgetflowstructuretype
activity,com/pegarules/generated/activity/ra_action_pzloadcalculationstrigger_d8e9386278e2424d6f04ffbbbd7b2195.java,ra_action_pzloadcalculationstrigger_d8e9386278e2424d6f04ffbbbd7b2195.java,pzloadcalculationstrigger
activity,com/pegarules/generated/activity/ra_action_pzcheckifsavefailed_6734d5bd30219594197b553a586c3a7a.java,ra_action_pzcheckifsavefailed_6734d5bd30219594197b553a586c3a7a.java,pzcheckifsavefailed
activity,com/pegarules/generated/activity/ra_action_pzloadmodel_6a437fbb508462106da3cbde29cf3b07.java,ra_action_pzloadmodel_6a437fbb508462106da3cbde29cf3b07.java,pzloadmodel
activity,com/pegarules/generated/activity/ra_action_pyloadcasetypestagesextension_c04b73bef5a61880f7c00b286e4c2e69.java,ra_action_pyloadcasetypestagesextension_c04b73bef5a61880f7c00b286e4c2e69.java,pyloadcasetypestagesextension
activity,com/pegarules/generated/activity/ra_action_pzinitializenewcase_0a680e29ba3d304e2ed3aa527bf66b9d.java,ra_action_pzinitializenewcase_0a680e29ba3d304e2ed3aa527bf66b9d.java,pzinitializenewcase
activity,com/pegarules/generated/activity/ra_action_pzprepareaccessgroup_0090dddc1aea3cdb5a03822e494168c2.java,ra_action_pzprepareaccessgroup_0090dddc1aea3cdb5a03822e494168c2.java,pzprepareaccessgroup
activity,com/pegarules/generated/activity/ra_action_pzpopulatechildfeatures_ae252d58151515b94e91c9394a1beb5f.java,ra_action_pzpopulatechildfeatures_ae252d58151515b94e91c9394a1beb5f.java,pzpopulatechildfeatures
activity,com/pegarules/generated/activity/ra_action_pypresave_4a47615f43ce31d27e631412f76d87c5.java,ra_action_pypresave_4a47615f43ce31d27e631412f76d87c5.java,pypresave
activity,com/pegarules/generated/activity/ra_action_pygetfollowuserscount_e4d046d41e9207edd1f3fbc05a83a545.java,ra_action_pygetfollowuserscount_e4d046d41e9207edd1f3fbc05a83a545.java,pygetfollowuserscount
activity,com/pegarules/generated/activity/ra_action_pyloadsamlssologininfo_1a52b83b779aedb3ebc17c12cefa0445.java,ra_action_pyloadsamlssologininfo_1a52b83b779aedb3ebc17c12cefa0445.java,pyloadsamlssologininfo
activity,com/pegarules/generated/activity/ra_action_pzupdatestaticlicenselog_6f68a584c5adecc781eaf361c4328aef.java,ra_action_pzupdatestaticlicenselog_6f68a584c5adecc781eaf361c4328aef.java,pzupdatestaticlicenselog
activity,com/pegarules/generated/activity/ra_action_pzsetorganizationlabels_49216f889740cf34258e925a31482573.java,ra_action_pzsetorganizationlabels_49216f889740cf34258e925a31482573.java,pzsetorganizationlabels
activity,com/pegarules/generated/activity/ra_action_pzeventcleaner_10cbb782b8fced9c162971433c05b089.java,ra_action_pzeventcleaner_10cbb782b8fced9c162971433c05b089.java,pzeventcleaner
activity,com/pegarules/generated/activity/ra_action_pxensureuserportalhaslabel_3f13877ff6f4c05014259b4320d35824.java,ra_action_pxensureuserportalhaslabel_3f13877ff6f4c05014259b4320d35824.java,pxensureuserportalhaslabel
activity,com/pegarules/generated/activity/ra_action_pzvalidateapplicationtemplatesettings_48e69bce2db5c27498e5741ecb230586.java,ra_action_pzvalidateapplicationtemplatesettings_48e69bce2db5c27498e5741ecb230586.java,pzvalidateapplicationtemplatesettings
activity,com/pegarules/generated/activity/ra_action_loadglobalsimulationpage_5fad9cd8f77b62dcbeadd8f0841ce84a.java,ra_action_loadglobalsimulationpage_5fad9cd8f77b62dcbeadd8f0841ce84a.java,loadglobalsimulationpage
activity,com/pegarules/generated/activity/ra_action_pzregisterconstellationappasoauth2client_0e69c9531114c9b739f8bbfdcaa1acaf.java,ra_action_pzregisterconstellationappasoauth2client_0e69c9531114c9b739f8bbfdcaa1acaf.java,pzregisterconstellationappasoauth2client
activity,com/pegarules/generated/activity/ra_action_pymygroupspostprocessing_29cafd9a66124ec1033d2e3a5c462251.java,ra_action_pymygroupspostprocessing_29cafd9a66124ec1033d2e3a5c462251.java,pymygroupspostprocessing
activity,com/pegarules/generated/activity/ra_action_pxtriggermergerun_a3d42f1d23d9199722faf3aefcc6d5f5.java,ra_action_pxtriggermergerun_a3d42f1d23d9199722faf3aefcc6d5f5.java,pxtriggermergerun
activity,com/pegarules/generated/activity/ra_action_pzgetpostdetails_404819c627d783b7fc2f6ce461ca1f4d.java,ra_action_pzgetpostdetails_404819c627d783b7fc2f6ce461ca1f4d.java,pzgetpostdetails
activity,com/pegarules/generated/activity/ra_action_pzupdateelementkey_2edeb4e1ae7d133864a2075d06c47081.java,ra_action_pzupdateelementkey_2edeb4e1ae7d133864a2075d06c47081.java,pzupdateelementkey
activity,com/pegarules/generated/activity/ra_action_pzupdatedatatypes_3e3edc16c9c1e1c22376937d2e9e8f84.java,ra_action_pzupdatedatatypes_3e3edc16c9c1e1c22376937d2e9e8f84.java,pzupdatedatatypes
activity,com/pegarules/generated/activity/ra_action_pzsetselectedposttypes_61ee3584c973dd1ee22a63d55db3803c.java,ra_action_pzsetselectedposttypes_61ee3584c973dd1ee22a63d55db3803c.java,pzsetselectedposttypes
activity,com/pegarules/generated/activity/ra_action_statuselapsedcalculation_ee465d8c6571866246377a69b0d928be.java,ra_action_statuselapsedcalculation_ee465d8c6571866246377a69b0d928be.java,statuselapsedcalculation
activity,com/pegarules/generated/activity/ra_action_pzvalidateoperatorid_c5eaf580fcd00f513ab1c51ab5527969.java,ra_action_pzvalidateoperatorid_c5eaf580fcd00f513ab1c51ab5527969.java,pzvalidateoperatorid
activity,com/pegarules/generated/activity/ra_action_rmactionpost_a32a14b61b042640c0644f00b0b96bb7.java,ra_action_rmactionpost_a32a14b61b042640c0644f00b0b96bb7.java,rmactionpost
activity,com/pegarules/generated/activity/ra_action_pzpurgeprsysstatusnodes_e412836d88dc4d48f43b110c030aced6.java,ra_action_pzpurgeprsysstatusnodes_e412836d88dc4d48f43b110c030aced6.java,pzpurgeprsysstatusnodes
activity,com/pegarules/generated/activity/ra_action_pzdeletetempattachments_18b620e39a437b6ff535f4c66ad9fea8.java,ra_action_pzdeletetempattachments_18b620e39a437b6ff535f4c66ad9fea8.java,pzdeletetempattachments
activity,com/pegarules/generated/activity/ra_action_pzpostprocesswrkspacedp_af326f4f470f5ddb9fbc3ed85f476707.java,ra_action_pzpostprocesswrkspacedp_af326f4f470f5ddb9fbc3ed85f476707.java,pzpostprocesswrkspacedp
activity,com/pegarules/generated/activity/ra_action_pzaddbuiltonappprerequisites_098dd3231aa7be01ac5b2ca20aa6e228.java,ra_action_pzaddbuiltonappprerequisites_098dd3231aa7be01ac5b2ca20aa6e228.java,pzaddbuiltonappprerequisites
activity,com/pegarules/generated/activity/ra_action_postactiondelete_0830634f8c964e6e5efc3f72fae4aec5.java,ra_action_postactiondelete_0830634f8c964e6e5efc3f72fae4aec5.java,postactiondelete
activity,com/pegarules/generated/activity/ra_action_pzperformarchive_89776fb8e8afdd2ef2833ace9847b802.java,ra_action_pzperformarchive_89776fb8e8afdd2ef2833ace9847b802.java,pzperformarchive
activity,com/pegarules/generated/activity/ra_action_pzcheckforparameterpagedatatransform_f0190d1e2f4dd833fdcb40291137893b.java,ra_action_pzcheckforparameterpagedatatransform_f0190d1e2f4dd833fdcb40291137893b.java,pzcheckforparameterpagedatatransform
activity,com/pegarules/generated/activity/ra_action_pzretrievemygroupsmentionedposts_2ba11ead857c3467a3514d5498f238e9.java,ra_action_pzretrievemygroupsmentionedposts_2ba11ead857c3467a3514d5498f238e9.java,pzretrievemygroupsmentionedposts
activity,com/pegarules/generated/activity/ra_action_pzloadhelpsnippet_f2faec0acf18a3b6b92299ebf6f974a8.java,ra_action_pzloadhelpsnippet_f2faec0acf18a3b6b92299ebf6f974a8.java,pzloadhelpsnippet
activity,com/pegarules/generated/activity/ra_action_pyloadfeedadditionaldetails_88f7529c8d7272a33ac54297de4e7793.java,ra_action_pyloadfeedadditionaldetails_88f7529c8d7272a33ac54297de4e7793.java,pyloadfeedadditionaldetails
activity,com/pegarules/generated/activity/ra_action_pzgetruleresolvedstagelist_eb81e4d12c4b889e0a6e6058daace451.java,ra_action_pzgetruleresolvedstagelist_eb81e4d12c4b889e0a6e6058daace451.java,pzgetruleresolvedstagelist
activity,com/pegarules/generated/activity/ra_action_pzcleanuponclose_68910b68b9b44fa9911bcfd5e723b273.java,ra_action_pzcleanuponclose_68910b68b9b44fa9911bcfd5e723b273.java,pzcleanuponclose
activity,com/pegarules/generated/activity/ra_action_pzgetfeatures_100b0b65499f9bf1fee785fa6390f54c.java,ra_action_pzgetfeatures_100b0b65499f9bf1fee785fa6390f54c.java,pzgetfeatures
activity,com/pegarules/generated/activity/ra_action_pzcollectstaticusagedata_b19b6052810f3248b8a5ad85c70d7f1a.java,ra_action_pzcollectstaticusagedata_b19b6052810f3248b8a5ad85c70d7f1a.java,pzcollectstaticusagedata
activity,com/pegarules/generated/activity/ra_action_pzsetupmodal_6647a5043f596632d902a5594a2fea4f.java,ra_action_pzsetupmodal_6647a5043f596632d902a5594a2fea4f.java,pzsetupmodal
activity,com/pegarules/generated/activity/ra_action_pzappinsight_completeassignment_215540ada89bb09171ce9d02c85b3fd3.java,ra_action_pzappinsight_completeassignment_215540ada89bb09171ce9d02c85b3fd3.java,pzappinsight completeassignment
activity,com/pegarules/generated/activity/ra_action_pzsynctoconstellation_4ec9c8368ba4e3ca8b51a53c55c6972c.java,ra_action_pzsynctoconstellation_4ec9c8368ba4e3ca8b51a53c55c6972c.java,pzsynctoconstellation
activity,com/pegarules/generated/activity/ra_action_pzupdateshape_90b355b5d188f5c9bf2d814b498a6fb0.java,ra_action_pzupdateshape_90b355b5d188f5c9bf2d814b498a6fb0.java,pzupdateshape
activity,com/pegarules/generated/activity/ra_action_pypopulateassignmentcontents_f0296760f4ccadf25b63e6d2ba9687a3.java,ra_action_pypopulateassignmentcontents_f0296760f4ccadf25b63e6d2ba9687a3.java,pypopulateassignmentcontents
activity,com/pegarules/generated/activity/ra_action_pxvalidateexternalid_46f625910b722e39a48454b26bd6997c.java,ra_action_pxvalidateexternalid_46f625910b722e39a48454b26bd6997c.java,pxvalidateexternalid
activity,com/pegarules/generated/activity/ra_action_pztrackrulecontext_be74f64c22849d85c249f02bf93dc259.java,ra_action_pztrackrulecontext_be74f64c22849d85c249f02bf93dc259.java,pztrackrulecontext
activity,com/pegarules/generated/activity/ra_action_pzaddtostage_0111e0d8ca1ee13b020b1f0f12fb45ad.java,ra_action_pzaddtostage_0111e0d8ca1ee13b020b1f0f12fb45ad.java,pzaddtostage
activity,com/pegarules/generated/activity/ra_action_pzgetframeworkhelp_911dfbb4447665c1a55f810f3e4ac457.java,ra_action_pzgetframeworkhelp_911dfbb4447665c1a55f810f3e4ac457.java,pzgetframeworkhelp
activity,com/pegarules/generated/activity/ra_action_pzaddprocessdosteppaletteaction_347a32de3d18b8b0e757765588137b7f.java,ra_action_pzaddprocessdosteppaletteaction_347a32de3d18b8b0e757765588137b7f.java,pzaddprocessdosteppaletteaction
activity,com/pegarules/generated/activity/ra_action_pzperformgridaction_89c9f502f66602c59f05f5daf23c29a7.java,ra_action_pzperformgridaction_89c9f502f66602c59f05f5daf23c29a7.java,pzperformgridaction
activity,com/pegarules/generated/activity/ra_action_pushqueuestatusinfo_1df16dff3331868e7dff0071bb11c2e5.java,ra_action_pushqueuestatusinfo_1df16dff3331868e7dff0071bb11c2e5.java,pushqueuestatusinfo
activity,com/pegarules/generated/activity/ra_action_populatestartingflowsbyworkpool_a6c0adeeb3869332c6a722fa2447533c.java,ra_action_populatestartingflowsbyworkpool_a6c0adeeb3869332c6a722fa2447533c.java,populatestartingflowsbyworkpool
activity,com/pegarules/generated/activity/ra_action_pxgetdefaultsfornewrulecontext_fd2e801bd595d9a5fe6a7d7ccd19efe6.java,ra_action_pxgetdefaultsfornewrulecontext_fd2e801bd595d9a5fe6a7d7ccd19efe6.java,pxgetdefaultsfornewrulecontext
activity,com/pegarules/generated/activity/ra_action_pzftsincrementalindexer_d5a57189f42c1af9200f92e0328c352f.java,ra_action_pzftsincrementalindexer_d5a57189f42c1af9200f92e0328c352f.java,pzftsincrementalindexer
activity,com/pegarules/generated/activity/ra_action_pzevaluaterulesetforabvguardrail_72c6f3a80ce6d30cc36403b6e5f97954.java,ra_action_pzevaluaterulesetforabvguardrail_72c6f3a80ce6d30cc36403b6e5f97954.java,pzevaluaterulesetforabvguardrail
activity,com/pegarules/generated/activity/ra_action_pzfieldsmodalpreprocessing_bba397631c4947860235b037fb92bb6a.java,ra_action_pzfieldsmodalpreprocessing_bba397631c4947860235b037fb92bb6a.java,pzfieldsmodalpreprocessing
activity,com/pegarules/generated/activity/ra_action_pzgetlocalizedtemplateinfo_596f126a259ee31d30e8b3729bbae8cf.java,ra_action_pzgetlocalizedtemplateinfo_596f126a259ee31d30e8b3729bbae8cf.java,pzgetlocalizedtemplateinfo
activity,com/pegarules/generated/activity/ra_action_pzcheckcasetypeiseditable_c7857400fb8469d1e25463aa8dff329b.java,ra_action_pzcheckcasetypeiseditable_c7857400fb8469d1e25463aa8dff329b.java,pzcheckcasetypeiseditable
activity,com/pegarules/generated/activity/ra_action_pushnodesinfo_5172cdcf87f49584fc36eee0cf105786.java,ra_action_pushnodesinfo_5172cdcf87f49584fc36eee0cf105786.java,pushnodesinfo
activity,com/pegarules/generated/activity/ra_action_initializehealthinfo_5e27ec43d4bed4f14a3a8cb39b709824.java,ra_action_initializehealthinfo_5e27ec43d4bed4f14a3a8cb39b709824.java,initializehealthinfo
activity,com/pegarules/generated/activity/ra_action_pzflushassociateddatapages_41bd6629082ec75589fddf3ec76a977d.java,ra_action_pzflushassociateddatapages_41bd6629082ec75589fddf3ec76a977d.java,pzflushassociateddatapages
activity,com/pegarules/generated/activity/ra_action_pypregridupdate_020466c96b4a2a58f878507fc849cec5.java,ra_action_pypregridupdate_020466c96b4a2a58f878507fc849cec5.java,pypregridupdate
activity,com/pegarules/generated/activity/ra_action_checkforwarnings_5f1e3a0aca632277a3289b4492db6300.java,ra_action_checkforwarnings_5f1e3a0aca632277a3289b4492db6300.java,checkforwarnings
activity,com/pegarules/generated/activity/ra_action_opendefaults_bb0cfca9f37506a398b5b88ee02528ef.java,ra_action_opendefaults_bb0cfca9f37506a398b5b88ee02528ef.java,opendefaults
activity,com/pegarules/generated/activity/ra_action_pzinvokecasesettingpreprocessing_745fadcfed5f196392c5b8d15c4b3d19.java,ra_action_pzinvokecasesettingpreprocessing_745fadcfed5f196392c5b8d15c4b3d19.java,pzinvokecasesettingpreprocessing
activity,com/pegarules/generated/activity/ra_action_pzgetcasestartingprocess_890cfd5d056aa7fdf5590c2907963c85.java,ra_action_pzgetcasestartingprocess_890cfd5d056aa7fdf5590c2907963c85.java,pzgetcasestartingprocess
activity,com/pegarules/generated/activity/ra_action_pzremoveoutdatedguardrailevaluations_1f77cf27e57a590cbac7e2e212e26c35.java,ra_action_pzremoveoutdatedguardrailevaluations_1f77cf27e57a590cbac7e2e212e26c35.java,pzremoveoutdatedguardrailevaluations
activity,com/pegarules/generated/activity/ra_action_pzgetappcommentscount_337600060cbdd9f62dda2d68d6d748ff.java,ra_action_pzgetappcommentscount_337600060cbdd9f62dda2d68d6d748ff.java,pzgetappcommentscount
activity,com/pegarules/generated/activity/ra_action_postactionsaveas_8ff51bdf26968aa761b95334ff5715c2.java,ra_action_postactionsaveas_8ff51bdf26968aa761b95334ff5715c2.java,postactionsaveas
activity,com/pegarules/generated/activity/ra_action_pygetcategoryitems_450fc85105c3e21ca1532b67c90c95a8.java,ra_action_pygetcategoryitems_450fc85105c3e21ca1532b67c90c95a8.java,pygetcategoryitems
activity,com/pegarules/generated/activity/ra_action_pzcolumnoptimizationpreprocess_16e5cca5f4ed9fc371cfc3a1856496a2.java,ra_action_pzcolumnoptimizationpreprocess_16e5cca5f4ed9fc371cfc3a1856496a2.java,pzcolumnoptimizationpreprocess
activity,com/pegarules/generated/activity/ra_action_pzpreparesampleassets_509789ee98245c5d78a9966f4ff6a46c.java,ra_action_pzpreparesampleassets_509789ee98245c5d78a9966f4ff6a46c.java,pzpreparesampleassets
activity,com/pegarules/generated/activity/ra_action_pzsetshapepropertypaneldata_6c93a59597aeae8854e4fc6dbf9e674a.java,ra_action_pzsetshapepropertypaneldata_6c93a59597aeae8854e4fc6dbf9e674a.java,pzsetshapepropertypaneldata
activity,com/pegarules/generated/activity/ra_action_pzloadlistofpropertytypes_6d2a29bbe05c5f470ce2d31262a2c117.java,ra_action_pzloadlistofpropertytypes_6d2a29bbe05c5f470ce2d31262a2c117.java,pzloadlistofpropertytypes
activity,com/pegarules/generated/activity/ra_action_pysetlablefortag_38e19b77ff090c49b17ab0f122ba8e12.java,ra_action_pysetlablefortag_38e19b77ff090c49b17ab0f122ba8e12.java,pysetlablefortag
activity,com/pegarules/generated/activity/ra_action_pzperformpurge_17b9914714add457649dc7f8a63154c0.java,ra_action_pzperformpurge_17b9914714add457649dc7f8a63154c0.java,pzperformpurge
activity,com/pegarules/generated/activity/ra_action_updateoperatorid_84779b5c5459ecdbf7130ebc9bb41eb9.java,ra_action_updateoperatorid_84779b5c5459ecdbf7130ebc9bb41eb9.java,updateoperatorid
activity,com/pegarules/generated/activity/ra_action_pzruleincasedesignerlockingdetails_02b5a13ced6754eb9b2802fa83272b8e.java,ra_action_pzruleincasedesignerlockingdetails_02b5a13ced6754eb9b2802fa83272b8e.java,pzruleincasedesignerlockingdetails
activity,com/pegarules/generated/activity/ra_action_pzdatapagecachecleaner_d36d6f261edc817222bfd5b8f02b82e9.java,ra_action_pzdatapagecachecleaner_d36d6f261edc817222bfd5b8f02b82e9.java,pzdatapagecachecleaner
activity,com/pegarules/generated/activity/ra_action_pzlograrnchange_e6f523a8d71038edeef8ffeeb73fd6b7.java,ra_action_pzlograrnchange_e6f523a8d71038edeef8ffeeb73fd6b7.java,pzlograrnchange
activity,com/pegarules/generated/activity/ra_action_pyexportjobsenablement_26ac383a4e96d3d84df05c4ccd36d181.java,ra_action_pyexportjobsenablement_26ac383a4e96d3d84df05c4ccd36d181.java,pyexportjobsenablement
activity,com/pegarules/generated/activity/ra_action_pzretrievefeed_a508ef28502237a11f523b70ba7578cf.java,ra_action_pzretrievefeed_a508ef28502237a11f523b70ba7578cf.java,pzretrievefeed
activity,com/pegarules/generated/activity/ra_action_pzdatabrokerservice_4924204b404ac9ed70f656b74df711f5.java,ra_action_pzdatabrokerservice_4924204b404ac9ed70f656b74df711f5.java,pzdatabrokerservice
activity,com/pegarules/generated/activity/ra_action_pzgetclustermembersinformation_4383efb57ebfe77c6b87b3367eb5d888.java,ra_action_pzgetclustermembersinformation_4383efb57ebfe77c6b87b3367eb5d888.java,pzgetclustermembersinformation
activity,com/pegarules/generated/activity/ra_action_pxgetdatatypesforapplication_c894c8e586aeaaeb42deb30759558b59.java,ra_action_pxgetdatatypesforapplication_c894c8e586aeaaeb42deb30759558b59.java,pxgetdatatypesforapplication
activity,com/pegarules/generated/activity/ra_action_pyfollowedcases_21a09015ab1f3a3b42efce70f54ae4c8.java,ra_action_pyfollowedcases_21a09015ab1f3a3b42efce70f54ae4c8.java,pyfollowedcases
activity,com/pegarules/generated/activity/ra_action_pzlogseceventconfigchange_49afb8d4dfcd745f3edd60a4ce1e3dbc.java,ra_action_pzlogseceventconfigchange_49afb8d4dfcd745f3edd60a4ce1e3dbc.java,pzlogseceventconfigchange
activity,com/pegarules/generated/activity/ra_action_pxautomaticcolumnpopulation_3544ff5998917902822f5571869892b4.java,ra_action_pxautomaticcolumnpopulation_3544ff5998917902822f5571869892b4.java,pxautomaticcolumnpopulation
activity,com/pegarules/generated/activity/ra_action_pzactivitysecuritywarnings_3c6201461d7990cf4dfd16733fcd220b.java,ra_action_pzactivitysecuritywarnings_3c6201461d7990cf4dfd16733fcd220b.java,pzactivitysecuritywarnings
activity,com/pegarules/generated/activity/ra_action_pzmodelactionchanged_09374da8881168fb0b72d3bdc11a68cb.java,ra_action_pzmodelactionchanged_09374da8881168fb0b72d3bdc11a68cb.java,pzmodelactionchanged
activity,com/pegarules/generated/activity/ra_action_pzvalidateappservicepackage_ceebe617a60d468c9b0d100fc5f227ed.java,ra_action_pzvalidateappservicepackage_ceebe617a60d468c9b0d100fc5f227ed.java,pzvalidateappservicepackage
activity,com/pegarules/generated/activity/ra_action_pzgfw_buildconfiguration_d033472f2043c17c3d080790ffc55a94.java,ra_action_pzgfw_buildconfiguration_d033472f2043c17c3d080790ffc55a94.java,pzgfw buildconfiguration
activity,com/pegarules/generated/activity/ra_action_pushdailylogusagedata_44e877902835c031650abd9ce79c6e6f.java,ra_action_pushdailylogusagedata_44e877902835c031650abd9ce79c6e6f.java,pushdailylogusagedata
activity,com/pegarules/generated/activity/ra_action_pymyappspostprocessing_fdd34ebcac94d521ccf37b8c44292f43.java,ra_action_pymyappspostprocessing_fdd34ebcac94d521ccf37b8c44292f43.java,pymyappspostprocessing
activity,com/pegarules/generated/activity/ra_action_pzupdateshape_e43b5acdee6b9a67160e4af45923c9bb.java,ra_action_pzupdateshape_e43b5acdee6b9a67160e4af45923c9bb.java,pzupdateshape
activity,com/pegarules/generated/activity/ra_action_pzvalidatealias_cdc9fbb7ff0c359c16ea96ea1201760f.java,ra_action_pzvalidatealias_cdc9fbb7ff0c359c16ea96ea1201760f.java,pzvalidatealias
activity,com/pegarules/generated/activity/ra_action_pzsetinitialvalues_30841b8bfe9b800fd7f80e010c57eaa6.java,ra_action_pzsetinitialvalues_30841b8bfe9b800fd7f80e010c57eaa6.java,pzsetinitialvalues
activity,com/pegarules/generated/activity/ra_action_getlocalizedtextforstring_6f86bc074f2c0cb74d6957adb896e73c.java,ra_action_getlocalizedtextforstring_6f86bc074f2c0cb74d6957adb896e73c.java,getlocalizedtextforstring
activity,com/pegarules/generated/activity/ra_action_pypopulateassignmentcontents_181b4ad2e4a238d1de5612a7fae0db59.java,ra_action_pypopulateassignmentcontents_181b4ad2e4a238d1de5612a7fae0db59.java,pypopulateassignmentcontents
activity,com/pegarules/generated/activity/ra_action_resourceconfiguration_370731cdb32c29288d31a08dc28ba1ea.java,ra_action_resourceconfiguration_370731cdb32c29288d31a08dc28ba1ea.java,resourceconfiguration
activity,com/pegarules/generated/activity/ra_action_addrulesetversioncondition_b432b1fd71932f97fe5fe0910a76b6be.java,ra_action_addrulesetversioncondition_b432b1fd71932f97fe5fe0910a76b6be.java,addrulesetversioncondition
activity,com/pegarules/generated/activity/ra_action_pxgetclasskeynamecaption_677e6b8036a681b29066d8067af82459.java,ra_action_pxgetclasskeynamecaption_677e6b8036a681b29066d8067af82459.java,pxgetclasskeynamecaption
activity,com/pegarules/generated/activity/ra_action_pzpreparecasetypelp_106325d54720fe33fe3a4d76bb4e2459.java,ra_action_pzpreparecasetypelp_106325d54720fe33fe3a4d76bb4e2459.java,pzpreparecasetypelp
activity,com/pegarules/generated/activity/ra_action_pzcleanupexpiredrequestors_a20feaf4d482b31aaab93a6d1435ab07.java,ra_action_pzcleanupexpiredrequestors_a20feaf4d482b31aaab93a6d1435ab07.java,pzcleanupexpiredrequestors
activity,com/pegarules/generated/activity/ra_action_pydeleteeventsolderthanndays_5ffe50d62c5c048005d931ba3a318052.java,ra_action_pydeleteeventsolderthanndays_5ffe50d62c5c048005d931ba3a318052.java,pydeleteeventsolderthanndays
activity,com/pegarules/generated/activity/ra_action_pzdeletelinks_d3dcfa7f73c9d6975e907eafb7d2440e.java,ra_action_pzdeletelinks_d3dcfa7f73c9d6975e907eafb7d2440e.java,pzdeletelinks
activity,com/pegarules/generated/activity/ra_action_pxsetrulesetlist_8c7c6e5b61e8bc2d0579b68383c096be.java,ra_action_pxsetrulesetlist_8c7c6e5b61e8bc2d0579b68383c096be.java,pxsetrulesetlist
activity,com/pegarules/generated/activity/ra_action_rmactionset_f72aa290cb6468fe05624c4eab9b72a3.java,ra_action_rmactionset_f72aa290cb6468fe05624c4eab9b72a3.java,rmactionset
activity,com/pegarules/generated/activity/ra_action_pymodalcancelaction_3bb0d6ef529a5136af7718bd48bd1cf2.java,ra_action_pymodalcancelaction_3bb0d6ef529a5136af7718bd48bd1cf2.java,pymodalcancelaction
activity,com/pegarules/generated/activity/ra_action_pzloadhelpsnippetsfromrft_f08341f3780494181419174ca649930a.java,ra_action_pzloadhelpsnippetsfromrft_f08341f3780494181419174ca649930a.java,pzloadhelpsnippetsfromrft
activity,com/pegarules/generated/activity/ra_action_pzcreatejobschedulingpage_08b6483d5db9d4758ab40500432c18e9.java,ra_action_pzcreatejobschedulingpage_08b6483d5db9d4758ab40500432c18e9.java,pzcreatejobschedulingpage
activity,com/pegarules/generated/activity/ra_action_pzrequestorpoolsinfo_5784e1b09f8a07006f737b59eb4e892a.java,ra_action_pzrequestorpoolsinfo_5784e1b09f8a07006f737b59eb4e892a.java,pzrequestorpoolsinfo
activity,com/pegarules/generated/activity/ra_action_pzgetcategoryitems_f84504d3e7069691b20aec373e4dd522.java,ra_action_pzgetcategoryitems_f84504d3e7069691b20aec373e4dd522.java,pzgetcategoryitems
activity,com/pegarules/generated/activity/ra_action_pzloadpinnedclasses_9b7e142df60c980a8aea74c2631b6f5d.java,ra_action_pzloadpinnedclasses_9b7e142df60c980a8aea74c2631b6f5d.java,pzloadpinnedclasses
activity,com/pegarules/generated/activity/ra_action_pzfetchtimezones_6032afeb33342f0927966503638a0922.java,ra_action_pzfetchtimezones_6032afeb33342f0927966503638a0922.java,pzfetchtimezones
activity,com/pegarules/generated/activity/ra_action_pzdmpmlockedflow_6613017cf46a3aee9633077e4c56f18f.java,ra_action_pzdmpmlockedflow_6613017cf46a3aee9633077e4c56f18f.java,pzdmpmlockedflow
activity,com/pegarules/generated/activity/ra_action_pygetviewerorientation_5b736ccd601c7eae629450260348bd38.java,ra_action_pygetviewerorientation_5b736ccd601c7eae629450260348bd38.java,pygetviewerorientation
activity,com/pegarules/generated/activity/ra_action_pzinitializecontextualprompt_9d0e8d72f17242ead663921a1c649951.java,ra_action_pzinitializecontextualprompt_9d0e8d72f17242ead663921a1c649951.java,pzinitializecontextualprompt
activity,com/pegarules/generated/activity/ra_action_pushoperatorfeed_b14c4e4a000031762a1eccee4446b38e.java,ra_action_pushoperatorfeed_b14c4e4a000031762a1eccee4446b38e.java,pushoperatorfeed
activity,com/pegarules/generated/activity/ra_action_pypostdelegationpopulate_6badbe02bdbc0c26bc4105dc7c0b5f3e.java,ra_action_pypostdelegationpopulate_6badbe02bdbc0c26bc4105dc7c0b5f3e.java,pypostdelegationpopulate
activity,com/pegarules/generated/activity/ra_action_pzopendataobjectandgenrouting_c53d8bd9e44cb1d8342e02d7347f4b8f.java,ra_action_pzopendataobjectandgenrouting_c53d8bd9e44cb1d8342e02d7347f4b8f.java,pzopendataobjectandgenrouting
activity,com/pegarules/generated/activity/ra_action_pzloadcasetypestages_dc8b5ffc4e2383e9c3062f49890b2614.java,ra_action_pzloadcasetypestages_dc8b5ffc4e2383e9c3062f49890b2614.java,pzloadcasetypestages
activity,com/pegarules/generated/activity/ra_action_pysetpulsecontext_a85dd606d3afceb693c294e30d86d529.java,ra_action_pysetpulsecontext_a85dd606d3afceb693c294e30d86d529.java,pysetpulsecontext
activity,com/pegarules/generated/activity/ra_action_pzgettriagecasesmigrationstatus_71be435d2134be8447110fd971aa056d.java,ra_action_pzgettriagecasesmigrationstatus_71be435d2134be8447110fd971aa056d.java,pzgettriagecasesmigrationstatus
activity,com/pegarules/generated/activity/ra_action_pzspecdescriptionpreprocessing_a6ad949540e08224129836a9e3cf1972.java,ra_action_pzspecdescriptionpreprocessing_a6ad949540e08224129836a9e3cf1972.java,pzspecdescriptionpreprocessing
activity,com/pegarules/generated/activity/ra_action_opendefaults_7f1581bed37aa0dd4e543946a1708e74.java,ra_action_opendefaults_7f1581bed37aa0dd4e543946a1708e74.java,opendefaults
activity,com/pegarules/generated/activity/ra_action_pygetautoupdatepredictions_78bb591e58f44d50611770fd3b271296.java,ra_action_pygetautoupdatepredictions_78bb591e58f44d50611770fd3b271296.java,pygetautoupdatepredictions
activity,com/pegarules/generated/activity/ra_action_pzloadfromstagerule_66ee69bc841925834db4563ea98e7297.java,ra_action_pzloadfromstagerule_66ee69bc841925834db4563ea98e7297.java,pzloadfromstagerule
activity,com/pegarules/generated/activity/ra_action_pzsystemeventevaluation_41a2d195a453eac21a38b8dd14ddce59.java,ra_action_pzsystemeventevaluation_41a2d195a453eac21a38b8dd14ddce59.java,pzsystemeventevaluation
activity,com/pegarules/generated/activity/ra_action_pypostactivation_5b5f7350ed3bade09bc92e201e0f3b1d.java,ra_action_pypostactivation_5b5f7350ed3bade09bc92e201e0f3b1d.java,pypostactivation
activity,com/pegarules/generated/activity/ra_action_pzexecutefieldssourceextension_cba9922e915a83d23a11505ceae26a1b.java,ra_action_pzexecutefieldssourceextension_cba9922e915a83d23a11505ceae26a1b.java,pzexecutefieldssourceextension
activity,com/pegarules/generated/activity/ra_action_pzcreateprototypedatatransform_3852d8b747c6babc65f781f9dba9a6d7.java,ra_action_pzcreateprototypedatatransform_3852d8b747c6babc65f781f9dba9a6d7.java,pzcreateprototypedatatransform
activity,com/pegarules/generated/activity/ra_action_pzloadrealtimeruns_516455b5dd95142d976d9c7e2133e0f1.java,ra_action_pzloadrealtimeruns_516455b5dd95142d976d9c7e2133e0f1.java,pzloadrealtimeruns
activity,com/pegarules/generated/activity/ra_action_pzsaveclasslabel_7bb32435a9720638905dc9c49f8ba6f8.java,ra_action_pzsaveclasslabel_7bb32435a9720638905dc9c49f8ba6f8.java,pzsaveclasslabel
activity,com/pegarules/generated/activity/ra_action_pzrulesforrulesetversionvalidatekey_0daf4313def9476baa79a8dc23ad92f0.java,ra_action_pzrulesforrulesetversionvalidatekey_0daf4313def9476baa79a8dc23ad92f0.java,pzrulesforrulesetversionvalidatekey
activity,com/pegarules/generated/activity/ra_action_pzupdatecanbeautogenerated_cb0b5908ebaec842567bb96cc204e7a9.java,ra_action_pzupdatecanbeautogenerated_cb0b5908ebaec842567bb96cc204e7a9.java,pzupdatecanbeautogenerated
activity,com/pegarules/generated/activity/ra_action_pzloadapplicationstacknopega_f0813d29b6344e78a3391ec8482d5794.java,ra_action_pzloadapplicationstacknopega_f0813d29b6344e78a3391ec8482d5794.java,pzloadapplicationstacknopega
activity,com/pegarules/generated/activity/ra_action_pymodalcancelaction_59d3a59a3d33f69e269c31f456a33e81.java,ra_action_pymodalcancelaction_59d3a59a3d33f69e269c31f456a33e81.java,pymodalcancelaction
activity,com/pegarules/generated/activity/ra_action_pxgetpurgecutofftime_441f64b06b7b41c8f222840ad46aebc2.java,ra_action_pxgetpurgecutofftime_441f64b06b7b41c8f222840ad46aebc2.java,pxgetpurgecutofftime
activity,com/pegarules/generated/activity/ra_action_pushhourlylogusagedatabyapp_fcf19aa861236dcec577ac20a4cb630a.java,ra_action_pushhourlylogusagedatabyapp_fcf19aa861236dcec577ac20a4cb630a.java,pushhourlylogusagedatabyapp
activity,com/pegarules/generated/activity/ra_action_pyfetchnotificationthresholds_0a5580ee552db32972b5fe112f06a21b.java,ra_action_pyfetchnotificationthresholds_0a5580ee552db32972b5fe112f06a21b.java,pyfetchnotificationthresholds
activity,com/pegarules/generated/activity/ra_action_pzupdaterulesetindices_a310a694ddddd8457b8ddeddc10b94cb.java,ra_action_pzupdaterulesetindices_a310a694ddddd8457b8ddeddc10b94cb.java,pzupdaterulesetindices
activity,com/pegarules/generated/activity/ra_action_pzdefaultfieldtypefromlabel_ce46911c03f4782ceba487d50ea8c695.java,ra_action_pzdefaultfieldtypefromlabel_ce46911c03f4782ceba487d50ea8c695.java,pzdefaultfieldtypefromlabel
activity,com/pegarules/generated/activity/ra_action_pzpersistnodestate_95416bc413b38e19928c1cbb46614741.java,ra_action_pzpersistnodestate_95416bc413b38e19928c1cbb46614741.java,pzpersistnodestate
activity,com/pegarules/generated/activity/ra_action_pzftsbatchindexmessenger_8c6c4cb9d429cb9538f8a7b09b3203dd.java,ra_action_pzftsbatchindexmessenger_8c6c4cb9d429cb9538f8a7b09b3203dd.java,pzftsbatchindexmessenger
activity,com/pegarules/generated/activity/ra_action_pzgetviewversionstooltip_81ae375200a70faf2c45a45ebd7b41aa.java,ra_action_pzgetviewversionstooltip_81ae375200a70faf2c45a45ebd7b41aa.java,pzgetviewversionstooltip
activity,com/pegarules/generated/activity/ra_action_pypostprocessextensions_d211f06585191eb2c16af5369a347256.java,ra_action_pypostprocessextensions_d211f06585191eb2c16af5369a347256.java,pypostprocessextensions
activity,com/pegarules/generated/activity/ra_action_pushelasticsearchstatus_adafe65d2752bf4d390f438d49ca6b96.java,ra_action_pushelasticsearchstatus_adafe65d2752bf4d390f438d49ca6b96.java,pushelasticsearchstatus
activity,com/pegarules/generated/activity/ra_action_pxgetclonablecasetypesforapplication_d88e971f35920eea7a57dbe16036c20b.java,ra_action_pxgetclonablecasetypesforapplication_d88e971f35920eea7a57dbe16036c20b.java,pxgetclonablecasetypesforapplication
activity,com/pegarules/generated/activity/ra_action_pzgetprocesslist_196a3d05f0ceb48065f32d3083076a8d.java,ra_action_pzgetprocesslist_196a3d05f0ceb48065f32d3083076a8d.java,pzgetprocesslist
activity,com/pegarules/generated/activity/ra_action_checkforwarnings_fad63fb3e8279f16763707870e1f385a.java,ra_action_checkforwarnings_fad63fb3e8279f16763707870e1f385a.java,checkforwarnings
activity,com/pegarules/generated/activity/ra_action_pzlistcasepredictions_2732dcd00665058b8fc5fe45b8a7eea4.java,ra_action_pzlistcasepredictions_2732dcd00665058b8fc5fe45b8a7eea4.java,pzlistcasepredictions
activity,com/pegarules/generated/activity/ra_action_pzoptimizepegafield_723894918db95e38db6415d724c8acbf.java,ra_action_pzoptimizepegafield_723894918db95e38db6415d724c8acbf.java,pzoptimizepegafield
activity,com/pegarules/generated/activity/ra_action_pyinitpostcontext_2335488272c0cea951956f2acd3c1719.java,ra_action_pyinitpostcontext_2335488272c0cea951956f2acd3c1719.java,pyinitpostcontext
activity,com/pegarules/generated/activity/ra_action_pzsetdirtyflaglabel_5e523bb3c333dd100103e4124b3f15dd.java,ra_action_pzsetdirtyflaglabel_5e523bb3c333dd100103e4124b3f15dd.java,pzsetdirtyflaglabel
activity,com/pegarules/generated/activity/ra_action_pushdailyusersdata_c73eefd1ee518531390d00ae08b3c25b.java,ra_action_pushdailyusersdata_c73eefd1ee518531390d00ae08b3c25b.java,pushdailyusersdata
activity,com/pegarules/generated/activity/ra_action_pzprepareframeworkassetsforgeneration_c79ae1b08fe3c6fffa5e37523bdb445d.java,ra_action_pzprepareframeworkassetsforgeneration_c79ae1b08fe3c6fffa5e37523bdb445d.java,pzprepareframeworkassetsforgeneration
activity,com/pegarules/generated/activity/ra_action_pzgetpostswithusermentions_0a78fd5dd7359bcb9c58b130011db93f.java,ra_action_pzgetpostswithusermentions_0a78fd5dd7359bcb9c58b130011db93f.java,pzgetpostswithusermentions
activity,com/pegarules/generated/activity/ra_action_presaveas_a3007e41f4676dd0bf0d347305bae602.java,ra_action_presaveas_a3007e41f4676dd0bf0d347305bae602.java,presaveas
activity,com/pegarules/generated/activity/ra_action_pzlogoperatorchange_c20f3e004bed90ab05376fe19f085a19.java,ra_action_pzlogoperatorchange_c20f3e004bed90ab05376fe19f085a19.java,pzlogoperatorchange
activity,com/pegarules/generated/activity/ra_action_pzpopulateassignments_63e0912a1da23a7b58bbceaf8433a924.java,ra_action_pzpopulateassignments_63e0912a1da23a7b58bbceaf8433a924.java,pzpopulateassignments
activity,com/pegarules/generated/activity/ra_action_pzgetallchannels_e17ec991ac67abe4371b2a81c638cdec.java,ra_action_pzgetallchannels_e17ec991ac67abe4371b2a81c638cdec.java,pzgetallchannels
activity,com/pegarules/generated/activity/ra_action_pzlogcolumnandindexdetails_d4ce1c8925d1f304c4c2e8a6ff9dcf84.java,ra_action_pzlogcolumnandindexdetails_d4ce1c8925d1f304c4c2e8a6ff9dcf84.java,pzlogcolumnandindexdetails
activity,com/pegarules/generated/activity/ra_action_pzsetuptransition_340cbd6d2b72e920ac9de2782f5ce5e0.java,ra_action_pzsetuptransition_340cbd6d2b72e920ac9de2782f5ce5e0.java,pzsetuptransition
activity,com/pegarules/generated/activity/ra_action_pzaddsmartshapeswrapper_5fecdf2177ad9547bccf6eb9a8559209.java,ra_action_pzaddsmartshapeswrapper_5fecdf2177ad9547bccf6eb9a8559209.java,pzaddsmartshapeswrapper
activity,com/pegarules/generated/activity/ra_action_pypreshowrmaction_947e991b89b4d3c9b4e2517ae6ad5e2e.java,ra_action_pypreshowrmaction_947e991b89b4d3c9b4e2517ae6ad5e2e.java,pypreshowrmaction
activity,com/pegarules/generated/activity/ra_action_pyreportcategoriesoverride_01f122478baa8f48234aa7a8fb6b654c.java,ra_action_pyreportcategoriesoverride_01f122478baa8f48234aa7a8fb6b654c.java,pyreportcategoriesoverride
activity,com/pegarules/generated/activity/ra_action_pzlocalizenavitem_1dcc6ee0156b80b996fbedef253654a5.java,ra_action_pzlocalizenavitem_1dcc6ee0156b80b996fbedef253654a5.java,pzlocalizenavitem
activity,com/pegarules/generated/activity/ra_action_pzgetprimaryfields_fdb61cd3f8ae008a2a6a51afe37f70e1.java,ra_action_pzgetprimaryfields_fdb61cd3f8ae008a2a6a51afe37f70e1.java,pzgetprimaryfields
activity,com/pegarules/generated/activity/ra_action_pzsetconfirmationmessagevisibility_659cd4a1801c7b8021e5a12ba5ef57ec.java,ra_action_pzsetconfirmationmessagevisibility_659cd4a1801c7b8021e5a12ba5ef57ec.java,pzsetconfirmationmessagevisibility
activity,com/pegarules/generated/activity/ra_action_pztrackcasetypedelete_80725118bef5e068bff4b6ed12320960.java,ra_action_pztrackcasetypedelete_80725118bef5e068bff4b6ed12320960.java,pztrackcasetypedelete
activity,com/pegarules/generated/activity/ra_action_pzstartdsmservices_3c9e2cbdd1935f325132eafb0408bafa.java,ra_action_pzstartdsmservices_3c9e2cbdd1935f325132eafb0408bafa.java,pzstartdsmservices
activity,com/pegarules/generated/activity/ra_action_pyaggregateweeklymonthlyyearlytextpredictiondata_2c88206392159453bc5508d3d6d04ee0.java,ra_action_pyaggregateweeklymonthlyyearlytextpredictiondata_2c88206392159453bc5508d3d6d04ee0.java,pyaggregateweeklymonthlyyearlytextpredictiondata
activity,com/pegarules/generated/activity/ra_action_pzpurgebatchtestrecordsfromdb_b0ad810fd46ccf837d8067a88e61ddec.java,ra_action_pzpurgebatchtestrecordsfromdb_b0ad810fd46ccf837d8067a88e61ddec.java,pzpurgebatchtestrecordsfromdb
activity,com/pegarules/generated/activity/ra_action_pzclusteranddbcleaner_cef37930a2b1b515e4d34be60494b278.java,ra_action_pzclusteranddbcleaner_cef37930a2b1b515e4d34be60494b278.java,pzclusteranddbcleaner
activity,com/pegarules/generated/activity/ra_action_pydeleteoldevents_33b821ccf5adf575daf8a981a3caf9a5.java,ra_action_pydeleteoldevents_33b821ccf5adf575daf8a981a3caf9a5.java,pydeleteoldevents
activity,com/pegarules/generated/activity/ra_action_pxaddusertoapplication_1da990a5aeaf14f87c7db5080a69e710.java,ra_action_pxaddusertoapplication_1da990a5aeaf14f87c7db5080a69e710.java,pxaddusertoapplication
activity,com/pegarules/generated/activity/ra_action_pzaddpropertytype_d7ca90637aec9b695d9c9996ac0a758a.java,ra_action_pzaddpropertytype_d7ca90637aec9b695d9c9996ac0a758a.java,pzaddpropertytype
activity,com/pegarules/generated/activity/ra_action_pzsystemstatuspurge_30f7afbedd45e7397fae9d3d144b4f98.java,ra_action_pzsystemstatuspurge_30f7afbedd45e7397fae9d3d144b4f98.java,pzsystemstatuspurge
activity,com/pegarules/generated/activity/ra_action_pztrackchangesforapplication_9d94cc4944cc4271173af0bfab3c9a07.java,ra_action_pztrackchangesforapplication_9d94cc4944cc4271173af0bfab3c9a07.java,pztrackchangesforapplication
activity,com/pegarules/generated/activity/ra_action_pzwarningsintroduced_22a05c07143fcd2fe810b1ad8e9a82dd.java,ra_action_pzwarningsintroduced_22a05c07143fcd2fe810b1ad8e9a82dd.java,pzwarningsintroduced
activity,com/pegarules/generated/activity/ra_action_pzpopulateshapeconfiguration_c7488b901f253bd308f4b12ce4b5eefd.java,ra_action_pzpopulateshapeconfiguration_c7488b901f253bd308f4b12ce4b5eefd.java,pzpopulateshapeconfiguration
activity,com/pegarules/generated/activity/ra_action_pxvalidate_e6c4e7f7058f75c8bb66d014d9e840f5.java,ra_action_pxvalidate_e6c4e7f7058f75c8bb66d014d9e840f5.java,pxvalidate
activity,com/pegarules/generated/activity/ra_action_pzresetpropertypanelvalues_6726134925c8e85d7dca91ed7fa3b1c2.java,ra_action_pzresetpropertypanelvalues_6726134925c8e85d7dca91ed7fa3b1c2.java,pzresetpropertypanelvalues
activity,com/pegarules/generated/activity/ra_action_pzfetchprivateposts_47c74b567f5d2fb7a8bb5b585c60c976.java,ra_action_pzfetchprivateposts_47c74b567f5d2fb7a8bb5b585c60c976.java,pzfetchprivateposts
activity,com/pegarules/generated/activity/ra_action_pzevaluateforabvguardrail_afc368981f75d0dcf6081dc98ac6941e.java,ra_action_pzevaluateforabvguardrail_afc368981f75d0dcf6081dc98ac6941e.java,pzevaluateforabvguardrail
activity,com/pegarules/generated/activity/ra_action_opendefaults_f22acf0d26b1682b9056cb307110e044.java,ra_action_opendefaults_f22acf0d26b1682b9056cb307110e044.java,opendefaults
activity,com/pegarules/generated/activity/ra_action_pzprocessusagedata_a866f23e09811833abb59dd37f9c3459.java,ra_action_pzprocessusagedata_a866f23e09811833abb59dd37f9c3459.java,pzprocessusagedata
activity,com/pegarules/generated/activity/ra_action_pzgetclassesfromapplication_0b09b7b64683b93158d2b4699f9946a2.java,ra_action_pzgetclassesfromapplication_0b09b7b64683b93158d2b4699f9946a2.java,pzgetclassesfromapplication
activity,com/pegarules/generated/activity/ra_action_pypostgridupdate_5b377e41584e2214e339e2165b3f5670.java,ra_action_pypostgridupdate_5b377e41584e2214e339e2165b3f5670.java,pypostgridupdate
activity,com/pegarules/generated/activity/ra_action_pzlogdsschange_e6208647d39bf01a49d63ea24ceb8d02.java,ra_action_pzlogdsschange_e6208647d39bf01a49d63ea24ceb8d02.java,pzlogdsschange
activity,com/pegarules/generated/activity/ra_action_pzpurgeextrarecents_32d04de3312cff234ff9242dda200030.java,ra_action_pzpurgeextrarecents_32d04de3312cff234ff9242dda200030.java,pzpurgeextrarecents
activity,com/pegarules/generated/activity/ra_action_pyregisterconstellationappasoauth2client_08efed39fb540846a6cca00d137ae24c.java,ra_action_pyregisterconstellationappasoauth2client_08efed39fb540846a6cca00d137ae24c.java,pyregisterconstellationappasoauth2client
activity,com/pegarules/generated/activity/ra_action_pzremoveapprulesetindices_8b8f15fa61f6a3c6057db5e780a62875.java,ra_action_pzremoveapprulesetindices_8b8f15fa61f6a3c6057db5e780a62875.java,pzremoveapprulesetindices
activity,com/pegarules/generated/activity/ra_action_pzcheckforinlinestylewarnings_e07da0ccc60295bbbf0ee9145e683a13.java,ra_action_pzcheckforinlinestylewarnings_e07da0ccc60295bbbf0ee9145e683a13.java,pzcheckforinlinestylewarnings
activity,com/pegarules/generated/activity/ra_action_pzvalidatereservedparams_fb61a0266c5dc7493daeb299d0456241.java,ra_action_pzvalidatereservedparams_fb61a0266c5dc7493daeb299d0456241.java,pzvalidatereservedparams
activity,com/pegarules/generated/activity/ra_action_pzprunegosrevisionsdata_6ebad3df61fa72f35cc333a508326a84.java,ra_action_pzprunegosrevisionsdata_6ebad3df61fa72f35cc333a508326a84.java,pzprunegosrevisionsdata
activity,com/pegarules/generated/activity/ra_action_pycaptureexecmonsnapshot_872b995555fa4d940a89c623611e8b5d.java,ra_action_pycaptureexecmonsnapshot_872b995555fa4d940a89c623611e8b5d.java,pycaptureexecmonsnapshot
activity,com/pegarules/generated/activity/ra_action_pydmaddconnector_56c2e082d798088285113e0dec47b2c9.java,ra_action_pydmaddconnector_56c2e082d798088285113e0dec47b2c9.java,pydmaddconnector
activity,com/pegarules/generated/activity/ra_action_pzstatusc11ncheck_a266e4f34d2ad24c411332a11be78dab.java,ra_action_pzstatusc11ncheck_a266e4f34d2ad24c411332a11be78dab.java,pzstatusc11ncheck
activity,com/pegarules/generated/activity/ra_action_pzcleanuptemppages_4dc089058db5b003f0a33aad828bab47.java,ra_action_pzcleanuptemppages_4dc089058db5b003f0a33aad828bab47.java,pzcleanuptemppages
activity,com/pegarules/generated/activity/ra_action_pzperformexpunge_aeca3cecd9debea8982f90e092c15707.java,ra_action_pzperformexpunge_aeca3cecd9debea8982f90e092c15707.java,pzperformexpunge
activity,com/pegarules/generated/activity/ra_action_pzpopulatemyrules_865062d3909136b0f9675ee2696b977b.java,ra_action_pzpopulatemyrules_865062d3909136b0f9675ee2696b977b.java,pzpopulatemyrules
activity,com/pegarules/generated/activity/ra_action_pzaddfieldvaluetorulereferences_2a4e36ea6ef1e559ae8d75d2b1a2bc0b.java,ra_action_pzaddfieldvaluetorulereferences_2a4e36ea6ef1e559ae8d75d2b1a2bc0b.java,pzaddfieldvaluetorulereferences
activity,com/pegarules/generated/activity/ra_action_pxcallobjopen_2857641fe91dba5a91945f802ecb34aa.java,ra_action_pxcallobjopen_2857641fe91dba5a91945f802ecb34aa.java,pxcallobjopen
activity,com/pegarules/generated/activity/ra_action_pysetlatestversion_771c72f668df23c2bf5941b98c82e610.java,ra_action_pysetlatestversion_771c72f668df23c2bf5941b98c82e610.java,pysetlatestversion
activity,com/pegarules/generated/activity/ra_action_pzgetstartingflowsfromapp_f6e53464f3f42d8f1df74fbafe3bbc42.java,ra_action_pzgetstartingflowsfromapp_f6e53464f3f42d8f1df74fbafe3bbc42.java,pzgetstartingflowsfromapp
activity,com/pegarules/generated/activity/ra_action_pzloadparamspagelist_a1ba55851c7747a9ce04a97a5e597f22.java,ra_action_pzloadparamspagelist_a1ba55851c7747a9ce04a97a5e597f22.java,pzloadparamspagelist
dataset,com/pegarules/generated/dataset/ra_action_pzdecisionusagestream_601dc4a8a10e2ba9b5f813bac8c6ac6b.java,ra_action_pzdecisionusagestream_601dc4a8a10e2ba9b5f813bac8c6ac6b.java,pzdecisionusagestream
dataset,com/pegarules/generated/dataset/ra_action_pxmergestream_a39534b7891b7ada2b132ba352d5ab33.java,ra_action_pxmergestream_a39534b7891b7ada2b132ba352d5ab33.java,pxmergestream
dataset,com/pegarules/generated/dataset/ra_action_pyadmconfiguration_1dcbb64a777b664abc71382f5650c61e.java,ra_action_pyadmconfiguration_1dcbb64a777b664abc71382f5650c61e.java,pyadmconfiguration
dataset,com/pegarules/generated/dataset/ra_action_pyadmfactory_c6f2a478d102377a00c4d74fc9bbf956.java,ra_action_pyadmfactory_c6f2a478d102377a00c4d74fc9bbf956.java,pyadmfactory
alias_function,com/pegarules/generated/alias_function/ra_action_pxdifferenceindays_5a744ccfccc5b921932b97d528c9dd31.java,ra_action_pxdifferenceindays_5a744ccfccc5b921932b97d528c9dd31.java,pxdifferenceindays
alias_function,com/pegarules/generated/alias_function/ra_stream_pxzeroifnull_70c615abc96347db118c34b45f34b598.java,ra_stream_pxzeroifnull_70c615abc96347db118c34b45f34b598.java,pxzeroifnull
alias_function,com/pegarules/generated/alias_function/ra_action_pxuppercase_2aef9256c1849217a00d580fbf19ffe9.java,ra_action_pxuppercase_2aef9256c1849217a00d580fbf19ffe9.java,pxuppercase
alias_function,com/pegarules/generated/alias_function/ra_action_pxday_215f5cdcd2c3a2967a900ea8c5bafe21.java,ra_action_pxday_215f5cdcd2c3a2967a900ea8c5bafe21.java,pxday
alias_function,com/pegarules/generated/alias_function/ra_action_pxcurrentdatetime_51deba3d0073f6d18016227bc5dc45d1.java,ra_action_pxcurrentdatetime_51deba3d0073f6d18016227bc5dc45d1.java,pxcurrentdatetime
alias_function,com/pegarules/generated/alias_function/ra_stream_pxmultiply_3b37323f724e6025fd6d8e743e5c4b45.java,ra_stream_pxmultiply_3b37323f724e6025fd6d8e743e5c4b45.java,pxmultiply
alias_function,com/pegarules/generated/alias_function/ra_action_pxmonth_85bab3a73cab2cf08a08699cb7aca5dc.java,ra_action_pxmonth_85bab3a73cab2cf08a08699cb7aca5dc.java,pxmonth
alias_function,com/pegarules/generated/alias_function/ra_action_pxfind_6d3a62d2edc33a67d9545695eead80f3.java,ra_action_pxfind_6d3a62d2edc33a67d9545695eead80f3.java,pxfind
alias_function,com/pegarules/generated/alias_function/ra_stream_pxdifferenceinhours_f019bf0068d76708fdd1553301a5fc25.java,ra_stream_pxdifferenceinhours_f019bf0068d76708fdd1553301a5fc25.java,pxdifferenceinhours
alias_function,com/pegarules/generated/alias_function/ra_action_pxmultiply_90ed6a0f9d51c838d0b33166b0447271.java,ra_action_pxmultiply_90ed6a0f9d51c838d0b33166b0447271.java,pxmultiply
alias_function,com/pegarules/generated/alias_function/ra_stream_pxcurrentdatetime_6500e430649974405a67bbc06b9c8dff.java,ra_stream_pxcurrentdatetime_6500e430649974405a67bbc06b9c8dff.java,pxcurrentdatetime
alias_function,com/pegarules/generated/alias_function/ra_stream_pxday_5354b90f1e9e94a5dd46412aed8a063b.java,ra_stream_pxday_5354b90f1e9e94a5dd46412aed8a063b.java,pxday
alias_function,com/pegarules/generated/alias_function/ra_action_pxdivide_2bd11b847cacc14699f74a6fb19d1683.java,ra_action_pxdivide_2bd11b847cacc14699f74a6fb19d1683.java,pxdivide
alias_function,com/pegarules/generated/alias_function/ra_stream_pxlowercase_ea861336becb7ee187c832aae6170365.java,ra_stream_pxlowercase_ea861336becb7ee187c832aae6170365.java,pxlowercase
alias_function,com/pegarules/generated/alias_function/ra_stream_pxuppercase_4179c0c9db1be3a612588f166d112ba6.java,ra_stream_pxuppercase_4179c0c9db1be3a612588f166d112ba6.java,pxuppercase
alias_function,com/pegarules/generated/alias_function/ra_action_pxzeroifnull_a3859e87c63d6d904736f33f2d376469.java,ra_action_pxzeroifnull_a3859e87c63d6d904736f33f2d376469.java,pxzeroifnull
alias_function,com/pegarules/generated/alias_function/ra_stream_pxconcatenate_84e97459b6e076e5cc32fe8f4c52106a.java,ra_stream_pxconcatenate_84e97459b6e076e5cc32fe8f4c52106a.java,pxconcatenate
alias_function,com/pegarules/generated/alias_function/ra_stream_pxweek_75518f1ef5440f6e9dd1a92fbb1e129a.java,ra_stream_pxweek_75518f1ef5440f6e9dd1a92fbb1e129a.java,pxweek
alias_function,com/pegarules/generated/alias_function/ra_action_pxweek_e177a3b5f3c2c5a5542064dbc839b904.java,ra_action_pxweek_e177a3b5f3c2c5a5542064dbc839b904.java,pxweek
alias_function,com/pegarules/generated/alias_function/ra_action_pxconcatenate_f225918762c7a7b7966a8ed289461932.java,ra_action_pxconcatenate_f225918762c7a7b7966a8ed289461932.java,pxconcatenate
alias_function,com/pegarules/generated/alias_function/ra_action_pxlowercase_53a370669f8633c699903f1f60e17fb4.java,ra_action_pxlowercase_53a370669f8633c699903f1f60e17fb4.java,pxlowercase
alias_function,com/pegarules/generated/alias_function/ra_stream_pxmonth_0e921647165520a1ed6a88a65f1ec6b8.java,ra_stream_pxmonth_0e921647165520a1ed6a88a65f1ec6b8.java,pxmonth
alias_function,com/pegarules/generated/alias_function/ra_stream_pxfind_c812a2d685b6b2b661ed585f94ebd4b1.java,ra_stream_pxfind_c812a2d685b6b2b661ed585f94ebd4b1.java,pxfind
alias_function,com/pegarules/generated/alias_function/ra_stream_pxdivide_1ca44cf66a92210c3d02706f8d9085bb.java,ra_stream_pxdivide_1ca44cf66a92210c3d02706f8d9085bb.java,pxdivide
alias_function,com/pegarules/generated/alias_function/ra_action_pxdifferenceinhours_93c47bf0f8979679bbf5373c9a5b3b17.java,ra_action_pxdifferenceinhours_93c47bf0f8979679bbf5373c9a5b3b17.java,pxdifferenceinhours
alias_function,com/pegarules/generated/alias_function/ra_stream_pxdifferenceindays_73fab9158abe5154ddff47d5a174890d.java,ra_stream_pxdifferenceindays_73fab9158abe5154ddff47d5a174890d.java,pxdifferenceindays
html_fragment,com/pegarules/generated/html_fragment/ra_stream_listviewselectorscript_renametool_b17a1ac8ea32d2551a7ce25acd63f95d.java,ra_stream_listviewselectorscript_renametool_b17a1ac8ea32d2551a7ce25acd63f95d.java,listviewselectorscript renametool
html_fragment,com/pegarules/generated/html_fragment/ra_stream_pzregistermultiselectentryhandle_22063117e81b3dfe12ece5ce8c4a2167.java,ra_stream_pzregistermultiselectentryhandle_22063117e81b3dfe12ece5ce8c4a2167.java,pzregistermultiselectentryhandle
html_fragment,com/pegarules/generated/html_fragment/ra_stream_delete_ruleset_report_refresh_70bc781ccc4287100bb32f138a224d93.java,ra_stream_delete_ruleset_report_refresh_70bc781ccc4287100bb32f138a224d93.java,delete ruleset report refresh
decisiontree,com/pegarules/generated/decisiontree/ra_decision_assign_worklist_performcriteria__1576569653.java,ra_decision_assign_worklist_performcriteria__1576569653.java,assign worklist performcriteria
decisiontree,com/pegarules/generated/decisiontree/ra_decision_work__filterhistory__1594151330.java,ra_decision_work__filterhistory__1594151330.java,work filterhistory
decisiontree,com/pegarules/generated/decisiontree/ra_decision_pegaaccel_task_buildapplication_pzexpapplicationclassgroup__682310236.java,ra_decision_pegaaccel_task_buildapplication_pzexpapplicationclassgroup__682310236.java,pegaaccel task buildapplication pzexpapplicationclassgroup
decisiontree,com/pegarules/generated/decisiontree/ra_decision_embed_mappingparams_pzsetelementtype__2020225400.java,ra_decision_embed_mappingparams_pzsetelementtype__2020225400.java,embed mappingparams pzsetelementtype
template,com/pegarules/generated/template/ra_action_pxdevicetype_616bcc3fb7b1e6d843a43c4b7dbf1a30.java,ra_action_pxdevicetype_616bcc3fb7b1e6d843a43c4b7dbf1a30.java,pxdevicetype
template,com/pegarules/generated/template/ra_action_pzforcreatestage_eaba16689b29197ae44353328084cdc5.java,ra_action_pzforcreatestage_eaba16689b29197ae44353328084cdc5.java,pzforcreatestage
navigation,com/pegarules/generated/navigation/ra_action_pznewmenu_f66b0ba5fa80d7a8c8dc6589f21fb4c9.java,ra_action_pznewmenu_f66b0ba5fa80d7a8c8dc6589f21fb4c9.java,pznewmenu
navigation,com/pegarules/generated/navigation/ra_action_pysystemsetting_c2bbe32387e2a4c72550657366840f69.java,ra_action_pysystemsetting_c2bbe32387e2a4c72550657366840f69.java,pysystemsetting
navigation,com/pegarules/generated/navigation/ra_action_pysetupusermenu_3ad150dee90a243ef49352a5d7eedb2a.java,ra_action_pysetupusermenu_3ad150dee90a243ef49352a5d7eedb2a.java,pysetupusermenu
navigation,com/pegarules/generated/navigation/ra_action_pzruleformtoolbarversions_fd00dedbcbb7ddc355ef94ce3a5d23aa.java,ra_action_pzruleformtoolbarversions_fd00dedbcbb7ddc355ef94ce3a5d23aa.java,pzruleformtoolbarversions
navigation,com/pegarules/generated/navigation/ra_action_pzwksmenu_b4b9332d8a622a81e6323d3b6063d24b.java,ra_action_pzwksmenu_b4b9332d8a622a81e6323d3b6063d24b.java,pzwksmenu
navigation,com/pegarules/generated/navigation/ra_action_pzreportingmainmenu_c64aa56d6bb9fccf1c06825c42f7bf1c.java,ra_action_pzreportingmainmenu_c64aa56d6bb9fccf1c06825c42f7bf1c.java,pzreportingmainmenu
navigation,com/pegarules/generated/navigation/ra_action_pyrootmenu_b4232a4aa7133cd72e1485fcc73387aa.java,ra_action_pyrootmenu_b4232a4aa7133cd72e1485fcc73387aa.java,pyrootmenu
navigation,com/pegarules/generated/navigation/ra_action_pzcommonutilityapis_90a0809de372eaddd4c4843cd5e52140.java,ra_action_pzcommonutilityapis_90a0809de372eaddd4c4843cd5e52140.java,pzcommonutilityapis
navigation,com/pegarules/generated/navigation/ra_action_pznewconnectormenu_8528c00b5a7cfa09677353f8697b675c.java,ra_action_pznewconnectormenu_8528c00b5a7cfa09677353f8697b675c.java,pznewconnectormenu
navigation,com/pegarules/generated/navigation/ra_action_pzsystemoperations_749ddccd1d7cb821ebf300e5db19ab24.java,ra_action_pzsystemoperations_749ddccd1d7cb821ebf300e5db19ab24.java,pzsystemoperations
navigation,com/pegarules/generated/navigation/ra_action_pzruleformtoolbarmenu_099aff6d40cf726cdf4a1fa8c946d9c5.java,ra_action_pzruleformtoolbarmenu_099aff6d40cf726cdf4a1fa8c946d9c5.java,pzruleformtoolbarmenu
navigation,com/pegarules/generated/navigation/ra_action_pzmobilemainmenu_b214c85c510c68b12c3eb9adbe7e8b0c.java,ra_action_pzmobilemainmenu_b214c85c510c68b12c3eb9adbe7e8b0c.java,pzmobilemainmenu
navigation,com/pegarules/generated/navigation/ra_action_pzruleformtoolbarsiblings_4cf9df7ce7dc74552cd88f3580516243.java,ra_action_pzruleformtoolbarsiblings_4cf9df7ce7dc74552cd88f3580516243.java,pzruleformtoolbarsiblings
navigation,com/pegarules/generated/navigation/ra_action_pyflowshapesextension_e627bac596f6ceff2b3c3cc11c76a2aa.java,ra_action_pyflowshapesextension_e627bac596f6ceff2b3c3cc11c76a2aa.java,pyflowshapesextension
navigation,com/pegarules/generated/navigation/ra_action_pzruleformtoolbarrunmenu_246323f82569b881d2e39801af4f3010.java,ra_action_pzruleformtoolbarrunmenu_246323f82569b881d2e39801af4f3010.java,pzruleformtoolbarrunmenu
navigation,com/pegarules/generated/navigation/ra_action_pymenu_editing_69e241023693b96c98d2355df4245db3.java,ra_action_pymenu_editing_69e241023693b96c98d2355df4245db3.java,pymenu editing
navigation,com/pegarules/generated/navigation/ra_action_pxmainmenu_4d56fe9634f948f623729f031d957527.java,ra_action_pxmainmenu_4d56fe9634f948f623729f031d957527.java,pxmainmenu
navigation,com/pegarules/generated/navigation/ra_action_casenavigation_58c5a14826b8a701d83229d014744b0b.java,ra_action_casenavigation_58c5a14826b8a701d83229d014744b0b.java,casenavigation
navigation,com/pegarules/generated/navigation/ra_action_pyadvancedflowshapesextension_e16cb64d4d9af8630c8b148e5408bb57.java,ra_action_pyadvancedflowshapesextension_e16cb64d4d9af8630c8b148e5408bb57.java,pyadvancedflowshapesextension
navigation,com/pegarules/generated/navigation/ra_action_pzruleformtoolbarreferencingrules_b864dc48527c29c734878f6fb3585383.java,ra_action_pzruleformtoolbarreferencingrules_b864dc48527c29c734878f6fb3585383.java,pzruleformtoolbarreferencingrules
navigation,com/pegarules/generated/navigation/ra_action_pzopenportal_b9678824f5ecb7e5170c19a056b3268b.java,ra_action_pzopenportal_b9678824f5ecb7e5170c19a056b3268b.java,pzopenportal
navigation,com/pegarules/generated/navigation/ra_action_pzapplicationguardrailsmenu_f75d84be679432ce6c7f860262d8140f.java,ra_action_pzapplicationguardrailsmenu_f75d84be679432ce6c7f860262d8140f.java,pzapplicationguardrailsmenu
navigation,com/pegarules/generated/navigation/ra_action_pydynamicnavigation_256433509693c5c30c2dc95c7ecadfc7.java,ra_action_pydynamicnavigation_256433509693c5c30c2dc95c7ecadfc7.java,pydynamicnavigation
navigation,com/pegarules/generated/navigation/ra_action_pzaddpersonatostage_2b3229663ebf3ac1ea749ed0182c346d.java,ra_action_pzaddpersonatostage_2b3229663ebf3ac1ea749ed0182c346d.java,pzaddpersonatostage
navigation,com/pegarules/generated/navigation/ra_action_pzexplorermenu_7bca7b2a6615fdd86c81a7963aa5563b.java,ra_action_pzexplorermenu_7bca7b2a6615fdd86c81a7963aa5563b.java,pzexplorermenu
navigation,com/pegarules/generated/navigation/ra_action_pzmanagecasetypes_86273017e4e4bbbeb2ab7cfe8c69d679.java,ra_action_pzmanagecasetypes_86273017e4e4bbbeb2ab7cfe8c69d679.java,pzmanagecasetypes
navigation,com/pegarules/generated/navigation/ra_action_pzrasaveasactions_78df861c25606f5e0d6da2cc3fc9925f.java,ra_action_pzrasaveasactions_78df861c25606f5e0d6da2cc3fc9925f.java,pzrasaveasactions
navigation,com/pegarules/generated/navigation/ra_action_pzpreflightvalidation_8cf7cf8160593a48bfe0efcf1adc98a2.java,ra_action_pzpreflightvalidation_8cf7cf8160593a48bfe0efcf1adc98a2.java,pzpreflightvalidation
navigation,com/pegarules/generated/navigation/ra_action_pzsystemreleaseupgrade_c0a71146fd8d70664835b22770422761.java,ra_action_pzsystemreleaseupgrade_c0a71146fd8d70664835b22770422761.java,pzsystemreleaseupgrade
navigation,com/pegarules/generated/navigation/ra_action_pzruleformtoolbaractionsmenu_9b0d1f2d4e2418b9f666dfcdc402e5b1.java,ra_action_pzruleformtoolbaractionsmenu_9b0d1f2d4e2418b9f666dfcdc402e5b1.java,pzruleformtoolbaractionsmenu
navigation,com/pegarules/generated/navigation/ra_action_pzruleformtoolbarcomparewith_e4eb0eb21aebd3964e8621addb2c29f7.java,ra_action_pzruleformtoolbarcomparewith_e4eb0eb21aebd3964e8621addb2c29f7.java,pzruleformtoolbarcomparewith
navigation,com/pegarules/generated/navigation/ra_action_pzruleformtoolbarcreate_1674017fce2bf2d74906034f4cde28a6.java,ra_action_pzruleformtoolbarcreate_1674017fce2bf2d74906034f4cde28a6.java,pzruleformtoolbarcreate
navigation,com/pegarules/generated/navigation/ra_action_pycasetreeextendedrightclickaction_f9297590f2156b039c113cd52ece6b1f.java,ra_action_pycasetreeextendedrightclickaction_f9297590f2156b039c113cd52ece6b1f.java,pycasetreeextendedrightclickaction
navigation,com/pegarules/generated/navigation/ra_action_pzdsmupgrade_82bdb706c2342409e9c3e63fb44aed87.java,ra_action_pzdsmupgrade_82bdb706c2342409e9c3e63fb44aed87.java,pzdsmupgrade
navigation,com/pegarules/generated/navigation/ra_action_pzmanageappexplorer_9a12768e6ba77cf19f1f11874e7b6ec7.java,ra_action_pzmanageappexplorer_9a12768e6ba77cf19f1f11874e7b6ec7.java,pzmanageappexplorer
navigation,com/pegarules/generated/navigation/ra_action_mainnavigation_15ad70af4a4c1465462e3ef08a8e88c3.java,ra_action_mainnavigation_15ad70af4a4c1465462e3ef08a8e88c3.java,mainnavigation
navigation,com/pegarules/generated/navigation/ra_action_pymenu_bd6993970f56fa1ae8554fe145c8f2ac.java,ra_action_pymenu_bd6993970f56fa1ae8554fe145c8f2ac.java,pymenu
navigation,com/pegarules/generated/navigation/ra_action_pzcaseexplorertoolbarmenupe_f9085436f61d95da16a65a7262ede3c5.java,ra_action_pzcaseexplorertoolbarmenupe_f9085436f61d95da16a65a7262ede3c5.java,pzcaseexplorertoolbarmenupe
navigation,com/pegarules/generated/navigation/ra_action_pzconversationalshapes_a8c12f00394aa6b363138814e4218982.java,ra_action_pzconversationalshapes_a8c12f00394aa6b363138814e4218982.java,pzconversationalshapes
navigation,com/pegarules/generated/navigation/ra_action_pzmainmenu_740fae69aa99b1bbb9edb0fc7746b8ec.java,ra_action_pzmainmenu_740fae69aa99b1bbb9edb0fc7746b8ec.java,pzmainmenu
navigation,com/pegarules/generated/navigation/ra_action_pzruleformtoolbarmenu_4d9f870d4cfe4e8a07a7da77c5c35e30.java,ra_action_pzruleformtoolbarmenu_4d9f870d4cfe4e8a07a7da77c5c35e30.java,pzruleformtoolbarmenu
navigation,com/pegarules/generated/navigation/ra_action_pzruleformtoolbarmenu_a84381f8584397cf34053fb2a40b5251.java,ra_action_pzruleformtoolbarmenu_a84381f8584397cf34053fb2a40b5251.java,pzruleformtoolbarmenu
navigation,com/pegarules/generated/navigation/ra_action_pzoptionsmenuforcaseexplorerforlp_15607b31ba670ac722fc937d21f0383b.java,ra_action_pzoptionsmenuforcaseexplorerforlp_15607b31ba670ac722fc937d21f0383b.java,pzoptionsmenuforcaseexplorerforlp
navigation,com/pegarules/generated/navigation/ra_action_pycasemanagerlinks_fc702ef060407c74e1810efd4d18095c.java,ra_action_pycasemanagerlinks_fc702ef060407c74e1810efd4d18095c.java,pycasemanagerlinks
navigation,com/pegarules/generated/navigation/ra_action_pyextendedcasemanagementlpmenu_f9f067e5e011ea2ed5ecf792970c8d6c.java,ra_action_pyextendedcasemanagementlpmenu_f9f067e5e011ea2ed5ecf792970c8d6c.java,pyextendedcasemanagementlpmenu
navigation,com/pegarules/generated/navigation/ra_action_pzdefinitionmenu_d3c9833dbf357b5df72563aef31e052d.java,ra_action_pzdefinitionmenu_d3c9833dbf357b5df72563aef31e052d.java,pzdefinitionmenu
navigation,com/pegarules/generated/navigation/ra_action_pycreatecasemenu_e0eb760affa0c0dc2275c170d9e69deb.java,ra_action_pycreatecasemenu_e0eb760affa0c0dc2275c170d9e69deb.java,pycreatecasemenu
navigation,com/pegarules/generated/navigation/ra_action_pzruleformtoolbarviewmenu_069a2c6fd28b224aacc9f91d360d61ba.java,ra_action_pzruleformtoolbarviewmenu_069a2c6fd28b224aacc9f91d360d61ba.java,pzruleformtoolbarviewmenu
navigation,com/pegarules/generated/navigation/ra_action_pyextendedapis_31d7b5a9d82ba0bd5d70406a56e93ab4.java,ra_action_pyextendedapis_31d7b5a9d82ba0bd5d70406a56e93ab4.java,pyextendedapis
navigation,com/pegarules/generated/navigation/ra_action_pzadvancedshapes_3f8a7b32aa3f6e92c9b54a58c3d9e56e.java,ra_action_pzadvancedshapes_3f8a7b32aa3f6e92c9b54a58c3d9e56e.java,pzadvancedshapes
navigation,com/pegarules/generated/navigation/ra_action_pzsystemactions_75b550a76daf7088111ccd542a687fad.java,ra_action_pzsystemactions_75b550a76daf7088111ccd542a687fad.java,pzsystemactions
navigation,com/pegarules/generated/navigation/ra_action_pzworkspacemenu_9bfe3cd740053f3329b329d91282afc7.java,ra_action_pzworkspacemenu_9bfe3cd740053f3329b329d91282afc7.java,pzworkspacemenu
navigation,com/pegarules/generated/navigation/ra_action_pzruleformtoolbarrunmenu_e5e9b02ebd85e23f32facfd09a734e5f.java,ra_action_pzruleformtoolbarrunmenu_e5e9b02ebd85e23f32facfd09a734e5f.java,pzruleformtoolbarrunmenu
navigation,com/pegarules/generated/navigation/ra_action_pzscenariotestingmenu_9f88c11150f32ab1dc8f5031748bb925.java,ra_action_pzscenariotestingmenu_9f88c11150f32ab1dc8f5031748bb925.java,pzscenariotestingmenu
navigation,com/pegarules/generated/navigation/ra_action_fixednavigation_2674b555968289be711fc3e8dc99a16c.java,ra_action_fixednavigation_2674b555968289be711fc3e8dc99a16c.java,fixednavigation
navigation,com/pegarules/generated/navigation/ra_action_pzappmenuforappstudio_40c43e0a3ea1c18c59d0a6dc64bdfa8a.java,ra_action_pzappmenuforappstudio_40c43e0a3ea1c18c59d0a6dc64bdfa8a.java,pzappmenuforappstudio
navigation,com/pegarules/generated/navigation/ra_action_pzruleformtoolbarsearchrule_2730876f5e6e87fc1f3aed219faf1b4e.java,ra_action_pzruleformtoolbarsearchrule_2730876f5e6e87fc1f3aed219faf1b4e.java,pzruleformtoolbarsearchrule
navigation,com/pegarules/generated/navigation/ra_action_pzruleformtoolbarviewmenu_bcdb8a578ed6707a4d17f7d582e12e07.java,ra_action_pzruleformtoolbarviewmenu_bcdb8a578ed6707a4d17f7d582e12e07.java,pzruleformtoolbarviewmenu
navigation,com/pegarules/generated/navigation/ra_action_pzmainexplorer_16ebe976fb3e8dd5b3f2f86b19c84698.java,ra_action_pzmainexplorer_16ebe976fb3e8dd5b3f2f86b19c84698.java,pzmainexplorer
navigation,com/pegarules/generated/navigation/ra_action_pzappmenu_75c5a30938116d4eb83fbd0e90ef65c5.java,ra_action_pzappmenu_75c5a30938116d4eb83fbd0e90ef65c5.java,pzappmenu
navigation,com/pegarules/generated/navigation/ra_action_pzcaseexplorertoolbarmenu_668c3dd6f3e7eb10228e2cc5d57a8016.java,ra_action_pzcaseexplorertoolbarmenu_668c3dd6f3e7eb10228e2cc5d57a8016.java,pzcaseexplorertoolbarmenu
navigation,com/pegarules/generated/navigation/ra_action_pzruleformtoolbarhelpmenu_ce1739b3f8dc0ac2005b3cff9dabf146.java,ra_action_pzruleformtoolbarhelpmenu_ce1739b3f8dc0ac2005b3cff9dabf146.java,pzruleformtoolbarhelpmenu
navigation,com/pegarules/generated/navigation/ra_action_pzruleformtoolbarsavemenu_0b90d836a89caf78ef226aec899a0af6.java,ra_action_pzruleformtoolbarsavemenu_0b90d836a89caf78ef226aec899a0af6.java,pzruleformtoolbarsavemenu
navigation,com/pegarules/generated/navigation/ra_action_pzruleformtoolbarmenu_555be90faa9c7f8c6cdaff6869f45312.java,ra_action_pzruleformtoolbarmenu_555be90faa9c7f8c6cdaff6869f45312.java,pzruleformtoolbarmenu
navigation,com/pegarules/generated/navigation/ra_action_pzprocessandcaserulesmainmenu_49e6ff6ec1f02cbd43d9cef9d9fb87c1.java,ra_action_pzprocessandcaserulesmainmenu_49e6ff6ec1f02cbd43d9cef9d9fb87c1.java,pzprocessandcaserulesmainmenu
navigation,com/pegarules/generated/navigation/ra_action_pzqualitymenu_8ef7c42c5d0e232a84c99e133858c32f.java,ra_action_pzqualitymenu_8ef7c42c5d0e232a84c99e133858c32f.java,pzqualitymenu
navigation,com/pegarules/generated/navigation/ra_action_pzdecisionmenu_f2f048c68fa329bd961535a663c29a8b.java,ra_action_pzdecisionmenu_f2f048c68fa329bd961535a663c29a8b.java,pzdecisionmenu
navigation,com/pegarules/generated/navigation/ra_action_pzruleformtoolbaractionsmenu_4b9f632691c89b507ea02f93f4b52cee.java,ra_action_pzruleformtoolbaractionsmenu_4b9f632691c89b507ea02f93f4b52cee.java,pzruleformtoolbaractionsmenu
navigation,com/pegarules/generated/navigation/ra_action_pzruleformtoolbarsavemenu_77c8c010987e6ebd4d4e2b8f4a1dd73d.java,ra_action_pzruleformtoolbarsavemenu_77c8c010987e6ebd4d4e2b8f4a1dd73d.java,pzruleformtoolbarsavemenu
navigation,com/pegarules/generated/navigation/ra_action_pzunittestingmenu_d5ffbcbccd2d321c59b2b3a587c4cdb8.java,ra_action_pzunittestingmenu_d5ffbcbccd2d321c59b2b3a587c4cdb8.java,pzunittestingmenu
navigation,com/pegarules/generated/navigation/ra_action_pycustomermovie_6c14f33c69174d2950358c0762238cfc.java,ra_action_pycustomermovie_6c14f33c69174d2950358c0762238cfc.java,pycustomermovie
navigation,com/pegarules/generated/navigation/ra_action_pzprofilemenu_91920f2b8990bce49682c234e67cb1ba.java,ra_action_pzprofilemenu_91920f2b8990bce49682c234e67cb1ba.java,pzprofilemenu
navigation,com/pegarules/generated/navigation/ra_action_pzhelpmenu_64964c8c84be0236db8a2212320add51.java,ra_action_pzhelpmenu_64964c8c84be0236db8a2212320add51.java,pzhelpmenu
navigation,com/pegarules/generated/navigation/ra_action_pysocialmetadatamenu_c33a0bd7f16d9a3eae8be166a7e25cef.java,ra_action_pysocialmetadatamenu_c33a0bd7f16d9a3eae8be166a7e25cef.java,pysocialmetadatamenu
html,com/pegarules/generated/html/ra_stream_pystatusresponse_e97a00e6b523a61cec64f03ba8a8b81f.java,ra_stream_pystatusresponse_e97a00e6b523a61cec64f03ba8a8b81f.java,pystatusresponse
html,com/pegarules/generated/html/ra_stream_listviewpagination_a89283b1e83a40c9106d6b4d9bbb73fa.java,ra_stream_listviewpagination_a89283b1e83a40c9106d6b4d9bbb73fa.java,listviewpagination
html,com/pegarules/generated/html/ra_stream_pzcheckalreadyfiltered_230656f8076658abf2c922259ece1e10.java,ra_stream_pzcheckalreadyfiltered_230656f8076658abf2c922259ece1e10.java,pzcheckalreadyfiltered
html,com/pegarules/generated/html/ra_stream_pzunknownsessionalert_1e7e8032b8b51f76d3a59933e112e117.java,ra_stream_pzunknownsessionalert_1e7e8032b8b51f76d3a59933e112e117.java,pzunknownsessionalert
html,com/pegarules/generated/html/ra_stream_pzmodalheader_c85060850f426de1faf172392e835d1c.java,ra_stream_pzmodalheader_c85060850f426de1faf172392e835d1c.java,pzmodalheader
html,com/pegarules/generated/html/ra_stream_pzoauth2clientregistrationreqtemplate_1e2d3a305990ff0e0f8515f867d25c99.java,ra_stream_pzoauth2clientregistrationreqtemplate_1e2d3a305990ff0e0f8515f867d25c99.java,pzoauth2clientregistrationreqtemplate
html_property,com/pegarules/generated/html_property/ra_stream_pxtextinput_228709330_bfae48ce15f7832332a1b6a289494e0d.java,ra_stream_pxtextinput_228709330_bfae48ce15f7832332a1b6a289494e0d.java,pxtextinput 228709330
html_property,com/pegarules/generated/html_property/ra_stream_pxuitransitions_a1348367ce3c95968fc559542256517b.java,ra_stream_pxuitransitions_a1348367ce3c95968fc559542256517b.java,pxuitransitions
html_property,com/pegarules/generated/html_property/ra_stream_pxtextinput_228709330_e73d0d1442c3608f32c3f24fbf51c02b.java,ra_stream_pxtextinput_228709330_e73d0d1442c3608f32c3f24fbf51c02b.java,pxtextinput 228709330
html_property,com/pegarules/generated/html_property/ra_stream_pxtextinput_228709330_2cfe0a4741b7d34dfe894d2c4d9055ba.java,ra_stream_pxtextinput_228709330_2cfe0a4741b7d34dfe894d2c4d9055ba.java,pxtextinput 228709330
html_property,com/pegarules/generated/html_property/ra_stream_pzoverlaybutton_9cf8245465eee69b1de1521377ea1c8f.java,ra_stream_pzoverlaybutton_9cf8245465eee69b1de1521377ea1c8f.java,pzoverlaybutton
html_property,com/pegarules/generated/html_property/ra_stream_pzuseridentifier_control_ef66662a9cc62f498e557612cac16329.java,ra_stream_pzuseridentifier_control_ef66662a9cc62f498e557612cac16329.java,pzuseridentifier control
html_property,com/pegarules/generated/html_property/ra_stream_pxtextinput_228709330_abcee4e2f13c407320f5ac035fe43317.java,ra_stream_pxtextinput_228709330_abcee4e2f13c407320f5ac035fe43317.java,pxtextinput 228709330
html_property,com/pegarules/generated/html_property/ra_stream_pxdisplaytext_1365141955_7c1d8fbad421a5ede0fd2189ea2200a6.java,ra_stream_pxdisplaytext_1365141955_7c1d8fbad421a5ede0fd2189ea2200a6.java,pxdisplaytext 1365141955
html_property,com/pegarules/generated/html_property/ra_stream_pzruleset_populaterulesettype_db256c3e87eeb839c168c748e719f573.java,ra_stream_pzruleset_populaterulesettype_db256c3e87eeb839c168c748e719f573.java,pzruleset populaterulesettype
html_property,com/pegarules/generated/html_property/ra_stream_pxtextinput_228709330_94daacaa3b6115236771afbca0254936.java,ra_stream_pxtextinput_228709330_94daacaa3b6115236771afbca0254936.java,pxtextinput 228709330
html_property,com/pegarules/generated/html_property/ra_stream_formatdecimal_ca09bcc2e6eb33d5bcbeb480cdf9adc6.java,ra_stream_formatdecimal_ca09bcc2e6eb33d5bcbeb480cdf9adc6.java,formatdecimal
html_property,com/pegarules/generated/html_property/ra_stream_pzsetbrowsepropertiescontext_25b06026ef363906f032c29aa0be2180.java,ra_stream_pzsetbrowsepropertiescontext_25b06026ef363906f032c29aa0be2180.java,pzsetbrowsepropertiescontext
html_property,com/pegarules/generated/html_property/ra_stream_pxdisplaytext_1365141955_718d6bbc0ca70b46429e9850b1fdb0d9.java,ra_stream_pxdisplaytext_1365141955_718d6bbc0ca70b46429e9850b1fdb0d9.java,pxdisplaytext 1365141955
html_property,com/pegarules/generated/html_property/ra_stream_pxtextinput_228709330_a12093a07e7134ed43bb64e49d73e0ca.java,ra_stream_pxtextinput_228709330_a12093a07e7134ed43bb64e49d73e0ca.java,pxtextinput 228709330
html_property,com/pegarules/generated/html_property/ra_stream_pzlayers_162e500bfeba80a56335db81d2542a7d.java,ra_stream_pzlayers_162e500bfeba80a56335db81d2542a7d.java,pzlayers
html_property,com/pegarules/generated/html_property/ra_stream_pxtextinput_228709330_67eb5d2812ce5cb2c8d5438eb2bdec80.java,ra_stream_pxtextinput_228709330_67eb5d2812ce5cb2c8d5438eb2bdec80.java,pxtextinput 228709330
html_property,com/pegarules/generated/html_property/ra_stream_pxtextinput_228709330_121012baba4a23941716b5210b50773.java,ra_stream_pxtextinput_228709330_121012baba4a23941716b5210b50773.java,pxtextinput 228709330
html_property,com/pegarules/generated/html_property/ra_stream_rf_openclasskeys_60c142f56f71297938fd80827f08da1d.java,ra_stream_rf_openclasskeys_60c142f56f71297938fd80827f08da1d.java,rf openclasskeys
html_property,com/pegarules/generated/html_property/ra_stream_pzdraggableicon_a989b79de26f819c609a294af6cab0f5.java,ra_stream_pzdraggableicon_a989b79de26f819c609a294af6cab0f5.java,pzdraggableicon
html_property,com/pegarules/generated/html_property/ra_stream_default_1270549771_a5a0435fee53579442f536f441868254.java,ra_stream_default_1270549771_a5a0435fee53579442f536f441868254.java,default 1270549771
html_property,com/pegarules/generated/html_property/ra_stream_pxtextinput_228709330_9ac388631dc0ed896aa97addc9b75987.java,ra_stream_pxtextinput_228709330_9ac388631dc0ed896aa97addc9b75987.java,pxtextinput 228709330
html_property,com/pegarules/generated/html_property/ra_stream_pxtextinput_228709330_a832ddf902144cf8ef05dbcd0adce868.java,ra_stream_pxtextinput_228709330_a832ddf902144cf8ef05dbcd0adce868.java,pxtextinput 228709330
html_property,com/pegarules/generated/html_property/ra_stream_pxtextinput_228709330_5db9cc2f64c6db9151a5b56e29c99c3f.java,ra_stream_pxtextinput_228709330_5db9cc2f64c6db9151a5b56e29c99c3f.java,pxtextinput 228709330
html_property,com/pegarules/generated/html_property/ra_stream_pyparametersparaminoutdisplay_f676ff8fd41ab81594be95627d360742.java,ra_stream_pyparametersparaminoutdisplay_f676ff8fd41ab81594be95627d360742.java,pyparametersparaminoutdisplay
html_property,com/pegarules/generated/html_property/ra_stream_pzmaximizer_8e85c65e1622217fd8f950b9ca15c9a9.java,ra_stream_pzmaximizer_8e85c65e1622217fd8f950b9ca15c9a9.java,pzmaximizer
html_property,com/pegarules/generated/html_property/ra_stream_pxtextinput_228709330_50870ad52074ba230b6e08e8f0806d51.java,ra_stream_pxtextinput_228709330_50870ad52074ba230b6e08e8f0806d51.java,pxtextinput 228709330
html_property,com/pegarules/generated/html_property/ra_stream_pzellipsis_7a2d05a63d8ce498879380a4eed21b6c.java,ra_stream_pzellipsis_7a2d05a63d8ce498879380a4eed21b6c.java,pzellipsis
html_property,com/pegarules/generated/html_property/ra_stream_fixedsizeforinput_d9153854ba5393d979692430b62d71ce.java,ra_stream_fixedsizeforinput_d9153854ba5393d979692430b62d71ce.java,fixedsizeforinput
html_property,com/pegarules/generated/html_property/ra_stream_pxtextinput_228709330_8394bf76ab146e3dedf85fb3d24e928c.java,ra_stream_pxtextinput_228709330_8394bf76ab146e3dedf85fb3d24e928c.java,pxtextinput 228709330
html_property,com/pegarules/generated/html_property/ra_stream_pzclearactions_fce1339e983ed9fd53155a7c893805c2.java,ra_stream_pzclearactions_fce1339e983ed9fd53155a7c893805c2.java,pzclearactions
html_property,com/pegarules/generated/html_property/ra_stream_pxruntimeeditcounterlink_b1042084c28dbe2cad54c0c8d01e70f4.java,ra_stream_pxruntimeeditcounterlink_b1042084c28dbe2cad54c0c8d01e70f4.java,pxruntimeeditcounterlink
html_property,com/pegarules/generated/html_property/ra_stream_messages_286d42b0fb0fe36805ae3c9b19b24ede.java,ra_stream_messages_286d42b0fb0fe36805ae3c9b19b24ede.java,messages
html_property,com/pegarules/generated/html_property/ra_stream_pxtextinput_228709330_b9540a15ec9c6ba7ec0c2c604b78864d.java,ra_stream_pxtextinput_228709330_b9540a15ec9c6ba7ec0c2c604b78864d.java,pxtextinput 228709330
html_property,com/pegarules/generated/html_property/ra_stream_pxtextinput_228709330_4695af476ad1f76c89870ccc7d89f4e1.java,ra_stream_pxtextinput_228709330_4695af476ad1f76c89870ccc7d89f4e1.java,pxtextinput 228709330
html_property,com/pegarules/generated/html_property/ra_stream_pzsearchcontextbuttonwork_499da05a739fb5ee7c152226a62259f1.java,ra_stream_pzsearchcontextbuttonwork_499da05a739fb5ee7c152226a62259f1.java,pzsearchcontextbuttonwork
html_property,com/pegarules/generated/html_property/ra_stream_pxupdateopname_cc40e58f0fae7ce3b86f1f34e5650df3.java,ra_stream_pxupdateopname_cc40e58f0fae7ce3b86f1f34e5650df3.java,pxupdateopname
html_property,com/pegarules/generated/html_property/ra_stream_pxtextinput_228709330_39e799226100877d160f2166d0f1a05a.java,ra_stream_pxtextinput_228709330_39e799226100877d160f2166d0f1a05a.java,pxtextinput 228709330
html_property,com/pegarules/generated/html_property/ra_stream_pxtextinput_228709330_1f29916d063705dd60283cfa77b796d3.java,ra_stream_pxtextinput_228709330_1f29916d063705dd60283cfa77b796d3.java,pxtextinput 228709330
html_property,com/pegarules/generated/html_property/ra_stream_pzsetmodelparams_39b13069c840ba72096bc9ae21eeacbd.java,ra_stream_pzsetmodelparams_39b13069c840ba72096bc9ae21eeacbd.java,pzsetmodelparams
html_property,com/pegarules/generated/html_property/ra_stream_clientvalidation_23086a6b276b52b5ccf0e3fdb4123b5c.java,ra_stream_clientvalidation_23086a6b276b52b5ccf0e3fdb4123b5c.java,clientvalidation
html_property,com/pegarules/generated/html_property/ra_stream_pxtextinput_228709330_95e175ef227701521f99b886def11bcb.java,ra_stream_pxtextinput_228709330_95e175ef227701521f99b886def11bcb.java,pxtextinput 228709330
html_property,com/pegarules/generated/html_property/ra_stream_pxtextinput_320249b9375559c4dc2c423f2a7cfc59.java,ra_stream_pxtextinput_320249b9375559c4dc2c423f2a7cfc59.java,pxtextinput
html_property,com/pegarules/generated/html_property/ra_stream_pxtextinput_228709330_eba58f68b2eba92e9ba176444a238f3f.java,ra_stream_pxtextinput_228709330_eba58f68b2eba92e9ba176444a238f3f.java,pxtextinput 228709330
html_property,com/pegarules/generated/html_property/ra_stream_pzsearchcontextbuttonresponsive_e3f60aa59802d991e9e8f49c1636bc5d.java,ra_stream_pzsearchcontextbuttonresponsive_e3f60aa59802d991e9e8f49c1636bc5d.java,pzsearchcontextbuttonresponsive
html_property,com/pegarules/generated/html_property/ra_stream_pzdisplayapptemplatebadge_32d03c56d01b309148e6912342879b3c.java,ra_stream_pzdisplayapptemplatebadge_32d03c56d01b309148e6912342879b3c.java,pzdisplayapptemplatebadge
html_property,com/pegarules/generated/html_property/ra_stream_pzactionbutton_7faea2917299741117733fbcdab34c08.java,ra_stream_pzactionbutton_7faea2917299741117733fbcdab34c08.java,pzactionbutton
html_property,com/pegarules/generated/html_property/ra_stream_pxtextinput_228709330_601b4938e9694d472608173834e9147a.java,ra_stream_pxtextinput_228709330_601b4938e9694d472608173834e9147a.java,pxtextinput 228709330
html_property,com/pegarules/generated/html_property/ra_stream_pxtextinput_228709330_af5bdf0a0320cc628cc246f0c7457178.java,ra_stream_pxtextinput_228709330_af5bdf0a0320cc628cc246f0c7457178.java,pxtextinput 228709330
html_property,com/pegarules/generated/html_property/ra_stream_pxtextinput_228709330_a1389acb523ac48d3c88dcc02630bc50.java,ra_stream_pxtextinput_228709330_a1389acb523ac48d3c88dcc02630bc50.java,pxtextinput 228709330
html_property,com/pegarules/generated/html_property/ra_stream_pzshapedragdrop_256a7eef33983d94d44bb75089661076.java,ra_stream_pzshapedragdrop_256a7eef33983d94d44bb75089661076.java,pzshapedragdrop
html_property,com/pegarules/generated/html_property/ra_stream_pzopenrulesetversion_94c2b48cc0e44004b0a2f73071bf70b1.java,ra_stream_pzopenrulesetversion_94c2b48cc0e44004b0a2f73071bf70b1.java,pzopenrulesetversion
html_property,com/pegarules/generated/html_property/ra_stream_pxtextinput_228709330_fcd3326c6c831031dbf57efa2a500e21.java,ra_stream_pxtextinput_228709330_fcd3326c6c831031dbf57efa2a500e21.java,pxtextinput 228709330
html_property,com/pegarules/generated/html_property/ra_stream_pzruleformtoolbarinclude_efaa1ef1d4575886e46e8b1f67bf798d.java,ra_stream_pzruleformtoolbarinclude_efaa1ef1d4575886e46e8b1f67bf798d.java,pzruleformtoolbarinclude
html_property,com/pegarules/generated/html_property/ra_stream_pxdisplaytext_1365141955_fddc3e2447b620ae0d15d1465ef37777.java,ra_stream_pxdisplaytext_1365141955_fddc3e2447b620ae0d15d1465ef37777.java,pxdisplaytext 1365141955
html_property,com/pegarules/generated/html_property/ra_stream_helpbutton_f7bcdc1dd5b5f7ca4dd2b2fcb5173d17.java,ra_stream_helpbutton_f7bcdc1dd5b5f7ca4dd2b2fcb5173d17.java,helpbutton
html_property,com/pegarules/generated/html_property/ra_stream_pzgridfiltercriteriafora11y_7a61d04beefe786a2497fa95c1820366.java,ra_stream_pzgridfiltercriteriafora11y_7a61d04beefe786a2497fa95c1820366.java,pzgridfiltercriteriafora11y
html_property,com/pegarules/generated/html_property/ra_stream_checkboxdisabled_87889b7fa1198d950dc55103bd79758f.java,ra_stream_checkboxdisabled_87889b7fa1198d950dc55103bd79758f.java,checkboxdisabled
html_property,com/pegarules/generated/html_property/ra_stream_pxdisplaytext_1365141955_5e0d545145555f00c6fc61255e5d27fc.java,ra_stream_pxdisplaytext_1365141955_5e0d545145555f00c6fc61255e5d27fc.java,pxdisplaytext 1365141955
html_property,com/pegarules/generated/html_property/ra_stream_pzdatatransformactions_0ddab36b5429a6dd2ad45edf70f95e09.java,ra_stream_pzdatatransformactions_0ddab36b5429a6dd2ad45edf70f95e09.java,pzdatatransformactions
html_property,com/pegarules/generated/html_property/ra_stream_pxtextinput_228709330_aa7f7cc90f914c078399d1c2c17b767b.java,ra_stream_pxtextinput_228709330_aa7f7cc90f914c078399d1c2c17b767b.java,pxtextinput 228709330
html_property,com/pegarules/generated/html_property/ra_stream_pxtextinput_228709330_1b8e0e5275499bbefecb46950852815e.java,ra_stream_pxtextinput_228709330_1b8e0e5275499bbefecb46950852815e.java,pxtextinput 228709330
html_property,com/pegarules/generated/html_property/ra_stream_pzactivitysteperror_db339b293be40d4919fe32b071d861bb.java,ra_stream_pzactivitysteperror_db339b293be40d4919fe32b071d861bb.java,pzactivitysteperror
html_property,com/pegarules/generated/html_property/ra_stream_pxtextinput_228709330_1007dd3da8960e82726f12c7a91f09b4.java,ra_stream_pxtextinput_228709330_1007dd3da8960e82726f12c7a91f09b4.java,pxtextinput 228709330
html_property,com/pegarules/generated/html_property/ra_stream_pxtextinput_228709330_63f867709a1f9b9cb9afd44e809bedd9.java,ra_stream_pxtextinput_228709330_63f867709a1f9b9cb9afd44e809bedd9.java,pxtextinput 228709330
html_property,com/pegarules/generated/html_property/ra_stream_pxanypicker_1355001801_c37d2ff1eedbef3932c2aacf807eadf5.java,ra_stream_pxanypicker_1355001801_c37d2ff1eedbef3932c2aacf807eadf5.java,pxanypicker 1355001801
html_property,com/pegarules/generated/html_property/ra_stream_pxtextinput_228709330_c7260f84731fa8a61395d53a3a18f6c2.java,ra_stream_pxtextinput_228709330_c7260f84731fa8a61395d53a3a18f6c2.java,pxtextinput 228709330
html_property,com/pegarules/generated/html_property/ra_stream_pxtextinput_228709330_46870e0f1dcf1cd156cffee911474e06.java,ra_stream_pxtextinput_228709330_46870e0f1dcf1cd156cffee911474e06.java,pxtextinput 228709330
html_property,com/pegarules/generated/html_property/ra_stream_icon_1aca50c9e2cef02e694b3bcdd2b0cae1.java,ra_stream_icon_1aca50c9e2cef02e694b3bcdd2b0cae1.java,icon
html_property,com/pegarules/generated/html_property/ra_stream_pxanypicker_1355001801_c8ae955301de907a45fb6b0f5800cfbd.java,ra_stream_pxanypicker_1355001801_c8ae955301de907a45fb6b0f5800cfbd.java,pxanypicker 1355001801
html_property,com/pegarules/generated/html_property/ra_stream_pzopensuperclassmodel_9ad849a62638fa9de0b172e1e8f39f7b.java,ra_stream_pzopensuperclassmodel_9ad849a62638fa9de0b172e1e8f39f7b.java,pzopensuperclassmodel
html_property,com/pegarules/generated/html_property/ra_stream_listview_8f05d36fc286d0209f17b9eccfe36466.java,ra_stream_listview_8f05d36fc286d0209f17b9eccfe36466.java,listview
html_property,com/pegarules/generated/html_property/ra_stream_pxdisplaytext_1365141955_e6b2b48ce41c8315984ffbf854a86f0b.java,ra_stream_pxdisplaytext_1365141955_e6b2b48ce41c8315984ffbf854a86f0b.java,pxdisplaytext 1365141955
html_property,com/pegarules/generated/html_property/ra_stream_pxtextinput_228709330_9386a736cfa3e1ea6607161ce4c06a0.java,ra_stream_pxtextinput_228709330_9386a736cfa3e1ea6607161ce4c06a0.java,pxtextinput 228709330
html_property,com/pegarules/generated/html_property/ra_stream_pxtextinput_228709330_663b5f2adc1786c54b86b26f2ca228ba.java,ra_stream_pxtextinput_228709330_663b5f2adc1786c54b86b26f2ca228ba.java,pxtextinput 228709330
html_property,com/pegarules/generated/html_property/ra_stream_pxfileupload_cbd976e4628e3ad1e19a30de85e3126a.java,ra_stream_pxfileupload_cbd976e4628e3ad1e19a30de85e3126a.java,pxfileupload
html_property,com/pegarules/generated/html_property/ra_stream_datetime_837e497f2176384b75994014e73ca96a.java,ra_stream_datetime_837e497f2176384b75994014e73ca96a.java,datetime
html_property,com/pegarules/generated/html_property/ra_stream_rh_radio_13afb079f6247ba93e3768ffdd07fc9c.java,ra_stream_rh_radio_13afb079f6247ba93e3768ffdd07fc9c.java,rh radio
html_property,com/pegarules/generated/html_property/ra_stream_pzthrobber_8898b7f58dc35ef3a9e722fc2f37386a.java,ra_stream_pzthrobber_8898b7f58dc35ef3a9e722fc2f37386a.java,pzthrobber
html_property,com/pegarules/generated/html_property/ra_stream_pxtextinput_228709330_1c4eedc19fdb37aee028222e81dc7572.java,ra_stream_pxtextinput_228709330_1c4eedc19fdb37aee028222e81dc7572.java,pxtextinput 228709330
html_property,com/pegarules/generated/html_property/ra_stream_pzebhiddenelement_dad41dc5a188d0625059fa94e445ad65.java,ra_stream_pzebhiddenelement_dad41dc5a188d0625059fa94e445ad65.java,pzebhiddenelement
html_property,com/pegarules/generated/html_property/ra_stream_classlabel_322dd652156cef4ba0880f3493018f33.java,ra_stream_classlabel_322dd652156cef4ba0880f3493018f33.java,classlabel
html_property,com/pegarules/generated/html_property/ra_stream_pxtextinput_228709330_5f69a93f5ed776412338e9cbb6e973c9.java,ra_stream_pxtextinput_228709330_5f69a93f5ed776412338e9cbb6e973c9.java,pxtextinput 228709330
html_property,com/pegarules/generated/html_property/ra_stream_pyoperatorinfo_81a3cfd4d13f0b5ada5770b6f16d3964.java,ra_stream_pyoperatorinfo_81a3cfd4d13f0b5ada5770b6f16d3964.java,pyoperatorinfo
html_property,com/pegarules/generated/html_property/ra_stream_pxtextinput_228709330_876cc04dfc18459c3d0bbeae90df69e9.java,ra_stream_pxtextinput_228709330_876cc04dfc18459c3d0bbeae90df69e9.java,pxtextinput 228709330
html_property,com/pegarules/generated/html_property/ra_stream_pzgridactivepage_a3022bd221cd932b68c8eec53bdb5eed.java,ra_stream_pzgridactivepage_a3022bd221cd932b68c8eec53bdb5eed.java,pzgridactivepage
html_property,com/pegarules/generated/html_property/ra_stream_pzprocessdragdrop_2a23786059aeea054a5609046cac75e6.java,ra_stream_pzprocessdragdrop_2a23786059aeea054a5609046cac75e6.java,pzprocessdragdrop
html_property,com/pegarules/generated/html_property/ra_stream_pzmodelactionsgroup_e07fb87639f31ac5e332bb672b0e4276.java,ra_stream_pzmodelactionsgroup_e07fb87639f31ac5e332bb672b0e4276.java,pzmodelactionsgroup
html_property,com/pegarules/generated/html_property/ra_stream_openruleadvanced_b9000af532618ce771d82a9b6c1de617.java,ra_stream_openruleadvanced_b9000af532618ce771d82a9b6c1de617.java,openruleadvanced
html_property,com/pegarules/generated/html_property/ra_stream_pxtextinput_228709330_c3cb78c3bb29af2c4b9fc89fb2362b2.java,ra_stream_pxtextinput_228709330_c3cb78c3bb29af2c4b9fc89fb2362b2.java,pxtextinput 228709330
html_property,com/pegarules/generated/html_property/ra_stream_pxtextinput_228709330_2c021faf26df5f0dc7de16961a9217e9.java,ra_stream_pxtextinput_228709330_2c021faf26df5f0dc7de16961a9217e9.java,pxtextinput 228709330
html_property,com/pegarules/generated/html_property/ra_stream_pz_pyowner_control_6c3531c933649ef738f02f71db746c40.java,ra_stream_pz_pyowner_control_6c3531c933649ef738f02f71db746c40.java,pz pyowner control
html_property,com/pegarules/generated/html_property/ra_stream_pxtextinput_228709330_45f861f03055e5a98fcc16dbd42866aa.java,ra_stream_pxtextinput_228709330_45f861f03055e5a98fcc16dbd42866aa.java,pxtextinput 228709330
html_property,com/pegarules/generated/html_property/ra_stream_rf_reportingstructure_700f79444873c6572a3cf5597a1e6b76.java,ra_stream_rf_reportingstructure_700f79444873c6572a3cf5597a1e6b76.java,rf reportingstructure
html_property,com/pegarules/generated/html_property/ra_stream_pzdiscovergadget_includes_a1343f4a573ea8ce08b533bff2d60fdd.java,ra_stream_pzdiscovergadget_includes_a1343f4a573ea8ce08b533bff2d60fdd.java,pzdiscovergadget includes
html_property,com/pegarules/generated/html_property/ra_stream_promptselect_6aad3fe49dab2e69b9f502587903a578.java,ra_stream_promptselect_6aad3fe49dab2e69b9f502587903a578.java,promptselect
html_property,com/pegarules/generated/html_property/ra_stream_pxtextinput_228709330_2da1570fa8865d2a84757f824dd8e123.java,ra_stream_pxtextinput_228709330_2da1570fa8865d2a84757f824dd8e123.java,pxtextinput 228709330
html_property,com/pegarules/generated/html_property/ra_stream_attributes_01a325f52302fb6dad89d63024e7cea4.java,ra_stream_attributes_01a325f52302fb6dad89d63024e7cea4.java,attributes
html_property,com/pegarules/generated/html_property/ra_stream_getlocalizedvalue_9c2452f546afcf44ed810616a3a3fc07.java,ra_stream_getlocalizedvalue_9c2452f546afcf44ed810616a3a3fc07.java,getlocalizedvalue
html_property,com/pegarules/generated/html_property/ra_stream_pxtextinput_228709330_af321d193df1e90c6d0dd290df60306d.java,ra_stream_pxtextinput_228709330_af321d193df1e90c6d0dd290df60306d.java,pxtextinput 228709330
html_property,com/pegarules/generated/html_property/ra_stream_pzgetrulekeysnoclass_e423a6087f8041994405d9dc58434994.java,ra_stream_pzgetrulekeysnoclass_e423a6087f8041994405d9dc58434994.java,pzgetrulekeysnoclass
html_property,com/pegarules/generated/html_property/ra_stream_autocomplete_8ad2077897c43924d20c0c3f4ed8fc7e.java,ra_stream_autocomplete_8ad2077897c43924d20c0c3f4ed8fc7e.java,autocomplete
html_property,com/pegarules/generated/html_property/ra_stream_displayaccategory_5caf1aeab0be10f66aa7ff6a0d5013df.java,ra_stream_displayaccategory_5caf1aeab0be10f66aa7ff6a0d5013df.java,displayaccategory
html_property,com/pegarules/generated/html_property/ra_stream_pzreferencepropertycontrol_ddf9a6ebb489ca017ce7e93fd08aeb4a.java,ra_stream_pzreferencepropertycontrol_ddf9a6ebb489ca017ce7e93fd08aeb4a.java,pzreferencepropertycontrol
html_property,com/pegarules/generated/html_property/ra_stream_pxtextinput_228709330_932270d635af6891a1998732e5e3d595.java,ra_stream_pxtextinput_228709330_932270d635af6891a1998732e5e3d595.java,pxtextinput 228709330
html_property,com/pegarules/generated/html_property/ra_stream_pxpassword_39055356_6cf917c80b76d7ba329ade610dc693c.java,ra_stream_pxpassword_39055356_6cf917c80b76d7ba329ade610dc693c.java,pxpassword 39055356
html_property,com/pegarules/generated/html_property/ra_stream_pzgfwviewerproxy_66d198394cec84148a456eb204478b5e.java,ra_stream_pzgfwviewerproxy_66d198394cec84148a456eb204478b5e.java,pzgfwviewerproxy
html_property,com/pegarules/generated/html_property/ra_stream_pzpromptselectdatatypelocal_a9bb75053d5f77c3f24f3d942f98d686.java,ra_stream_pzpromptselectdatatypelocal_a9bb75053d5f77c3f24f3d942f98d686.java,pzpromptselectdatatypelocal
html_property,com/pegarules/generated/html_property/ra_stream_pzdatamodelactions_75af999832f694f74c9dac4c85c44400.java,ra_stream_pzdatamodelactions_75af999832f694f74c9dac4c85c44400.java,pzdatamodelactions
html_property,com/pegarules/generated/html_property/ra_stream_jsencodedvalue_244106d7cb172dd5243e3bc6a0e24b58.java,ra_stream_jsencodedvalue_244106d7cb172dd5243e3bc6a0e24b58.java,jsencodedvalue
html_property,com/pegarules/generated/html_property/ra_stream_pyrulesetname_rf_7d243725c2fabc74af030f086843d5e2.java,ra_stream_pyrulesetname_rf_7d243725c2fabc74af030f086843d5e2.java,pyrulesetname rf
html_property,com/pegarules/generated/html_property/ra_stream_displayyesno_68e2cf05ea797566ce562476dd3e523b.java,ra_stream_displayyesno_68e2cf05ea797566ce562476dd3e523b.java,displayyesno
html_property,com/pegarules/generated/html_property/ra_stream_button_46f66ee37b3c1526d15841454eba8beb.java,ra_stream_button_46f66ee37b3c1526d15841454eba8beb.java,button
html_property,com/pegarules/generated/html_property/ra_stream_pzcopyrightyear_352fef6483122cf40ce15cca3eb27bc8.java,ra_stream_pzcopyrightyear_352fef6483122cf40ce15cca3eb27bc8.java,pzcopyrightyear
html_property,com/pegarules/generated/html_property/ra_stream_default_c4197346feb2d01e48761acc6ca93264.java,ra_stream_default_c4197346feb2d01e48761acc6ca93264.java,default
html_property,com/pegarules/generated/html_property/ra_stream_pzactionhelp_c563e56a7eb851b7e8ad097496f8ccda.java,ra_stream_pzactionhelp_c563e56a7eb851b7e8ad097496f8ccda.java,pzactionhelp
html_property,com/pegarules/generated/html_property/ra_stream_findworkgadget_536ea341744b6f867120b1ec264136f2.java,ra_stream_findworkgadget_536ea341744b6f867120b1ec264136f2.java,findworkgadget
html_property,com/pegarules/generated/html_property/ra_stream_showblankashyphen_99e79c6cd15b1e6ea26bec792cf8e4f1.java,ra_stream_showblankashyphen_99e79c6cd15b1e6ea26bec792cf8e4f1.java,showblankashyphen
html_property,com/pegarules/generated/html_property/ra_stream_pxtextinput_228709330_4facfb39fbe1fe1cc579d1b2557f734d.java,ra_stream_pxtextinput_228709330_4facfb39fbe1fe1cc579d1b2557f734d.java,pxtextinput 228709330
html_property,com/pegarules/generated/html_property/ra_stream_pxtextinput_228709330_fe2e8c90053bab71c3b8008b97ef1d3f.java,ra_stream_pxtextinput_228709330_fe2e8c90053bab71c3b8008b97ef1d3f.java,pxtextinput 228709330
html_property,com/pegarules/generated/html_property/ra_stream_pzshowhidertetoolbar_445acceca1fcb1c530a943fb352f54fc.java,ra_stream_pzshowhidertetoolbar_445acceca1fcb1c530a943fb352f54fc.java,pzshowhidertetoolbar
html_property,com/pegarules/generated/html_property/ra_stream_datetime_short_4171269f3df1ba19e802065d9379de06.java,ra_stream_datetime_short_4171269f3df1ba19e802065d9379de06.java,datetime short
html_property,com/pegarules/generated/html_property/ra_stream_pxdisplaytext_1365141955_154c8d0debc4a2d6d5dd5190e31cd548.java,ra_stream_pxdisplaytext_1365141955_154c8d0debc4a2d6d5dd5190e31cd548.java,pxdisplaytext 1365141955
html_property,com/pegarules/generated/html_property/ra_stream_pzpromptselectparamreq_8db6c599aafd02a80d613bbe7a566adf.java,ra_stream_pzpromptselectparamreq_8db6c599aafd02a80d613bbe7a566adf.java,pzpromptselectparamreq
html_property,com/pegarules/generated/html_property/ra_stream_pxinteger_0adbdd2f775db635b1002ca8e2bb6d99.java,ra_stream_pxinteger_0adbdd2f775db635b1002ca8e2bb6d99.java,pxinteger
html_property,com/pegarules/generated/html_property/ra_stream_pzgridactivepage_bb9cfb5c5118115fcb02334b6babd158.java,ra_stream_pzgridactivepage_bb9cfb5c5118115fcb02334b6babd158.java,pzgridactivepage
html_property,com/pegarules/generated/html_property/ra_stream_pxtextinput_228709330_b4b04b74d37587c77e4237791fc54e75.java,ra_stream_pxtextinput_228709330_b4b04b74d37587c77e4237791fc54e75.java,pxtextinput 228709330
html_property,com/pegarules/generated/html_property/ra_stream_pzurlqr_ef40892170feb23dddd08eabe80b8a77.java,ra_stream_pzurlqr_ef40892170feb23dddd08eabe80b8a77.java,pzurlqr
html_property,com/pegarules/generated/html_property/ra_stream_pxdisplaytext_1365141955_c96c0e23e4aca8cb5d7eca706856dbdc.java,ra_stream_pxdisplaytext_1365141955_c96c0e23e4aca8cb5d7eca706856dbdc.java,pxdisplaytext 1365141955
html_property,com/pegarules/generated/html_property/ra_stream_pxdisplaytext_1365141955_c0e7fd95cbe96feacf7deeec25e71fd9.java,ra_stream_pxdisplaytext_1365141955_c0e7fd95cbe96feacf7deeec25e71fd9.java,pxdisplaytext 1365141955
html_property,com/pegarules/generated/html_property/ra_stream_pzmodalbutton_af74e4fb1e70b3a702b35ec0bc334fbb.java,ra_stream_pzmodalbutton_af74e4fb1e70b3a702b35ec0bc334fbb.java,pzmodalbutton
html_property,com/pegarules/generated/html_property/ra_stream_pxtextinput_228709330_fd331d55fe13b7fe88d94179659b6508.java,ra_stream_pxtextinput_228709330_fd331d55fe13b7fe88d94179659b6508.java,pxtextinput 228709330
html_property,com/pegarules/generated/html_property/ra_stream_pxdisplaytext_1365141955_3b5b083e7c7f0af0bddeacb381c4c54b.java,ra_stream_pxdisplaytext_1365141955_3b5b083e7c7f0af0bddeacb381c4c54b.java,pxdisplaytext 1365141955
html_property,com/pegarules/generated/html_property/ra_stream_pxoperatorimage_db83d4281191205f539158b603347cf4.java,ra_stream_pxoperatorimage_db83d4281191205f539158b603347cf4.java,pxoperatorimage
html_property,com/pegarules/generated/html_property/ra_stream_openruleadvancedmethod_06e3e47e05f8dff3d8f5775716175a10.java,ra_stream_openruleadvancedmethod_06e3e47e05f8dff3d8f5775716175a10.java,openruleadvancedmethod
html_property,com/pegarules/generated/html_property/ra_stream_pzruleopener_b24cf63d788cf0253a9ddb21263d7fdd.java,ra_stream_pzruleopener_b24cf63d788cf0253a9ddb21263d7fdd.java,pzruleopener
html_property,com/pegarules/generated/html_property/ra_stream_datetime_long_5f341f72eb427404fe9e7e22de82531d.java,ra_stream_datetime_long_5f341f72eb427404fe9e7e22de82531d.java,datetime long
html_property,com/pegarules/generated/html_property/ra_stream_pxtextinput_228709330_e1cdc1547dccf60d8339ad0283017089.java,ra_stream_pxtextinput_228709330_e1cdc1547dccf60d8339ad0283017089.java,pxtextinput 228709330
html_property,com/pegarules/generated/html_property/ra_stream_pxtextinput_228709330_25f2b246d8173ad3ad78846e86baecaa.java,ra_stream_pxtextinput_228709330_25f2b246d8173ad3ad78846e86baecaa.java,pxtextinput 228709330
html_property,com/pegarules/generated/html_property/ra_stream_urlencodedvalue_7f7bf05ffd7e73d0e1db979c4705c6be.java,ra_stream_urlencodedvalue_7f7bf05ffd7e73d0e1db979c4705c6be.java,urlencodedvalue
html_property,com/pegarules/generated/html_property/ra_stream_openruleadvanced_overlabel_354aad8620c36212221a308b88276a72.java,ra_stream_openruleadvanced_overlabel_354aad8620c36212221a308b88276a72.java,openruleadvanced overlabel
html_property,com/pegarules/generated/html_property/ra_stream_pxtextinput_228709330_66300ce4cf07d01484ee36b07dbd78cd.java,ra_stream_pxtextinput_228709330_66300ce4cf07d01484ee36b07dbd78cd.java,pxtextinput 228709330
html_property,com/pegarules/generated/html_property/ra_stream_pxtextinput_228709330_9e114dc209306a21c1f6e67f0463bf4f.java,ra_stream_pxtextinput_228709330_9e114dc209306a21c1f6e67f0463bf4f.java,pxtextinput 228709330
html_property,com/pegarules/generated/html_property/ra_stream_pzpmerrormaker_748d1c8eb3f2515c5d61b15e0629acc3.java,ra_stream_pzpmerrormaker_748d1c8eb3f2515c5d61b15e0629acc3.java,pzpmerrormaker
html_property,com/pegarules/generated/html_property/ra_stream_openrule_94f0832fbdca37628bcbb3fdf75931a4.java,ra_stream_openrule_94f0832fbdca37628bcbb3fdf75931a4.java,openrule
datatransform,com/pegarules/generated/datatransform/ra_model_pega_fields_complex_embedded_query_reference_data_pysetdefaultfields_943912299.java,ra_model_pega_fields_complex_embedded_query_reference_data_pysetdefaultfields_943912299.java,pega fields complex embedded query reference data pysetdefaultfields
datatransform,com/pegarules/generated/datatransform/ra_model_pega_fields_complex_embedded_query_reference_case_pysetdefaultfields_1721140615.java,ra_model_pega_fields_complex_embedded_query_reference_case_pysetdefaultfields_1721140615.java,pega fields complex embedded query reference case pysetdefaultfields
datatransform,com/pegarules/generated/datatransform/ra_model_pega_designer_appsettings_pzloadappsettings__2088322210.java,ra_model_pega_designer_appsettings_pzloadappsettings__2088322210.java,pega designer appsettings pzloadappsettings
datatransform,com/pegarules/generated/datatransform/ra_model_pega_ext_adminstudio_explorer_resources_pydefault__2038807196.java,ra_model_pega_ext_adminstudio_explorer_resources_pydefault__2038807196.java,pega ext adminstudio explorer resources pydefault
datatransform,com/pegarules/generated/datatransform/ra_model__baseclass_pzcleanstalecasetypeconfiginfo_1735612046.java,ra_model__baseclass_pzcleanstalecasetypeconfiginfo_1735612046.java,baseclass pzcleanstalecasetypeconfiginfo
datatransform,com/pegarules/generated/datatransform/ra_model_pega_fields_pyadditionalfieldpostprocessing__937592814.java,ra_model_pega_fields_pyadditionalfieldpostprocessing__937592814.java,pega fields pyadditionalfieldpostprocessing
datatransform,com/pegarules/generated/datatransform/ra_model_pega_fields_scalar_text_pzfieldpostprocessingsetup_584842298.java,ra_model_pega_fields_scalar_text_pzfieldpostprocessingsetup_584842298.java,pega fields scalar text pzfieldpostprocessingsetup
datatransform,com/pegarules/generated/datatransform/ra_model_rule__pysplitfocuskey_674869512.java,ra_model_rule__pysplitfocuskey_674869512.java,rule pysplitfocuskey
datatransform,com/pegarules/generated/datatransform/ra_model_pega_fields_scalar_timeofday_pysetdefaultfields_1884172241.java,ra_model_pega_fields_scalar_timeofday_pysetdefaultfields_1884172241.java,pega fields scalar timeofday pysetdefaultfields
datatransform,com/pegarules/generated/datatransform/ra_model_pega_fields_scalar_decimal_currency_pysetdefaultfields_1578606306.java,ra_model_pega_fields_scalar_decimal_currency_pysetdefaultfields_1578606306.java,pega fields scalar decimal currency pysetdefaultfields
datatransform,com/pegarules/generated/datatransform/ra_model_embed_declarepagesource_pzsetloadactivity__1347795375.java,ra_model_embed_declarepagesource_pzsetloadactivity__1347795375.java,embed declarepagesource pzsetloadactivity
datatransform,com/pegarules/generated/datatransform/ra_model_pegaaccel_task_buildapplication_pzselectapplicationtemplate__1083852026.java,ra_model_pegaaccel_task_buildapplication_pzselectapplicationtemplate__1083852026.java,pegaaccel task buildapplication pzselectapplicationtemplate
datatransform,com/pegarules/generated/datatransform/ra_model_pega_fields_scalar_text_url_pysetdefaultfields_1067570527.java,ra_model_pega_fields_scalar_text_url_pysetdefaultfields_1067570527.java,pega fields scalar text url pysetdefaultfields
datatransform,com/pegarules/generated/datatransform/ra_model_code_pega_list_pzsetnextinsertionindex__1709262550.java,ra_model_code_pega_list_pzsetnextinsertionindex__1709262550.java,code pega list pzsetnextinsertionindex
datatransform,com/pegarules/generated/datatransform/ra_model_pega_fields_scalar_picklist_pysetdefaultfields__691991684.java,ra_model_pega_fields_scalar_picklist_pysetdefaultfields__691991684.java,pega fields scalar picklist pysetdefaultfields
datatransform,com/pegarules/generated/datatransform/ra_model_code_pega_list_pzpopulateskinlist__1877873461.java,ra_model_code_pega_list_pzpopulateskinlist__1877873461.java,code pega list pzpopulateskinlist
datatransform,com/pegarules/generated/datatransform/ra_model_pega_fields_complex_pysetdefaultfields_1031445454.java,ra_model_pega_fields_complex_pysetdefaultfields_1031445454.java,pega fields complex pysetdefaultfields
datatransform,com/pegarules/generated/datatransform/ra_model_data_application_configuration_pynewoperatorsuffix_1272696219.java,ra_model_data_application_configuration_pynewoperatorsuffix_1272696219.java,data application configuration pynewoperatorsuffix
datatransform,com/pegarules/generated/datatransform/ra_model_pega_ext_adminstudio_explorer_settings_pydefault__347157754.java,ra_model_pega_ext_adminstudio_explorer_settings_pydefault__347157754.java,pega ext adminstudio explorer settings pydefault
datatransform,com/pegarules/generated/datatransform/ra_model_embed_queryinputs_pyrunappexplorerexpand_2143651333.java,ra_model_embed_queryinputs_pyrunappexplorerexpand_2143651333.java,embed queryinputs pyrunappexplorerexpand
datatransform,com/pegarules/generated/datatransform/ra_model__baseclass_pygetpostdatasource_1579587937.java,ra_model__baseclass_pygetpostdatasource_1579587937.java,baseclass pygetpostdatasource
datatransform,com/pegarules/generated/datatransform/ra_model_pega_ext_adminstudio_explorer_overview_pydefault__723761474.java,ra_model_pega_ext_adminstudio_explorer_overview_pydefault__723761474.java,pega ext adminstudio explorer overview pydefault
datatransform,com/pegarules/generated/datatransform/ra_model_embed_stage_pydisplaypalettesetcontext__1331988709.java,ra_model_embed_stage_pydisplaypalettesetcontext__1331988709.java,embed stage pydisplaypalettesetcontext
datatransform,com/pegarules/generated/datatransform/ra_model_pega_landing_application_pzremoveoverviewpages__1663906808.java,ra_model_pega_landing_application_pzremoveoverviewpages__1663906808.java,pega landing application pzremoveoverviewpages
datatransform,com/pegarules/generated/datatransform/ra_model__baseclass_pzsetdatatransformvalue_192500806.java,ra_model__baseclass_pzsetdatatransformvalue_192500806.java,baseclass pzsetdatatransformvalue
datatransform,com/pegarules/generated/datatransform/ra_model_embed_stageprocess_pzsetprocessmodelerview_1977461559.java,ra_model_embed_stageprocess_pzsetprocessmodelerview_1977461559.java,embed stageprocess pzsetprocessmodelerview
datatransform,com/pegarules/generated/datatransform/ra_model_embed_graph_pydefault_693970651.java,ra_model_embed_graph_pydefault_693970651.java,embed graph pydefault
datatransform,com/pegarules/generated/datatransform/ra_model_pega_fields_scalar_picklist_pzadditionalfieldpostprocessing_903031090.java,ra_model_pega_fields_scalar_picklist_pzadditionalfieldpostprocessing_903031090.java,pega fields scalar picklist pzadditionalfieldpostprocessing
datatransform,com/pegarules/generated/datatransform/ra_model__baseclass_pzpostactionpropertycleanup_901894128.java,ra_model__baseclass_pzpostactionpropertycleanup_901894128.java,baseclass pzpostactionpropertycleanup
datatransform,com/pegarules/generated/datatransform/ra_model_work__pysetcosmosproperties__547545544.java,ra_model_work__pysetcosmosproperties__547545544.java,work pysetcosmosproperties
datatransform,com/pegarules/generated/datatransform/ra_model_pega_ext_expexplorer_exploredata_pydefault__1317494741.java,ra_model_pega_ext_expexplorer_exploredata_pydefault__1317494741.java,pega ext expexplorer exploredata pydefault
datatransform,com/pegarules/generated/datatransform/ra_model_pega_fields_scalar_text_phone_pysetdefaultfields__2125847627.java,ra_model_pega_fields_scalar_text_phone_pysetdefaultfields__2125847627.java,pega fields scalar text phone pysetdefaultfields
datatransform,com/pegarules/generated/datatransform/ra_model_rule_obj_flow_pzsetcdcontextview_808608854.java,ra_model_rule_obj_flow_pzsetcdcontextview_808608854.java,rule obj flow pzsetcdcontextview
datatransform,com/pegarules/generated/datatransform/ra_model_data_usageeventtype_pzsetenableflag_792470108.java,ra_model_data_usageeventtype_pzsetenableflag_792470108.java,data usageeventtype pzsetenableflag
datatransform,com/pegarules/generated/datatransform/ra_model_data_admin_operator_id_pysettitle_1688789857.java,ra_model_data_admin_operator_id_pysettitle_1688789857.java,data admin operator id pysettitle
datatransform,com/pegarules/generated/datatransform/ra_model_data_portal_pegaexpress_pydefault_598504886.java,ra_model_data_portal_pegaexpress_pydefault_598504886.java,data portal pegaexpress pydefault
datatransform,com/pegarules/generated/datatransform/ra_model_rule_obj_flow_pypreparekeysforrecordidentifiervalidation_23662914.java,ra_model_rule_obj_flow_pypreparekeysforrecordidentifiervalidation_23662914.java,rule obj flow pypreparekeysforrecordidentifiervalidation
datatransform,com/pegarules/generated/datatransform/ra_model_pega_fields_scalar_text_email_pysetdefaultfields_440472299.java,ra_model_pega_fields_scalar_text_email_pysetdefaultfields_440472299.java,pega fields scalar text email pysetdefaultfields
datatransform,com/pegarules/generated/datatransform/ra_model_pega_fields_scalar_decimal_percentage_pysetdefaultfields_1510975235.java,ra_model_pega_fields_scalar_decimal_percentage_pysetdefaultfields_1510975235.java,pega fields scalar decimal percentage pysetdefaultfields
datatransform,com/pegarules/generated/datatransform/ra_model_pega_fields_pzadditionalfieldpreprocessing_1200254211.java,ra_model_pega_fields_pzadditionalfieldpreprocessing_1200254211.java,pega fields pzadditionalfieldpreprocessing
datatransform,com/pegarules/generated/datatransform/ra_model_pega_fields_complex_embedded_query_pysetdefaultfields_1347345732.java,ra_model_pega_fields_complex_embedded_query_pysetdefaultfields_1347345732.java,pega fields complex embedded query pysetdefaultfields
datatransform,com/pegarules/generated/datatransform/ra_model_pega_landing_appview_mobile_pydefault__1258847477.java,ra_model_pega_landing_appview_mobile_pydefault__1258847477.java,pega landing appview mobile pydefault
datatransform,com/pegarules/generated/datatransform/ra_model__baseclass_pyspecialfocuskeyhandler__412081501.java,ra_model__baseclass_pyspecialfocuskeyhandler__412081501.java,baseclass pyspecialfocuskeyhandler
datatransform,com/pegarules/generated/datatransform/ra_model_code_pega_list_pzsetflowmessages__387347717.java,ra_model_code_pega_list_pzsetflowmessages__387347717.java,code pega list pzsetflowmessages
datatransform,com/pegarules/generated/datatransform/ra_model_pega_fields_complex_page_location_pzsetdefaultconfigforchange_753416901.java,ra_model_pega_fields_complex_page_location_pzsetdefaultconfigforchange_753416901.java,pega fields complex page location pzsetdefaultconfigforchange
datatransform,com/pegarules/generated/datatransform/ra_model_work__pzrundatatransformparameters_1032187910.java,ra_model_work__pzrundatatransformparameters_1032187910.java,work pzrundatatransformparameters
datatransform,com/pegarules/generated/datatransform/ra_model_rule_obj_class_pysetrecordrulesetandversion_1955431781.java,ra_model_rule_obj_class_pysetrecordrulesetandversion_1955431781.java,rule obj class pysetrecordrulesetandversion
datatransform,com/pegarules/generated/datatransform/ra_model__baseclass_pxuserdashboardpreparedisplay_1117666783.java,ra_model__baseclass_pxuserdashboardpreparedisplay_1117666783.java,baseclass pxuserdashboardpreparedisplay
datatransform,com/pegarules/generated/datatransform/ra_model_pega_fields_complex_embedded_pysetdefaultfields__1531215825.java,ra_model_pega_fields_complex_embedded_pysetdefaultfields__1531215825.java,pega fields complex embedded pysetdefaultfields
datatransform,com/pegarules/generated/datatransform/ra_model_pega_ext_adminstudio_explorer_mobile_pydefault_97705284.java,ra_model_pega_ext_adminstudio_explorer_mobile_pydefault_97705284.java,pega ext adminstudio explorer mobile pydefault
datatransform,com/pegarules/generated/datatransform/ra_model_pega_ext_expexplorer_newappwizard_pzsetuppages_131290866.java,ra_model_pega_ext_expexplorer_newappwizard_pzsetuppages_131290866.java,pega ext expexplorer newappwizard pzsetuppages
datatransform,com/pegarules/generated/datatransform/ra_model_pegaaccel_task_buildapplication_pzprepareadvancedapplicationsettings_781354318.java,ra_model_pegaaccel_task_buildapplication_pzprepareadvancedapplicationsettings_781354318.java,pegaaccel task buildapplication pzprepareadvancedapplicationsettings
datatransform,com/pegarules/generated/datatransform/ra_model_pega_preference_recordmanagement_pzuserhasunlockedrulesets_221252360.java,ra_model_pega_preference_recordmanagement_pzuserhasunlockedrulesets_221252360.java,pega preference recordmanagement pzuserhasunlockedrulesets
datatransform,com/pegarules/generated/datatransform/ra_model_pega_fields_scalar_pzfieldpostprocessingsetup__1170953500.java,ra_model_pega_fields_scalar_pzfieldpostprocessingsetup__1170953500.java,pega fields scalar pzfieldpostprocessingsetup
datatransform,com/pegarules/generated/datatransform/ra_model_pega_fields_pzchangelinkpreprocessing__1404929142.java,ra_model_pega_fields_pzchangelinkpreprocessing__1404929142.java,pega fields pzchangelinkpreprocessing
datatransform,com/pegarules/generated/datatransform/ra_model_pega_fields_scalar_text_pysetdefaultfields_1749314350.java,ra_model_pega_fields_scalar_text_pysetdefaultfields_1749314350.java,pega fields scalar text pysetdefaultfields
datatransform,com/pegarules/generated/datatransform/ra_model_work_channel_triage_email_pypopulatecolumnnamesextension__579228123.java,ra_model_work_channel_triage_email_pypopulatecolumnnamesextension__579228123.java,work channel triage email pypopulatecolumnnamesextension
datatransform,com/pegarules/generated/datatransform/ra_model__baseclass_pyfieldssourceextension__1777949849.java,ra_model__baseclass_pyfieldssourceextension__1777949849.java,baseclass pyfieldssourceextension
datatransform,com/pegarules/generated/datatransform/ra_model_pega_ext_expexplorer_search_pydefault_1688458837.java,ra_model_pega_ext_expexplorer_search_pydefault_1688458837.java,pega ext expexplorer search pydefault
datatransform,com/pegarules/generated/datatransform/ra_model_embed_stage_pzsetflowmessagesstageinner__886888648.java,ra_model_embed_stage_pzsetflowmessagesstageinner__886888648.java,embed stage pzsetflowmessagesstageinner
datatransform,com/pegarules/generated/datatransform/ra_model_pegasocial_message_pysetpostcontext__1800666924.java,ra_model_pegasocial_message_pysetpostcontext__1800666924.java,pegasocial message pysetpostcontext
datatransform,com/pegarules/generated/datatransform/ra_model_work_cover_task_pysetposttypeinfo_2046214622.java,ra_model_work_cover_task_pysetposttypeinfo_2046214622.java,work cover task pysetposttypeinfo
datatransform,com/pegarules/generated/datatransform/ra_model_rule_obj_property_pzloadsinglepropertytype_474142068.java,ra_model_rule_obj_property_pzloadsinglepropertytype_474142068.java,rule obj property pzloadsinglepropertytype
datatransform,com/pegarules/generated/datatransform/ra_model_pega_fields_scalar_date_pysetdefaultfields_1159761149.java,ra_model_pega_fields_scalar_date_pysetdefaultfields_1159761149.java,pega fields scalar date pysetdefaultfields
datatransform,com/pegarules/generated/datatransform/ra_model_rule_ui_view_pypreparekeysforrecordidentifiervalidation__1338943593.java,ra_model_rule_ui_view_pypreparekeysforrecordidentifiervalidation__1338943593.java,rule ui view pypreparekeysforrecordidentifiervalidation
datatransform,com/pegarules/generated/datatransform/ra_model_data_portal_pzconfigureneworexistingapplication_1315538116.java,ra_model_data_portal_pzconfigureneworexistingapplication_1315538116.java,data portal pzconfigureneworexistingapplication
datatransform,com/pegarules/generated/datatransform/ra_model__baseclass_pzdeletepinnedclassesdatapage_1960164601.java,ra_model__baseclass_pzdeletepinnedclassesdatapage_1960164601.java,baseclass pzdeletepinnedclassesdatapage
datatransform,com/pegarules/generated/datatransform/ra_model_pega_fields_scalar_pzsetdefaultconfigforchange__868922106.java,ra_model_pega_fields_scalar_pzsetdefaultconfigforchange__868922106.java,pega fields scalar pzsetdefaultconfigforchange
datatransform,com/pegarules/generated/datatransform/ra_model_embed_methodparams_pzparametersmodel__2109473989.java,ra_model_embed_methodparams_pzparametersmodel__2109473989.java,embed methodparams pzparametersmodel
datatransform,com/pegarules/generated/datatransform/ra_model__baseclass_pzresetrelease_803595328.java,ra_model__baseclass_pzresetrelease_803595328.java,baseclass pzresetrelease
datatransform,com/pegarules/generated/datatransform/ra_model_rule_obj_activity_pysetactivitytype_1139875361.java,ra_model_rule_obj_activity_pysetactivitytype_1139875361.java,rule obj activity pysetactivitytype
datatransform,com/pegarules/generated/datatransform/ra_model_rule_obj_flowaction_pypreparekeysforrecordidentifiervalidation__1487544257.java,ra_model_rule_obj_flowaction_pypreparekeysforrecordidentifiervalidation__1487544257.java,rule obj flowaction pypreparekeysforrecordidentifiervalidation
datatransform,com/pegarules/generated/datatransform/ra_model_pega_fields_unsupported_pysetdefaultfields__1453376884.java,ra_model_pega_fields_unsupported_pysetdefaultfields__1453376884.java,pega fields unsupported pysetdefaultfields
datatransform,com/pegarules/generated/datatransform/ra_model__baseclass_pygetroutingtableconfig__1419693640.java,ra_model__baseclass_pygetroutingtableconfig__1419693640.java,baseclass pygetroutingtableconfig
datatransform,com/pegarules/generated/datatransform/ra_model_pega_fields_scalar_picklist_pzfieldpostprocessingsetup__1625982699.java,ra_model_pega_fields_scalar_picklist_pzfieldpostprocessingsetup__1625982699.java,pega fields scalar picklist pzfieldpostprocessingsetup
datatransform,com/pegarules/generated/datatransform/ra_model_data_portal_pegaadminstudio_quicklinkswidget_pydefault__373203027.java,ra_model_data_portal_pegaadminstudio_quicklinkswidget_pydefault__373203027.java,data portal pegaadminstudio quicklinkswidget pydefault
datatransform,com/pegarules/generated/datatransform/ra_model_data__pyaddrecentlistitem__685962822.java,ra_model_data__pyaddrecentlistitem__685962822.java,data pyaddrecentlistitem
datatransform,com/pegarules/generated/datatransform/ra_model_embed_stageprocess_pydisplaypalettesetcontext__1471782398.java,ra_model_embed_stageprocess_pydisplaypalettesetcontext__1471782398.java,embed stageprocess pydisplaypalettesetcontext
datatransform,com/pegarules/generated/datatransform/ra_model_rule_obj_property_pypreparekeysforrecordidentifiervalidation_808246870.java,ra_model_rule_obj_property_pypreparekeysforrecordidentifiervalidation_808246870.java,rule obj property pypreparekeysforrecordidentifiervalidation
datatransform,com/pegarules/generated/datatransform/ra_model_pega_fields_scalar_double_pysetdefaultfields__338919580.java,ra_model_pega_fields_scalar_double_pysetdefaultfields__338919580.java,pega fields scalar double pysetdefaultfields
datatransform,com/pegarules/generated/datatransform/ra_model_rule_html_section_pypreparekeysforrecordidentifiervalidation_1956231826.java,ra_model_rule_html_section_pypreparekeysforrecordidentifiervalidation_1956231826.java,rule html section pypreparekeysforrecordidentifiervalidation
datatransform,com/pegarules/generated/datatransform/ra_model_data_portal_pzsetcurrentcase__2018199765.java,ra_model_data_portal_pzsetcurrentcase__2018199765.java,data portal pzsetcurrentcase
datatransform,com/pegarules/generated/datatransform/ra_model_pega_fields_scalar_picklist_pzsetdefaultconfigforchange_1512423092.java,ra_model_pega_fields_scalar_picklist_pzsetdefaultconfigforchange_1512423092.java,pega fields scalar picklist pzsetdefaultconfigforchange
datatransform,com/pegarules/generated/datatransform/ra_model_pega_ui_layouteditor_pzlayouteditorloaddata__1490755560.java,ra_model_pega_ui_layouteditor_pzlayouteditorloaddata__1490755560.java,pega ui layouteditor pzlayouteditorloaddata
datatransform,com/pegarules/generated/datatransform/ra_model__baseclass_pzsetexpressskinforeditmode_1854945986.java,ra_model__baseclass_pzsetexpressskinforeditmode_1854945986.java,baseclass pzsetexpressskinforeditmode
datatransform,com/pegarules/generated/datatransform/ra_model_pega_fields_scalar_pzadditionalfieldpreprocessing__1738722284.java,ra_model_pega_fields_scalar_pzadditionalfieldpreprocessing__1738722284.java,pega fields scalar pzadditionalfieldpreprocessing
datatransform,com/pegarules/generated/datatransform/ra_model_pega_fields_scalar_datetime_pysetdefaultfields_1162029965.java,ra_model_pega_fields_scalar_datetime_pysetdefaultfields_1162029965.java,pega fields scalar datetime pysetdefaultfields
datatransform,com/pegarules/generated/datatransform/ra_model_data_dm_notificationconfig_pysetalertthresholds_1211312122.java,ra_model_data_dm_notificationconfig_pysetalertthresholds_1211312122.java,data dm notificationconfig pysetalertthresholds
datatransform,com/pegarules/generated/datatransform/ra_model_pega_landing_appview_web_pydefault_1214882021.java,ra_model_pega_landing_appview_web_pydefault_1214882021.java,pega landing appview web pydefault
datatransform,com/pegarules/generated/datatransform/ra_model_rule_application_usecase_pzdefaultsfordatamoconnectortransition_593794738.java,ra_model_rule_application_usecase_pzdefaultsfordatamoconnectortransition_593794738.java,rule application usecase pzdefaultsfordatamoconnectortransition
datatransform,com/pegarules/generated/datatransform/ra_model_pegaaccel_task_buildapplication_pzresetadvancedapplicationsettings_1731971946.java,ra_model_pegaaccel_task_buildapplication_pzresetadvancedapplicationsettings_1731971946.java,pegaaccel task buildapplication pzresetadvancedapplicationsettings
datatransform,com/pegarules/generated/datatransform/ra_model_pega_discoverlayercake_pzloaddiscovergadgetbase_436823045.java,ra_model_pega_discoverlayercake_pzloaddiscovergadgetbase_436823045.java,pega discoverlayercake pzloaddiscovergadgetbase
datatransform,com/pegarules/generated/datatransform/ra_model__baseclass_pxrelevantrecordsrefreshstrategy__1743945491.java,ra_model__baseclass_pxrelevantrecordsrefreshstrategy__1743945491.java,baseclass pxrelevantrecordsrefreshstrategy
datatransform,com/pegarules/generated/datatransform/ra_model_pega_fields_pzadditionalfieldpostprocessing__1245175403.java,ra_model_pega_fields_pzadditionalfieldpostprocessing__1245175403.java,pega fields pzadditionalfieldpostprocessing
datatransform,com/pegarules/generated/datatransform/ra_model_embed_methodparams_pzsetparameter_518902459.java,ra_model_embed_methodparams_pzsetparameter_518902459.java,embed methodparams pzsetparameter
datatransform,com/pegarules/generated/datatransform/ra_model_pega_fields_scalar_boolean_pysetdefaultfields__2011352768.java,ra_model_pega_fields_scalar_boolean_pysetdefaultfields__2011352768.java,pega fields scalar boolean pysetdefaultfields
datatransform,com/pegarules/generated/datatransform/ra_model_pega_fields_scalar_pzadditionalfieldpostprocessing__1982565531.java,ra_model_pega_fields_scalar_pzadditionalfieldpostprocessing__1982565531.java,pega fields scalar pzadditionalfieldpostprocessing
datatransform,com/pegarules/generated/datatransform/ra_model_embed_stage_pzupdatecasedesignerstagecontext_2007592420.java,ra_model_embed_stage_pzupdatecasedesignerstagecontext_2007592420.java,embed stage pzupdatecasedesignerstagecontext
datatransform,com/pegarules/generated/datatransform/ra_model_pega_ext_adminstudio_explorer_settings_system_pydefault__1457517823.java,ra_model_pega_ext_adminstudio_explorer_settings_system_pydefault__1457517823.java,pega ext adminstudio explorer settings system pydefault
datatransform,com/pegarules/generated/datatransform/ra_model_pega_fields_pzcacheprevpropertytype__96342291.java,ra_model_pega_fields_pzcacheprevpropertytype__96342291.java,pega fields pzcacheprevpropertytype
datatransform,com/pegarules/generated/datatransform/ra_model_pega_fields_pzinitializecalculatedvalueinfo__913999405.java,ra_model_pega_fields_pzinitializecalculatedvalueinfo__913999405.java,pega fields pzinitializecalculatedvalueinfo
datatransform,com/pegarules/generated/datatransform/ra_model_embed_fields_pzcreatefieldfromcacheddata_1250744269.java,ra_model_embed_fields_pzcreatefieldfromcacheddata_1250744269.java,embed fields pzcreatefieldfromcacheddata
datatransform,com/pegarules/generated/datatransform/ra_model_rule__pyaddrecentlistitem__619439126.java,ra_model_rule__pyaddrecentlistitem__619439126.java,rule pyaddrecentlistitem
datatransform,com/pegarules/generated/datatransform/ra_model_pega_ext_expexplorer_library_pydefault_850124856.java,ra_model_pega_ext_expexplorer_library_pydefault_850124856.java,pega ext expexplorer library pydefault
datatransform,com/pegarules/generated/datatransform/ra_model_pegaaccel_task_buildapplication_pzshowtemplatesaslist__320991532.java,ra_model_pegaaccel_task_buildapplication_pzshowtemplatesaslist__320991532.java,pegaaccel task buildapplication pzshowtemplatesaslist
datatransform,com/pegarules/generated/datatransform/ra_model_pega_fields_scalar_decimal_pysetdefaultfields__756109418.java,ra_model_pega_fields_scalar_decimal_pysetdefaultfields__756109418.java,pega fields scalar decimal pysetdefaultfields
datatransform,com/pegarules/generated/datatransform/ra_model_pega_fields_pzpopulateidentifier__1255791278.java,ra_model_pega_fields_pzpopulateidentifier__1255791278.java,pega fields pzpopulateidentifier
datatransform,com/pegarules/generated/datatransform/ra_model_data_runtimedesignsettings_pzsetruntimedesignsettings__1301171111.java,ra_model_data_runtimedesignsettings_pzsetruntimedesignsettings__1301171111.java,data runtimedesignsettings pzsetruntimedesignsettings
datatransform,com/pegarules/generated/datatransform/ra_model_pega_fields_complex_embedded_query_reference_pysetdefaultfields__821983043.java,ra_model_pega_fields_complex_embedded_query_reference_pysetdefaultfields__821983043.java,pega fields complex embedded query reference pysetdefaultfields
datatransform,com/pegarules/generated/datatransform/ra_model_pega_int_projmgmt_pzloadprojectmanagementendpointurl_348768124.java,ra_model_pega_int_projmgmt_pzloadprojectmanagementendpointurl_348768124.java,pega int projmgmt pzloadprojectmanagementendpointurl
datatransform,com/pegarules/generated/datatransform/ra_model_pega_ext_expexplorer_settings_pydefault__445041368.java,ra_model_pega_ext_expexplorer_settings_pydefault__445041368.java,pega ext expexplorer settings pydefault
datatransform,com/pegarules/generated/datatransform/ra_model_pega_ext_expexplorer_data_pydefault__816853571.java,ra_model_pega_ext_expexplorer_data_pydefault__816853571.java,pega ext expexplorer data pydefault
datatransform,com/pegarules/generated/datatransform/ra_model_ofon2j_processo_work_onboarding_pysetfielddefaults__1735285833.java,ra_model_ofon2j_processo_work_onboarding_pysetfielddefaults__1735285833.java,ofon2j processo work onboarding pysetfielddefaults
datatransform,com/pegarules/generated/datatransform/ra_model_pega_int_projmgmt_pyloadprojectmanagementendpointurl__827770285.java,ra_model_pega_int_projmgmt_pyloadprojectmanagementendpointurl__827770285.java,pega int projmgmt pyloadprojectmanagementendpointurl
datatransform,com/pegarules/generated/datatransform/ra_model_data__pysetrecordrulesetandversion_1752434325.java,ra_model_data__pysetrecordrulesetandversion_1752434325.java,data pysetrecordrulesetandversion
datatransform,com/pegarules/generated/datatransform/ra_model_rule_html_harness_pypreparekeysforrecordidentifiervalidation__2023538330.java,ra_model_rule_html_harness_pypreparekeysforrecordidentifiervalidation__2023538330.java,rule html harness pypreparekeysforrecordidentifiervalidation
datatransform,com/pegarules/generated/datatransform/ra_model_code_pega_list_pzsetnotificationscountforoperator_1686820613.java,ra_model_code_pega_list_pzsetnotificationscountforoperator_1686820613.java,code pega list pzsetnotificationscountforoperator
datatransform,com/pegarules/generated/datatransform/ra_model_pega_fields_complex_pzsetpagemode__182413190.java,ra_model_pega_fields_complex_pzsetpagemode__182413190.java,pega fields complex pzsetpagemode
datatransform,com/pegarules/generated/datatransform/ra_model_rule_obj__pzaddlabeltorulereferences_1547564894.java,ra_model_rule_obj__pzaddlabeltorulereferences_1547564894.java,rule obj pzaddlabeltorulereferences
datatransform,com/pegarules/generated/datatransform/ra_model__baseclass_pzsetbestavailablerulesetandversionforrecordcontext__1011466910.java,ra_model__baseclass_pzsetbestavailablerulesetandversionforrecordcontext__1011466910.java,baseclass pzsetbestavailablerulesetandversionforrecordcontext
datatransform,com/pegarules/generated/datatransform/ra_model_pega_ext_expexplorer_user_pydefault_989518088.java,ra_model_pega_ext_expexplorer_user_pydefault_989518088.java,pega ext expexplorer user pydefault
datatransform,com/pegarules/generated/datatransform/ra_model_code_pega_list_pzgetaccessmethods__1451654708.java,ra_model_code_pega_list_pzgetaccessmethods__1451654708.java,code pega list pzgetaccessmethods
datatransform,com/pegarules/generated/datatransform/ra_model_work__pypopulatecasecontentswrapperextension_202270874.java,ra_model_work__pypopulatecasecontentswrapperextension_202270874.java,work pypopulatecasecontentswrapperextension
datatransform,com/pegarules/generated/datatransform/ra_model_data_portal_pzshowhelp__479933513.java,ra_model_data_portal_pzshowhelp__479933513.java,data portal pzshowhelp
datatransform,com/pegarules/generated/datatransform/ra_model_pega_fields_scalar_text_paragraph_pysetdefaultfields_1522759993.java,ra_model_pega_fields_scalar_text_paragraph_pysetdefaultfields_1522759993.java,pega fields scalar text paragraph pysetdefaultfields
datatransform,com/pegarules/generated/datatransform/ra_model_embed_propertypromtvalues_pzsetstandardvalue__596568306.java,ra_model_embed_propertypromtvalues_pzsetstandardvalue__596568306.java,embed propertypromtvalues pzsetstandardvalue
datatransform,com/pegarules/generated/datatransform/ra_model_pega_ext_adminstudio_explorer_settings_system_pzloadnodesdata__1315281664.java,ra_model_pega_ext_adminstudio_explorer_settings_system_pzloadnodesdata__1315281664.java,pega ext adminstudio explorer settings system pzloadnodesdata
datatransform,com/pegarules/generated/datatransform/ra_model_rule_obj_model_pypreparekeysforrecordidentifiervalidation_874578746.java,ra_model_rule_obj_model_pypreparekeysforrecordidentifiervalidation_874578746.java,rule obj model pypreparekeysforrecordidentifiervalidation
datatransform,com/pegarules/generated/datatransform/ra_model_rule_application_pzremoveappstack_357068703.java,ra_model_rule_application_pzremoveappstack_357068703.java,rule application pzremoveappstack
datatransform,com/pegarules/generated/datatransform/ra_model_data_mo_activity_assignment_workaction_pydefdefault_465528592.java,ra_model_data_mo_activity_assignment_workaction_pydefdefault_465528592.java,data mo activity assignment workaction pydefdefault
datatransform,com/pegarules/generated/datatransform/ra_model_pega_landing_appview_pzsetappviewdelegateclass_1706713928.java,ra_model_pega_landing_appview_pzsetappviewdelegateclass_1706713928.java,pega landing appview pzsetappviewdelegateclass
datatransform,com/pegarules/generated/datatransform/ra_model_pega_fields_scalar_identifier_pysetdefaultfields__960925302.java,ra_model_pega_fields_scalar_identifier_pysetdefaultfields__960925302.java,pega fields scalar identifier pysetdefaultfields
datatransform,com/pegarules/generated/datatransform/ra_model__baseclass_pzempty_2092807882.java,ra_model__baseclass_pzempty_2092807882.java,baseclass pzempty
datatransform,com/pegarules/generated/datatransform/ra_model_data_mo_pzsetdirtyflag__1178408230.java,ra_model_data_mo_pzsetdirtyflag__1178408230.java,data mo pzsetdirtyflag
datatransform,com/pegarules/generated/datatransform/ra_model_code_pega_list_pytlsversions_1026108066.java,ra_model_code_pega_list_pytlsversions_1026108066.java,code pega list pytlsversions
datatransform,com/pegarules/generated/datatransform/ra_model_pega_landing_system_highavailability_pzloadhighavailabilitysettings_2040423039.java,ra_model_pega_landing_system_highavailability_pzloadhighavailabilitysettings_2040423039.java,pega landing system highavailability pzloadhighavailabilitysettings
datatransform,com/pegarules/generated/datatransform/ra_model_pega_fields_complex_page_attachment_pysetdefaultfields_289458545.java,ra_model_pega_fields_complex_page_attachment_pysetdefaultfields_289458545.java,pega fields complex page attachment pysetdefaultfields
datatransform,com/pegarules/generated/datatransform/ra_model__baseclass_pysetpostcontext__20322691.java,ra_model__baseclass_pysetpostcontext__20322691.java,baseclass pysetpostcontext
datatransform,com/pegarules/generated/datatransform/ra_model_data_rulecoverage_results_pzgetappcoveragedetails__172301622.java,ra_model_data_rulecoverage_results_pzgetappcoveragedetails__172301622.java,data rulecoverage results pzgetappcoveragedetails
datatransform,com/pegarules/generated/datatransform/ra_model_pega_ext_pydefault__1357355112.java,ra_model_pega_ext_pydefault__1357355112.java,pega ext pydefault
datatransform,com/pegarules/generated/datatransform/ra_model_pega_designer_casetype_pzsetcasetypecreationdefaults__56059855.java,ra_model_pega_designer_casetype_pzsetcasetypecreationdefaults__56059855.java,pega designer casetype pzsetcasetypecreationdefaults
datatransform,com/pegarules/generated/datatransform/ra_model_data_portal_pzshowguide__2034784436.java,ra_model_data_portal_pzshowguide__2034784436.java,data portal pzshowguide
datatransform,com/pegarules/generated/datatransform/ra_model_pegaaccel_task_buildapplication_pzshowtemplatesastiles_1349346100.java,ra_model_pegaaccel_task_buildapplication_pzshowtemplatesastiles_1349346100.java,pegaaccel task buildapplication pzshowtemplatesastiles
datatransform,com/pegarules/generated/datatransform/ra_model_pega_fields_complex_pzsetdefaultconfigforchange__1617699553.java,ra_model_pega_fields_complex_pzsetdefaultconfigforchange__1617699553.java,pega fields complex pzsetdefaultconfigforchange
datatransform,com/pegarules/generated/datatransform/ra_model__baseclass_pysplitfocuskey__1986360528.java,ra_model__baseclass_pysplitfocuskey__1986360528.java,baseclass pysplitfocuskey
datatransform,com/pegarules/generated/datatransform/ra_model_embed_stage_pzsetstagetransition__2019074858.java,ra_model_embed_stage_pzsetstagetransition__2019074858.java,embed stage pzsetstagetransition
datatransform,com/pegarules/generated/datatransform/ra_model_pega_ext_expexplorer_case_pydefault__596933315.java,ra_model_pega_ext_expexplorer_case_pydefault__596933315.java,pega ext expexplorer case pydefault
datatransform,com/pegarules/generated/datatransform/ra_model_data_portal_pzcleanupportalslistpage__780718926.java,ra_model_data_portal_pzcleanupportalslistpage__780718926.java,data portal pzcleanupportalslistpage
datatransform,com/pegarules/generated/datatransform/ra_model_pega_ext_expexplorer_overview_pydefault__1085822066.java,ra_model_pega_ext_expexplorer_overview_pydefault__1085822066.java,pega ext expexplorer overview pydefault
datatransform,com/pegarules/generated/datatransform/ra_model_pega_ext_expexplorer_pydefault__1077837846.java,ra_model_pega_ext_expexplorer_pydefault__1077837846.java,pega ext expexplorer pydefault
datatransform,com/pegarules/generated/datatransform/ra_model_pegaaccel_task_buildapplication_pzupdateclassstructure_825449586.java,ra_model_pegaaccel_task_buildapplication_pzupdateclassstructure_825449586.java,pegaaccel task buildapplication pzupdateclassstructure
datatransform,com/pegarules/generated/datatransform/ra_model_pega_fields_complex_page_location_pysetdefaultfields__1608023072.java,ra_model_pega_fields_complex_page_location_pysetdefaultfields__1608023072.java,pega fields complex page location pysetdefaultfields
datatransform,com/pegarules/generated/datatransform/ra_model_data_mo_activity_assignment_pzsetflowactioncreated__1588871248.java,ra_model_data_mo_activity_assignment_pzsetflowactioncreated__1588871248.java,data mo activity assignment pzsetflowactioncreated
datatransform,com/pegarules/generated/datatransform/ra_model_embed_display_table_cell_pzgetgridheaderlabel_1478676877.java,ra_model_embed_display_table_cell_pzgetgridheaderlabel_1478676877.java,embed display table cell pzgetgridheaderlabel
datatransform,com/pegarules/generated/datatransform/ra_model_embed_fields_pzmapautopopulateinfotoembedfield_1799396971.java,ra_model_embed_fields_pzmapautopopulateinfotoembedfield_1799396971.java,embed fields pzmapautopopulateinfotoembedfield
datatransform,com/pegarules/generated/datatransform/ra_model__baseclass_pzmapgroupmembersdata__1812792372.java,ra_model__baseclass_pzmapgroupmembersdata__1812792372.java,baseclass pzmapgroupmembersdata
datatransform,com/pegarules/generated/datatransform/ra_model_pegasocial_post_private_pygetpostdatasource__469376171.java,ra_model_pegasocial_post_private_pygetpostdatasource__469376171.java,pegasocial post private pygetpostdatasource
datatransform,com/pegarules/generated/datatransform/ra_model_data_admin_operator_id_pzsetcountsforuserprofile__1967129153.java,ra_model_data_admin_operator_id_pzsetcountsforuserprofile__1967129153.java,data admin operator id pzsetcountsforuserprofile
datatransform,com/pegarules/generated/datatransform/ra_model_rule_obj_casetype_pzsetgeolocationtracking__1398316724.java,ra_model_rule_obj_casetype_pzsetgeolocationtracking__1398316724.java,rule obj casetype pzsetgeolocationtracking
datatransform,com/pegarules/generated/datatransform/ra_model_pega_ext_adminstudio_explorer_settings_system_pzremovenodeslist__1735623467.java,ra_model_pega_ext_adminstudio_explorer_settings_system_pzremovenodeslist__1735623467.java,pega ext adminstudio explorer settings system pzremovenodeslist
datatransform,com/pegarules/generated/datatransform/ra_model_pega_ui_component_pytemplatetree_1868015235.java,ra_model_pega_ui_component_pytemplatetree_1868015235.java,pega ui component pytemplatetree
datatransform,com/pegarules/generated/datatransform/ra_model_pega_fields_scalar_integer_pysetdefaultfields__1888574076.java,ra_model_pega_fields_scalar_integer_pysetdefaultfields__1888574076.java,pega fields scalar integer pysetdefaultfields
datatransform,com/pegarules/generated/datatransform/ra_model_embed_fields_pzinitializecalculatedvalueinfo_1501277566.java,ra_model_embed_fields_pzinitializecalculatedvalueinfo_1501277566.java,embed fields pzinitializecalculatedvalueinfo
datatransform,com/pegarules/generated/datatransform/ra_model_pega_fields_complex_page_prediction_pysetdefaultfields__794382920.java,ra_model_pega_fields_complex_page_prediction_pysetdefaultfields__794382920.java,pega fields complex page prediction pysetdefaultfields
datatransform,com/pegarules/generated/datatransform/ra_model_pega_fields_pysetdefaultfields__1573764349.java,ra_model_pega_fields_pysetdefaultfields__1573764349.java,pega fields pysetdefaultfields
datatransform,com/pegarules/generated/datatransform/ra_model__baseclass_pzaddnewfieldtodatamodel__431446388.java,ra_model__baseclass_pzaddnewfieldtodatamodel__431446388.java,baseclass pzaddnewfieldtodatamodel
datatransform,com/pegarules/generated/datatransform/ra_model_pega_fields_scalar_pysetdefaultfields_1665727790.java,ra_model_pega_fields_scalar_pysetdefaultfields_1665727790.java,pega fields scalar pysetdefaultfields
datatransform,com/pegarules/generated/datatransform/ra_model_rule_application_pyaddrecentlistitem_273336279.java,ra_model_rule_application_pyaddrecentlistitem_273336279.java,rule application pyaddrecentlistitem
datatransform,com/pegarules/generated/datatransform/ra_model_code_pega_list_pzgetusertypes_2144976334.java,ra_model_code_pega_list_pzgetusertypes_2144976334.java,code pega list pzgetusertypes
datatransform,com/pegarules/generated/datatransform/ra_model_embed_graph_classrelationships_pydefault__1013437948.java,ra_model_embed_graph_classrelationships_pydefault__1013437948.java,embed graph classrelationships pydefault
datatransform,com/pegarules/generated/datatransform/ra_model_embed_fields_pzcreatefieldfromprop_1337200034.java,ra_model_embed_fields_pzcreatefieldfromprop_1337200034.java,embed fields pzcreatefieldfromprop
datatransform,com/pegarules/generated/datatransform/ra_model_rule_portalskin_pzupgradeskin_82_chart_1532725099.java,ra_model_rule_portalskin_pzupgradeskin_82_chart_1532725099.java,rule portalskin pzupgradeskin 82 chart
datatransform,com/pegarules/generated/datatransform/ra_model_code_pega_list_pzgetcountinterval_1365301345.java,ra_model_code_pega_list_pzgetcountinterval_1365301345.java,code pega list pzgetcountinterval
datatransform,com/pegarules/generated/datatransform/ra_model_rule_obj_casetype_pzclearexpressnewcasemodal__1375044247.java,ra_model_rule_obj_casetype_pzclearexpressnewcasemodal__1375044247.java,rule obj casetype pzclearexpressnewcasemodal
datatransform,com/pegarules/generated/datatransform/ra_model_rule_application_pzsetselecteditemslist_1897637545.java,ra_model_rule_application_pzsetselecteditemslist_1897637545.java,rule application pzsetselecteditemslist
datatransform,com/pegarules/generated/datatransform/ra_model_ofon2j_processo_work_onboarding_pydefault__1432864980.java,ra_model_ofon2j_processo_work_onboarding_pydefault__1432864980.java,ofon2j processo work onboarding pydefault
datatransform,com/pegarules/generated/datatransform/ra_model_code_pega_list_pzgetcountrepresents__570029099.java,ra_model_code_pega_list_pzgetcountrepresents__570029099.java,code pega list pzgetcountrepresents
datatransform,com/pegarules/generated/datatransform/ra_model_rule_obj_casetype_pzcleanuppersonaanddataobject__1496532135.java,ra_model_rule_obj_casetype_pzcleanuppersonaanddataobject__1496532135.java,rule obj casetype pzcleanuppersonaanddataobject
datatransform,com/pegarules/generated/datatransform/ra_model_pega_ext_expexplorer_mobile_pydefault__709167422.java,ra_model_pega_ext_expexplorer_mobile_pydefault__709167422.java,pega ext expexplorer mobile pydefault
datatransform,com/pegarules/generated/datatransform/ra_model_pegaaccel_task_buildapplication_pzapplyadvancedsettings_1587587435.java,ra_model_pegaaccel_task_buildapplication_pzapplyadvancedsettings_1587587435.java,pegaaccel task buildapplication pzapplyadvancedsettings
datatransform,com/pegarules/generated/datatransform/ra_model_pega_ext_expexplorer_interfaces_pydefault__1703910683.java,ra_model_pega_ext_expexplorer_interfaces_pydefault__1703910683.java,pega ext expexplorer interfaces pydefault
datatransform,com/pegarules/generated/datatransform/ra_model_work_channel_triage_email_pzpopulatecolumnnames__2113950562.java,ra_model_work_channel_triage_email_pzpopulatecolumnnames__2113950562.java,work channel triage email pzpopulatecolumnnames
datatransform,com/pegarules/generated/datatransform/ra_model__baseclass_pylightweightexemptions_676238350.java,ra_model__baseclass_pylightweightexemptions_676238350.java,baseclass pylightweightexemptions
datatransform,com/pegarules/generated/datatransform/ra_model_pegaaccel_task_buildapplication_pzbuildapplicationdefaults__1122481518.java,ra_model_pegaaccel_task_buildapplication_pzbuildapplicationdefaults__1122481518.java,pegaaccel task buildapplication pzbuildapplicationdefaults
datatransform,com/pegarules/generated/datatransform/ra_model_rule_application_pzsetdxapi__380693627.java,ra_model_rule_application_pzsetdxapi__380693627.java,rule application pzsetdxapi
datatransform,com/pegarules/generated/datatransform/ra_model_data_admin_toggle_pzsetwhenruledetails_615337168.java,ra_model_data_admin_toggle_pzsetwhenruledetails_615337168.java,data admin toggle pzsetwhenruledetails
datatransform,com/pegarules/generated/datatransform/ra_model_pega_fields_complex_page_address_pysetdefaultfields_580909677.java,ra_model_pega_fields_complex_page_address_pysetdefaultfields_580909677.java,pega fields complex page address pysetdefaultfields
datatransform,com/pegarules/generated/datatransform/ra_model_rule_obj_class_pzsetdocumentkey__973868102.java,ra_model_rule_obj_class_pzsetdocumentkey__973868102.java,rule obj class pzsetdocumentkey
datatransform,com/pegarules/generated/datatransform/ra_model__baseclass_pydisplaypalettesetcontext_840227529.java,ra_model__baseclass_pydisplaypalettesetcontext_840227529.java,baseclass pydisplaypalettesetcontext
datatransform,com/pegarules/generated/datatransform/ra_model_pega_fields_scalar_text_userreference_pysetdefaultfields__170233086.java,ra_model_pega_fields_scalar_text_userreference_pysetdefaultfields__170233086.java,pega fields scalar text userreference pysetdefaultfields
listview,com/pegarules/generated/listview/ra_stream_pzbrowseoperators_all_af5853329360f650db712ae1de2848f3.java,ra_stream_pzbrowseoperators_all_af5853329360f650db712ae1de2848f3.java,pzbrowseoperators all
listview,com/pegarules/generated/listview/ra_stream_delete_ruleset_report_all_3a524389a164a15ccbc3a2ec53b584a3.java,ra_stream_delete_ruleset_report_all_3a524389a164a15ccbc3a2ec53b584a3.java,delete ruleset report all
policycondition,com/pegarules/generated/policycondition/ra_action_pycanaccess_d85b4c2acce799849097a2f59d4c7887.java,ra_action_pycanaccess_d85b4c2acce799849097a2f59d4c7887.java,pycanaccess
html_paragraph,com/pegarules/generated/html_paragraph/ra_stream_pxrulebasecomparedescription_ec3a87b2ed615a38b21f3b74204c3f89.java,ra_stream_pxrulebasecomparedescription_ec3a87b2ed615a38b21f3b74204c3f89.java,pxrulebasecomparedescription
html_paragraph,com/pegarules/generated/html_paragraph/ra_stream_pxsearchreplacestringdescription_a426751fbaa68d2f3658ee0161a5c515.java,ra_stream_pxsearchreplacestringdescription_a426751fbaa68d2f3658ee0161a5c515.java,pxsearchreplacestringdescription
html_paragraph,com/pegarules/generated/html_paragraph/ra_stream_pxdeleteaclassdescription_f1d6d5c0ce9f9d07281a07a6b9b506c8.java,ra_stream_pxdeleteaclassdescription_f1d6d5c0ce9f9d07281a07a6b9b506c8.java,pxdeleteaclassdescription
html_paragraph,com/pegarules/generated/html_paragraph/ra_stream_pxrenameaclassdescription_7b898a29e21920ba1684f86bdad8cae2.java,ra_stream_pxrenameaclassdescription_7b898a29e21920ba1684f86bdad8cae2.java,pxrenameaclassdescription
html_paragraph,com/pegarules/generated/html_paragraph/ra_stream_pzabouthelp_d91087e6a4a63f35e02870dd5ac621d6.java,ra_stream_pzabouthelp_d91087e6a4a63f35e02870dd5ac621d6.java,pzabouthelp
html_paragraph,com/pegarules/generated/html_paragraph/ra_stream_pxcopymergerulesetdescription_f46f024ccceca706f92314218f5f1145.java,ra_stream_pxcopymergerulesetdescription_f46f024ccceca706f92314218f5f1145.java,pxcopymergerulesetdescription
html_paragraph,com/pegarules/generated/html_paragraph/ra_stream_pxrefactorrulesutilities_41de5211ae71beec45fd959323c6c782.java,ra_stream_pxrefactorrulesutilities_41de5211ae71beec45fd959323c6c782.java,pxrefactorrulesutilities
html_paragraph,com/pegarules/generated/html_paragraph/ra_stream_pzsrclockupdateinfo_1b6a3708dca58956d1cc8fbb5d71933f.java,ra_stream_pzsrclockupdateinfo_1b6a3708dca58956d1cc8fbb5d71933f.java,pzsrclockupdateinfo
html_paragraph,com/pegarules/generated/html_paragraph/ra_stream_pyselectthemedesc_8f8483923edb0f1899d10ea2704fce2c.java,ra_stream_pyselectthemedesc_8f8483923edb0f1899d10ea2704fce2c.java,pyselectthemedesc
html_paragraph,com/pegarules/generated/html_paragraph/ra_stream_pzsrcinformation_260fa80e662b0351f550f16f88683799.java,ra_stream_pzsrcinformation_260fa80e662b0351f550f16f88683799.java,pzsrcinformation
html_paragraph,com/pegarules/generated/html_paragraph/ra_stream_pzcomparerulesdescription_c47c696db587a7c06bd62602afd4acec.java,ra_stream_pzcomparerulesdescription_c47c696db587a7c06bd62602afd4acec.java,pzcomparerulesdescription
html_paragraph,com/pegarules/generated/html_paragraph/ra_stream_pxrefactorclassutilities_7be750f9481ed3c6cee654d2642b595e.java,ra_stream_pxrefactorclassutilities_7be750f9481ed3c6cee654d2642b595e.java,pxrefactorclassutilities
html_paragraph,com/pegarules/generated/html_paragraph/ra_stream_pxrefactorrulesetsutilities_368f3a9353c8584a32e519ddbe30aa44.java,ra_stream_pxrefactorrulesetsutilities_368f3a9353c8584a32e519ddbe30aa44.java,pxrefactorrulesetsutilities
html_paragraph,com/pegarules/generated/html_paragraph/ra_stream_pztoggledescription_d87308535c9b2d3a0269f8979cb58239.java,ra_stream_pztoggledescription_d87308535c9b2d3a0269f8979cb58239.java,pztoggledescription
html_paragraph,com/pegarules/generated/html_paragraph/ra_stream_pzclasscannothaveinstances_57cf898f9655342243066f115c0fc95e.java,ra_stream_pzclasscannothaveinstances_57cf898f9655342243066f115c0fc95e.java,pzclasscannothaveinstances
html_paragraph,com/pegarules/generated/html_paragraph/ra_stream_pxdeletearulesetdescription_cf6ec63db9ab6276ef67b2efc643cbbc.java,ra_stream_pxdeletearulesetdescription_cf6ec63db9ab6276ef67b2efc643cbbc.java,pxdeletearulesetdescription
html_paragraph,com/pegarules/generated/html_paragraph/ra_stream_pxskimarulesetdescription_afcfc5c9cf7d8a88e15750845cfbb93b.java,ra_stream_pxskimarulesetdescription_afcfc5c9cf7d8a88e15750845cfbb93b.java,pxskimarulesetdescription
definition,com/pegarules/generated/definition/ra_action_pzgettotalrulecount_798027c68d8e7860ef61004e2183f36f.java,ra_action_pzgettotalrulecount_798027c68d8e7860ef61004e2183f36f.java,pzgettotalrulecount
definition,com/pegarules/generated/definition/ra_action_pzruleversions_f97840506ebd849c74aabcb32a282a7e.java,ra_action_pzruleversions_f97840506ebd849c74aabcb32a282a7e.java,pzruleversions
definition,com/pegarules/generated/definition/ra_action_pygetfollowedbyusers_53e417b94047f3eb57d7c251b9d85760.java,ra_action_pygetfollowedbyusers_53e417b94047f3eb57d7c251b9d85760.java,pygetfollowedbyusers
definition,com/pegarules/generated/definition/ra_action_pyfetchdistinctmodels_4380b0801a1d675a10e0651c56ab6706.java,ra_action_pyfetchdistinctmodels_4380b0801a1d675a10e0651c56ab6706.java,pyfetchdistinctmodels
definition,com/pegarules/generated/definition/ra_action_pyskinrulesforscreencapture_c23c7b550f71a018ee0664b84e5053b6.java,ra_action_pyskinrulesforscreencapture_c23c7b550f71a018ee0664b84e5053b6.java,pyskinrulesforscreencapture
definition,com/pegarules/generated/definition/ra_action_pxadduserstoapplicationsearch_6fe40fe952b3ac71e495248ac9b9a156.java,ra_action_pxadduserstoapplicationsearch_6fe40fe952b3ac71e495248ac9b9a156.java,pxadduserstoapplicationsearch
definition,com/pegarules/generated/definition/ra_action_pzgetdelegationinstances_0f2ebe649e6494754f2818debf282ab0.java,ra_action_pzgetdelegationinstances_0f2ebe649e6494754f2818debf282ab0.java,pzgetdelegationinstances
definition,com/pegarules/generated/definition/ra_action_pzdevicepreview_devicelist_tablets_97844fe28b8ded3d4b8389736c6eae84.java,ra_action_pzdevicepreview_devicelist_tablets_97844fe28b8ded3d4b8389736c6eae84.java,pzdevicepreview devicelist tablets
definition,com/pegarules/generated/definition/ra_action_pxloadrelevantrecords_87002c2bae67fdcb11102b479c4a984b.java,ra_action_pxloadrelevantrecords_87002c2bae67fdcb11102b479c4a984b.java,pxloadrelevantrecords
definition,com/pegarules/generated/definition/ra_action_pydefaultreport_2933f746e7ce6e466f7561ec260bac20.java,ra_action_pydefaultreport_2933f746e7ce6e466f7561ec260bac20.java,pydefaultreport
definition,com/pegarules/generated/definition/ra_action_pzgetorphantags_f65c8645ef876bb524bad1689ff2225e.java,ra_action_pzgetorphantags_f65c8645ef876bb524bad1689ff2225e.java,pzgetorphantags
definition,com/pegarules/generated/definition/ra_action_pzinstancelistfiltered_488d2f83631e1ffe8ef929d2dd2b48f1.java,ra_action_pzinstancelistfiltered_488d2f83631e1ffe8ef929d2dd2b48f1.java,pzinstancelistfiltered
definition,com/pegarules/generated/definition/ra_action_pzgetmobileapplications_531d470f878c1c21f1cb5e93923079a9.java,ra_action_pzgetmobileapplications_531d470f878c1c21f1cb5e93923079a9.java,pzgetmobileapplications
definition,com/pegarules/generated/definition/ra_action_pzfindallmatchingshortcuts_2808dd1906cdfd587f952af6cac2309d.java,ra_action_pzfindallmatchingshortcuts_2808dd1906cdfd587f952af6cac2309d.java,pzfindallmatchingshortcuts
definition,com/pegarules/generated/definition/ra_action_pxloadrelevantrecords_285dfc3c0ae2b0a4f8d70d9ada7a19c6.java,ra_action_pxloadrelevantrecords_285dfc3c0ae2b0a4f8d70d9ada7a19c6.java,pxloadrelevantrecords
definition,com/pegarules/generated/definition/ra_action_pyoperatorsbyworkgroup_0af00e5db9d757912fed6787403da93b.java,ra_action_pyoperatorsbyworkgroup_0af00e5db9d757912fed6787403da93b.java,pyoperatorsbyworkgroup
definition,com/pegarules/generated/definition/ra_action_pyinstancelist_f8a48e9145ccfac600e7b4b41aa8f193.java,ra_action_pyinstancelist_f8a48e9145ccfac600e7b4b41aa8f193.java,pyinstancelist
definition,com/pegarules/generated/definition/ra_action_pygetcategoryitems_0000fdf22659d1d0c46b52e74947bd4a.java,ra_action_pygetcategoryitems_0000fdf22659d1d0c46b52e74947bd4a.java,pygetcategoryitems
definition,com/pegarules/generated/definition/ra_action_pylistallpredictions_c4887824509c965b0b46921deae255b6.java,ra_action_pylistallpredictions_c4887824509c965b0b46921deae255b6.java,pylistallpredictions
definition,com/pegarules/generated/definition/ra_action_pzgetcurrentapprequirementscount_f84d8ff73e419d20f1dc054b0e989eee.java,ra_action_pzgetcurrentapprequirementscount_f84d8ff73e419d20f1dc054b0e989eee.java,pzgetcurrentapprequirementscount
definition,com/pegarules/generated/definition/ra_action_pzaccessgroupsbyapplication_deb8e14525bc0671aa221352f15ee199.java,ra_action_pzaccessgroupsbyapplication_deb8e14525bc0671aa221352f15ee199.java,pzaccessgroupsbyapplication
definition,com/pegarules/generated/definition/ra_action_pzgetframeworkhelp_9574edef7b2a6d5150c2f78ff96048d9.java,ra_action_pzgetframeworkhelp_9574edef7b2a6d5150c2f78ff96048d9.java,pzgetframeworkhelp
definition,com/pegarules/generated/definition/ra_action_pyworklistall_b122964271bd713acd2448981860fc37.java,ra_action_pyworklistall_b122964271bd713acd2448981860fc37.java,pyworklistall
definition,com/pegarules/generated/definition/ra_action_pzgetrulesbyinsidinancestrypath_280e7deca526f998bec51f14607e312a.java,ra_action_pzgetrulesbyinsidinancestrypath_280e7deca526f998bec51f14607e312a.java,pzgetrulesbyinsidinancestrypath
definition,com/pegarules/generated/definition/ra_action_pzfetchaccessgroupsbyapplication_eb0703c7265a5dac679c7aa1957205e3.java,ra_action_pzfetchaccessgroupsbyapplication_eb0703c7265a5dac679c7aa1957205e3.java,pzfetchaccessgroupsbyapplication
definition,com/pegarules/generated/definition/ra_action_pzgetmessageskeys_97bc153a8133e012a17fa72ee1e886ec.java,ra_action_pzgetmessageskeys_97bc153a8133e012a17fa72ee1e886ec.java,pzgetmessageskeys
definition,com/pegarules/generated/definition/ra_action_pzpostswithreplies_cd34d3e4b5201741316003f280fc7878.java,ra_action_pzpostswithreplies_cd34d3e4b5201741316003f280fc7878.java,pzpostswithreplies
definition,com/pegarules/generated/definition/ra_action_pxgetrulesbyrecordtypeandclassname_d3f13ec37910ba9ccc49aefa3bedd9fc.java,ra_action_pxgetrulesbyrecordtypeandclassname_d3f13ec37910ba9ccc49aefa3bedd9fc.java,pxgetrulesbyrecordtypeandclassname
definition,com/pegarules/generated/definition/ra_action_pzpersonaavatars_f5bacc575d42429e3e9a0ca2c10b8b0a.java,ra_action_pzpersonaavatars_f5bacc575d42429e3e9a0ca2c10b8b0a.java,pzpersonaavatars
definition,com/pegarules/generated/definition/ra_action_pzgetthemelist_41ed6e303bb54182ab86d6d48ec57bab.java,ra_action_pzgetthemelist_41ed6e303bb54182ab86d6d48ec57bab.java,pzgetthemelist
definition,com/pegarules/generated/definition/ra_action_pzexplorerclasslist_89723f12d9d95debdf83774274bf27d0.java,ra_action_pzexplorerclasslist_89723f12d9d95debdf83774274bf27d0.java,pzexplorerclasslist
definition,com/pegarules/generated/definition/ra_action_pxworkcoversincurrentapplicationonly_665911179a91a37f905ca8ba43358d26.java,ra_action_pxworkcoversincurrentapplicationonly_665911179a91a37f905ca8ba43358d26.java,pxworkcoversincurrentapplicationonly
definition,com/pegarules/generated/definition/ra_action_pygettasks_4b9c63bcdf22854f4791a32aefdfe87b.java,ra_action_pygettasks_4b9c63bcdf22854f4791a32aefdfe87b.java,pygettasks
definition,com/pegarules/generated/definition/ra_action_pzpagepropertiesinclass_cb3c749068f084be0ddc1a142b0bf1a2.java,ra_action_pzpagepropertiesinclass_cb3c749068f084be0ddc1a142b0bf1a2.java,pzpagepropertiesinclass
definition,com/pegarules/generated/definition/ra_action_pyfeeduserdetails_2bd488ec7b78c6c7dae0c6a841c87b73.java,ra_action_pyfeeduserdetails_2bd488ec7b78c6c7dae0c6a841c87b73.java,pyfeeduserdetails
definition,com/pegarules/generated/definition/ra_action_pycountbystage_608e373ddfdad71125657f5f67f79b09.java,ra_action_pycountbystage_608e373ddfdad71125657f5f67f79b09.java,pycountbystage
definition,com/pegarules/generated/definition/ra_action_pzgetservicepkgsforapp_84c717c41bfb22c230766f5da472649e.java,ra_action_pzgetservicepkgsforapp_84c717c41bfb22c230766f5da472649e.java,pzgetservicepkgsforapp
definition,com/pegarules/generated/definition/ra_action_pzgetappguideslist_d49902ee9b9af4591f355577f349c00f.java,ra_action_pzgetappguideslist_d49902ee9b9af4591f355577f349c00f.java,pzgetappguideslist
definition,com/pegarules/generated/definition/ra_action_pzretrieveguardrailevaluationsolderthan_7a3a46dfbf24d634edd204f543a168c6.java,ra_action_pzretrieveguardrailevaluationsolderthan_7a3a46dfbf24d634edd204f543a168c6.java,pzretrieveguardrailevaluationsolderthan
definition,com/pegarules/generated/definition/ra_action_pxguardrailsummarybyapp_091cab446b12efb264fcc5a0ab0e061e.java,ra_action_pxguardrailsummarybyapp_091cab446b12efb264fcc5a0ab0e061e.java,pxguardrailsummarybyapp
definition,com/pegarules/generated/definition/ra_action_pxloadrelevantrecords_4829e704a1ea3a3327547353828eac3d.java,ra_action_pxloadrelevantrecords_4829e704a1ea3a3327547353828eac3d.java,pxloadrelevantrecords
definition,com/pegarules/generated/definition/ra_action_pxloadrelevantrecords_692cb84196417643fb968ce27324624a.java,ra_action_pxloadrelevantrecords_692cb84196417643fb968ce27324624a.java,pxloadrelevantrecords
definition,com/pegarules/generated/definition/ra_action_pyretrieveactivityposts_06902c9020e3036cd23041aeee86cdaa.java,ra_action_pyretrieveactivityposts_06902c9020e3036cd23041aeee86cdaa.java,pyretrieveactivityposts
definition,com/pegarules/generated/definition/ra_action_pxgetrulesbyrecordtypeandclassname_b3f9d77090baa4880f1b416e36df24c2.java,ra_action_pxgetrulesbyrecordtypeandclassname_b3f9d77090baa4880f1b416e36df24c2.java,pxgetrulesbyrecordtypeandclassname
definition,com/pegarules/generated/definition/ra_action_pzgetcurrentappspecscount_959dfabdaa186c5c7c7fee68fbb31814.java,ra_action_pzgetcurrentappspecscount_959dfabdaa186c5c7c7fee68fbb31814.java,pzgetcurrentappspecscount
definition,com/pegarules/generated/definition/ra_action_pzgetagents_a3e6190a296be4a15623f9fc25185dde.java,ra_action_pzgetagents_a3e6190a296be4a15623f9fc25185dde.java,pzgetagents
definition,com/pegarules/generated/definition/ra_action_pzgetallruleuicomponentkeys_6c607baccd3ad5e45e1ff0fa0e13f08b.java,ra_action_pzgetallruleuicomponentkeys_6c607baccd3ad5e45e1ff0fa0e13f08b.java,pzgetallruleuicomponentkeys
definition,com/pegarules/generated/definition/ra_action_pzfetchapplicationlogo_d8a43d2cd35f99a74cedae84472e5aed.java,ra_action_pzfetchapplicationlogo_d8a43d2cd35f99a74cedae84472e5aed.java,pzfetchapplicationlogo
definition,com/pegarules/generated/definition/ra_action_pzlistofapplicationtemplates_c0cce8669bd99a2ee2a310cb99488482.java,ra_action_pzlistofapplicationtemplates_c0cce8669bd99a2ee2a310cb99488482.java,pzlistofapplicationtemplates
definition,com/pegarules/generated/definition/ra_action_pyfollowedcases_11f2ce473462fda06624d5f584d84ba7.java,ra_action_pyfollowedcases_11f2ce473462fda06624d5f584d84ba7.java,pyfollowedcases
definition,com/pegarules/generated/definition/ra_action_pzgetfeaturelist_aab7b0192ed4e79c261fc6307e20f6de.java,ra_action_pzgetfeaturelist_aab7b0192ed4e79c261fc6307e20f6de.java,pzgetfeaturelist
definition,com/pegarules/generated/definition/ra_action_pzrecentlyupdatedlogcategories_ec676c53fba66c99cbea128b11f66ced.java,ra_action_pzrecentlyupdatedlogcategories_ec676c53fba66c99cbea128b11f66ced.java,pzrecentlyupdatedlogcategories
definition,com/pegarules/generated/definition/ra_action_pzgetdataobjectsofapp_d56ae17286732694091c063b1dfe1573.java,ra_action_pzgetdataobjectsofapp_d56ae17286732694091c063b1dfe1573.java,pzgetdataobjectsofapp
definition,com/pegarules/generated/definition/ra_action_pyfetchdistinctmodelid_1d59c11c0e5ed3a01a857f45f081e7d6.java,ra_action_pyfetchdistinctmodelid_1d59c11c0e5ed3a01a857f45f081e7d6.java,pyfetchdistinctmodelid
definition,com/pegarules/generated/definition/ra_action_pzrbshortcutsbycategory_7e13dbafa14800a2111ddf139a84fd41.java,ra_action_pzrbshortcutsbycategory_7e13dbafa14800a2111ddf139a84fd41.java,pzrbshortcutsbycategory
definition,com/pegarules/generated/definition/ra_action_pyfollowedcases_c1621f2b936fd2a2548c0b403713a2ed.java,ra_action_pyfollowedcases_c1621f2b936fd2a2548c0b403713a2ed.java,pyfollowedcases
definition,com/pegarules/generated/definition/ra_action_pxgetoperatorworkgroups_c2d7c7f8348bb83c0b2fe4e40f3f4de8.java,ra_action_pxgetoperatorworkgroups_c2d7c7f8348bb83c0b2fe4e40f3f4de8.java,pxgetoperatorworkgroups
definition,com/pegarules/generated/definition/ra_action_pyworkbasketassignmentsdefinition_08a9c85ffd09d892c38bc5078c271c45.java,ra_action_pyworkbasketassignmentsdefinition_08a9c85ffd09d892c38bc5078c271c45.java,pyworkbasketassignmentsdefinition
definition,com/pegarules/generated/definition/ra_action_pzlogserviceemailerrors_604262424940908d5049dd91b87e10cf.java,ra_action_pzlogserviceemailerrors_604262424940908d5049dd91b87e10cf.java,pzlogserviceemailerrors
definition,com/pegarules/generated/definition/ra_action_pzgetexistingdpswithgivenname_c5f2af05ce768ff5512a0902e964d4db.java,ra_action_pzgetexistingdpswithgivenname_c5f2af05ce768ff5512a0902e964d4db.java,pzgetexistingdpswithgivenname
definition,com/pegarules/generated/definition/ra_action_pzoperatorsbyworkgroup_2bfa3714e1c5e2585b7f07b2eb06ad65.java,ra_action_pzoperatorsbyworkgroup_2bfa3714e1c5e2585b7f07b2eb06ad65.java,pzoperatorsbyworkgroup
definition,com/pegarules/generated/definition/ra_action_pzgetassetsbyfeature_6d98b4668cc966e17307714c3dc9cabf.java,ra_action_pzgetassetsbyfeature_6d98b4668cc966e17307714c3dc9cabf.java,pzgetassetsbyfeature
definition,com/pegarules/generated/definition/ra_action_pzpostsbycontext_221148e9f8222032587952582fb4ff90.java,ra_action_pzpostsbycontext_221148e9f8222032587952582fb4ff90.java,pzpostsbycontext
definition,com/pegarules/generated/definition/ra_action_pzgetpageandlistpropertiesforclass_759c604e925f92c4e8ca913fe8d9bd11.java,ra_action_pzgetpageandlistpropertiesforclass_759c604e925f92c4e8ca913fe8d9bd11.java,pzgetpageandlistpropertiesforclass
definition,com/pegarules/generated/definition/ra_action_pygetassociations_399145b0ba526583a5aa7a12269b7afa.java,ra_action_pygetassociations_399145b0ba526583a5aa7a12269b7afa.java,pygetassociations
definition,com/pegarules/generated/definition/ra_action_pzgetappguideswo_1ab32486d6567db579e549a3babdae4c.java,ra_action_pzgetappguideswo_1ab32486d6567db579e549a3babdae4c.java,pzgetappguideswo
definition,com/pegarules/generated/definition/ra_action_pzlistallportals_4a319c87c5cb4f06b3d874385e7254fc.java,ra_action_pzlistallportals_4a319c87c5cb4f06b3d874385e7254fc.java,pzlistallportals
definition,com/pegarules/generated/definition/ra_action_pymygroups_51e07a67160804e2d4fa6f0c75ddb45b.java,ra_action_pymygroups_51e07a67160804e2d4fa6f0c75ddb45b.java,pymygroups
definition,com/pegarules/generated/definition/ra_action_pygetpredictionslist_efac314208de667d162ac2e7ade3cd7a.java,ra_action_pygetpredictionslist_efac314208de667d162ac2e7ade3cd7a.java,pygetpredictionslist
definition,com/pegarules/generated/definition/ra_action_pzretrieveaccessgroups_9a806504f0eac34130e553a7904e57d7.java,ra_action_pzretrieveaccessgroups_9a806504f0eac34130e553a7904e57d7.java,pzretrieveaccessgroups
definition,com/pegarules/generated/definition/ra_action_pzorgdivisionsfororg_c3b9558d91acc16848aeaa4b9e3759d4.java,ra_action_pzorgdivisionsfororg_c3b9558d91acc16848aeaa4b9e3759d4.java,pzorgdivisionsfororg
definition,com/pegarules/generated/definition/ra_action_pxloadrelevantrecords_538c8deef07685ef60b9bc1f4f0c4c73.java,ra_action_pxloadrelevantrecords_538c8deef07685ef60b9bc1f4f0c4c73.java,pxloadrelevantrecords
definition,com/pegarules/generated/definition/ra_action_pzgetappruletypesnopegadeveloper_3c6f246b20d1cee5a46f5d6f5418eb9e.java,ra_action_pzgetappruletypesnopegadeveloper_3c6f246b20d1cee5a46f5d6f5418eb9e.java,pzgetappruletypesnopegadeveloper
definition,com/pegarules/generated/definition/ra_action_pzpurgeguardrailscompliance_315ceda5aff6f0236e6a9edcd44962fc.java,ra_action_pzpurgeguardrailscompliance_315ceda5aff6f0236e6a9edcd44962fc.java,pzpurgeguardrailscompliance
definition,com/pegarules/generated/definition/ra_action_pzgetlinkedtestcases_6458648820ef6da2f344bdd1a5ccb8cb.java,ra_action_pzgetlinkedtestcases_6458648820ef6da2f344bdd1a5ccb8cb.java,pzgetlinkedtestcases
definition,com/pegarules/generated/definition/ra_action_pyinstancelist_a61f9d21015623ca1814d9c15873cf56.java,ra_action_pyinstancelist_a61f9d21015623ca1814d9c15873cf56.java,pyinstancelist
definition,com/pegarules/generated/definition/ra_action_pzgetapprulesnopegadeveloper_247132426a2b6e85e029231dcfc266e3.java,ra_action_pzgetapprulesnopegadeveloper_247132426a2b6e85e029231dcfc266e3.java,pzgetapprulesnopegadeveloper
definition,com/pegarules/generated/definition/ra_action_pzgetdpswithsamename_a64ed68d9503170279fbc2ab2c1c5006.java,ra_action_pzgetdpswithsamename_a64ed68d9503170279fbc2ab2c1c5006.java,pzgetdpswithsamename
definition,com/pegarules/generated/definition/ra_action_pzrballcategories_215f6555003050da10a3c2aa69d244ac.java,ra_action_pzrballcategories_215f6555003050da10a3c2aa69d244ac.java,pzrballcategories
definition,com/pegarules/generated/definition/ra_action_pydirectreports_d018984d26e407f764457b5e57fc8d6e.java,ra_action_pydirectreports_d018984d26e407f764457b5e57fc8d6e.java,pydirectreports
definition,com/pegarules/generated/definition/ra_action_pygetnotificationsforcontext_580b41961b05455ba06042c511a6d867.java,ra_action_pygetnotificationsforcontext_580b41961b05455ba06042c511a6d867.java,pygetnotificationsforcontext
definition,com/pegarules/generated/definition/ra_action_pxloadpagetypeviewsforapplicationuiclass_ad0f6a1acc52146e3171458eb1b36e93.java,ra_action_pxloadpagetypeviewsforapplicationuiclass_ad0f6a1acc52146e3171458eb1b36e93.java,pxloadpagetypeviewsforapplicationuiclass
definition,com/pegarules/generated/definition/ra_action_pzwarningsintroduced_392268c16ce8d033d8f29c284a4c534e.java,ra_action_pzwarningsintroduced_392268c16ce8d033d8f29c284a4c534e.java,pzwarningsintroduced
definition,com/pegarules/generated/definition/ra_action_pyavailableworkstatus_bf7db5a1c57b25a94a904f6978aaee8c.java,ra_action_pyavailableworkstatus_bf7db5a1c57b25a94a904f6978aaee8c.java,pyavailableworkstatus
definition,com/pegarules/generated/definition/ra_action_pzgettotalcheckedoutrulecount_206ef0bd48dba7bb2ffbac59207da0d0.java,ra_action_pzgettotalcheckedoutrulecount_206ef0bd48dba7bb2ffbac59207da0d0.java,pzgettotalcheckedoutrulecount
definition,com/pegarules/generated/definition/ra_action_pygetallfollowedcases_737697f5c2074c6dc77625f6993a4720.java,ra_action_pygetallfollowedcases_737697f5c2074c6dc77625f6993a4720.java,pygetallfollowedcases
definition,com/pegarules/generated/definition/ra_action_pxworkcoversincurrentapplication_2cfc77f5af65e14eccd17d1c2e522491.java,ra_action_pxworkcoversincurrentapplication_2cfc77f5af65e14eccd17d1c2e522491.java,pxworkcoversincurrentapplication
definition,com/pegarules/generated/definition/ra_action_pzpersonas_fa795a11d8065ee7840c57f723b75491.java,ra_action_pzpersonas_fa795a11d8065ee7840c57f723b75491.java,pzpersonas
definition,com/pegarules/generated/definition/ra_action_pygetassociatedtags_b73081d6d55fb122741ad174b071d844.java,ra_action_pygetassociatedtags_b73081d6d55fb122741ad174b071d844.java,pygetassociatedtags
definition,com/pegarules/generated/definition/ra_action_pzworkbookmarks_92424d167312289a67909b1206ac4aeb.java,ra_action_pzworkbookmarks_92424d167312289a67909b1206ac4aeb.java,pzworkbookmarks
definition,com/pegarules/generated/definition/ra_action_pzgetappcategoriesnonpegadeveloper_c174ea2a8fefa5e3675fcde1d0f490d0.java,ra_action_pzgetappcategoriesnonpegadeveloper_c174ea2a8fefa5e3675fcde1d0f490d0.java,pzgetappcategoriesnonpegadeveloper
definition,com/pegarules/generated/definition/ra_action_pzgetmentioneduserposts_c758b9b22da038dd5337b8f665e9643d.java,ra_action_pzgetmentioneduserposts_c758b9b22da038dd5337b8f665e9643d.java,pzgetmentioneduserposts
definition,com/pegarules/generated/definition/ra_action_pzretrieveguardrailevaluationsfornonexistingrules_c6da988c7efb25d61f390e20ea7ef758.java,ra_action_pzretrieveguardrailevaluationsfornonexistingrules_c6da988c7efb25d61f390e20ea7ef758.java,pzretrieveguardrailevaluationsfornonexistingrules
definition,com/pegarules/generated/definition/ra_action_pyretrievebookmarkposts_0e711fe56a3b7fa75ede924092249634.java,ra_action_pyretrievebookmarkposts_0e711fe56a3b7fa75ede924092249634.java,pyretrievebookmarkposts
definition,com/pegarules/generated/definition/ra_action_pzgetrecentstopurge_380236ce77b985e16b84ffb7add541c7.java,ra_action_pzgetrecentstopurge_380236ce77b985e16b84ffb7add541c7.java,pzgetrecentstopurge
definition,com/pegarules/generated/definition/ra_action_pzgethistoricspecificationsdatatobepurged_1f9e4289d1fbdf8201fe64ac75459f63.java,ra_action_pzgethistoricspecificationsdatatobepurged_1f9e4289d1fbdf8201fe64ac75459f63.java,pzgethistoricspecificationsdatatobepurged
definition,com/pegarules/generated/definition/ra_action_pyworkbasketsinmyworkgroup_3777d897b5ab8b45936f38b14fce3bea.java,ra_action_pyworkbasketsinmyworkgroup_3777d897b5ab8b45936f38b14fce3bea.java,pyworkbasketsinmyworkgroup
definition,com/pegarules/generated/definition/ra_action_pzloadpatternclasscandidates_4f10c4a22f88ca1b048b68236838e997.java,ra_action_pzloadpatternclasscandidates_4f10c4a22f88ca1b048b68236838e997.java,pzloadpatternclasscandidates
definition,com/pegarules/generated/definition/ra_action_pygetcontextposts_43a5f6d3bf146827581d568c997c65a5.java,ra_action_pygetcontextposts_43a5f6d3bf146827581d568c997c65a5.java,pygetcontextposts
definition,com/pegarules/generated/definition/ra_action_pygetfollowuserscount_a8c029fac8d00c081a44634908518f68.java,ra_action_pygetfollowuserscount_a8c029fac8d00c081a44634908518f68.java,pygetfollowuserscount
definition,com/pegarules/generated/definition/ra_action_pzorganizationlisting_298a0de64e3aee3e23644469423a8a88.java,ra_action_pzorganizationlisting_298a0de64e3aee3e23644469423a8a88.java,pzorganizationlisting
definition,com/pegarules/generated/definition/ra_action_pxgetrulesbyrecordtypeandclassname_b3ec834faadb8539d3802b8e75e2fb1b.java,ra_action_pxgetrulesbyrecordtypeandclassname_b3ec834faadb8539d3802b8e75e2fb1b.java,pxgetrulesbyrecordtypeandclassname
definition,com/pegarules/generated/definition/ra_action_pzgetappclassesforpatterninheritance_274816946c4cf52e17bf54d7d1d57f8f.java,ra_action_pzgetappclassesforpatterninheritance_274816946c4cf52e17bf54d7d1d57f8f.java,pzgetappclassesforpatterninheritance
definition,com/pegarules/generated/definition/ra_action_pygetnotificationscountforoperator_f466a9f7a36330dd4b23f1c7be09ce07.java,ra_action_pygetnotificationscountforoperator_f466a9f7a36330dd4b23f1c7be09ce07.java,pygetnotificationscountforoperator
definition,com/pegarules/generated/definition/ra_action_pzgetrelevantpropertiesfordatatype_4bd3a119ac8b12795ee4588ffd1d4fe7.java,ra_action_pzgetrelevantpropertiesfordatatype_4bd3a119ac8b12795ee4588ffd1d4fe7.java,pzgetrelevantpropertiesfordatatype
definition,com/pegarules/generated/definition/ra_action_pygetdailysnapshotrowsforaggregation_d3ef581744cff6c8575ffed21bf6c9d0.java,ra_action_pygetdailysnapshotrowsforaggregation_d3ef581744cff6c8575ffed21bf6c9d0.java,pygetdailysnapshotrowsforaggregation
definition,com/pegarules/generated/definition/ra_action_pzgetcollaborators_35d80dbcb349c39fedbf83c8dafe3659.java,ra_action_pzgetcollaborators_35d80dbcb349c39fedbf83c8dafe3659.java,pzgetcollaborators
definition,com/pegarules/generated/definition/ra_action_pzgetdeclarepagesforclass_da2f854e2890b177cf9f8a5692de0627.java,ra_action_pzgetdeclarepagesforclass_da2f854e2890b177cf9f8a5692de0627.java,pzgetdeclarepagesforclass
definition,com/pegarules/generated/definition/ra_action_pzcollaborationsettings_9760e697aac0096b59910c9957971282.java,ra_action_pzcollaborationsettings_9760e697aac0096b59910c9957971282.java,pzcollaborationsettings
definition,com/pegarules/generated/definition/ra_action_pxloadrelevantrecords_9727d7f35a4d00760332b5f64a00ab44.java,ra_action_pxloadrelevantrecords_9727d7f35a4d00760332b5f64a00ab44.java,pxloadrelevantrecords
definition,com/pegarules/generated/definition/ra_action_pzgetrecentstopurge_e0e86da03c41af7dd714a1ee275f8832.java,ra_action_pzgetrecentstopurge_e0e86da03c41af7dd714a1ee275f8832.java,pzgetrecentstopurge
definition,com/pegarules/generated/definition/ra_action_pyworklistassignmentsdefinition_2a3fcb3f9d03dced3eabf603f29801e4.java,ra_action_pyworklistassignmentsdefinition_2a3fcb3f9d03dced3eabf603f29801e4.java,pyworklistassignmentsdefinition
definition,com/pegarules/generated/definition/ra_action_pzgetpersonadetails_ae2ce830e35c4148a33591369e053dff.java,ra_action_pzgetpersonadetails_ae2ce830e35c4148a33591369e053dff.java,pzgetpersonadetails
definition,com/pegarules/generated/definition/ra_action_pzdevicepreview_devicelist_phones_74c1164a1c028348021fa8151364885e.java,ra_action_pzdevicepreview_devicelist_phones_74c1164a1c028348021fa8151364885e.java,pzdevicepreview devicelist phones
definition,com/pegarules/generated/definition/ra_action_pzrulesforrulesetversion_a0d04a5cb5dae357f44e9565e0ac16e6.java,ra_action_pzrulesforrulesetversion_a0d04a5cb5dae357f44e9565e0ac16e6.java,pzrulesforrulesetversion
definition,com/pegarules/generated/definition/ra_action_pzgetdatatypesofapp_f1e242f854875f8c9f7d5c910312fad3.java,ra_action_pzgetdatatypesofapp_f1e242f854875f8c9f7d5c910312fad3.java,pzgetdatatypesofapp
definition,com/pegarules/generated/definition/ra_action_pxgetrulesbyrecordtypeandclassname_49815db151a96c4e89b55cbaac1fe00c.java,ra_action_pxgetrulesbyrecordtypeandclassname_49815db151a96c4e89b55cbaac1fe00c.java,pxgetrulesbyrecordtypeandclassname
definition,com/pegarules/generated/definition/ra_action_pzgetassetlist_256fa21cd9f3635e9895860943c2d714.java,ra_action_pzgetassetlist_256fa21cd9f3635e9895860943c2d714.java,pzgetassetlist
definition,com/pegarules/generated/definition/ra_action_pygetcontextposts_ec7b985f37343d3f0bac051c9357b687.java,ra_action_pygetcontextposts_ec7b985f37343d3f0bac051c9357b687.java,pygetcontextposts
definition,com/pegarules/generated/definition/ra_action_pzcountofunlockedrulesetversions_a87fb331b1d917252360218d6557c799.java,ra_action_pzcountofunlockedrulesetversions_a87fb331b1d917252360218d6557c799.java,pzcountofunlockedrulesetversions
definition,com/pegarules/generated/definition/ra_action_pzapplicationrequirementswithoutpegarules_ab70bec59e18cf20e40b96e1db8be89d.java,ra_action_pzapplicationrequirementswithoutpegarules_ab70bec59e18cf20e40b96e1db8be89d.java,pzapplicationrequirementswithoutpegarules
definition,com/pegarules/generated/definition/ra_action_pyuserworklist_37f6e093411e057a33dc7128527fe03b.java,ra_action_pyuserworklist_37f6e093411e057a33dc7128527fe03b.java,pyuserworklist
definition,com/pegarules/generated/definition/ra_action_pygetdocuments_b7181c651c164f1f99e4b68bcef902f2.java,ra_action_pygetdocuments_b7181c651c164f1f99e4b68bcef902f2.java,pygetdocuments
definition,com/pegarules/generated/definition/ra_action_pzapplicationsthatreferencearuleset_762d4c9ec73a5605b38a955b30ca979e.java,ra_action_pzapplicationsthatreferencearuleset_762d4c9ec73a5605b38a955b30ca979e.java,pzapplicationsthatreferencearuleset
definition,com/pegarules/generated/definition/ra_action_pynotificationparams_c7add1747c8b301f3c663326f70718a7.java,ra_action_pynotificationparams_c7add1747c8b301f3c663326f70718a7.java,pynotificationparams
definition,com/pegarules/generated/definition/ra_action_pygetallfollowedadhoccases_31e930a1bf147f17685425a4badfcc38.java,ra_action_pygetallfollowedadhoccases_31e930a1bf147f17685425a4badfcc38.java,pygetallfollowedadhoccases
definition,com/pegarules/generated/definition/ra_action_pzgetfeatureindexes_5556394bfc429884d4de0c756ec4fb3c.java,ra_action_pzgetfeatureindexes_5556394bfc429884d4de0c756ec4fb3c.java,pzgetfeatureindexes
definition,com/pegarules/generated/definition/ra_action_pygetnotificationsforoperator_49b8a11dd37f9edd16e6cc3faffbc824.java,ra_action_pygetnotificationsforoperator_49b8a11dd37f9edd16e6cc3faffbc824.java,pygetnotificationsforoperator
definition,com/pegarules/generated/definition/ra_action_pzflowsthatreferenceaflowaction_92f0654622a0a8775e0cc1b02eac47e2.java,ra_action_pzflowsthatreferenceaflowaction_92f0654622a0a8775e0cc1b02eac47e2.java,pzflowsthatreferenceaflowaction
definition,com/pegarules/generated/definition/ra_action_pzgetdataobjectofdatapage_f68b1794b5713842fba3eeff535e40f1.java,ra_action_pzgetdataobjectofdatapage_f68b1794b5713842fba3eeff535e40f1.java,pzgetdataobjectofdatapage
definition,com/pegarules/generated/definition/ra_action_pzgetoperatorsbyemailaddress_d656de377e531c11e5a90b0a5cdaf0e5.java,ra_action_pzgetoperatorsbyemailaddress_d656de377e531c11e5a90b0a5cdaf0e5.java,pzgetoperatorsbyemailaddress
flowaction,com/pegarules/generated/flowaction/ra_action_pzcreatefeature_ad214838904ecb9057468fb9b5e2a979.java,ra_action_pzcreatefeature_ad214838904ecb9057468fb9b5e2a979.java,pzcreatefeature
flowaction,com/pegarules/generated/flowaction/ra_action_pzcurrentworkselector_9129206e0ec0232f37dd8bd39d4562cc.java,ra_action_pzcurrentworkselector_9129206e0ec0232f37dd8bd39d4562cc.java,pzcurrentworkselector
flowaction,com/pegarules/generated/flowaction/ra_action_pzeditlabel_150eac64e1135398f99385861bd8f1d5.java,ra_action_pzeditlabel_150eac64e1135398f99385861bd8f1d5.java,pzeditlabel
flowaction,com/pegarules/generated/flowaction/ra_stream_pzrundatatransform_0b8663280827ec6c3f602c33c6e1cf02.java,ra_stream_pzrundatatransform_0b8663280827ec6c3f602c33c6e1cf02.java,pzrundatatransform
flowaction,com/pegarules/generated/flowaction/ra_action_pzaddfield_32ecb52c9c5f45aa9f310214162b8658.java,ra_action_pzaddfield_32ecb52c9c5f45aa9f310214162b8658.java,pzaddfield
flowaction,com/pegarules/generated/flowaction/ra_action_pzpreferences_1061e38645d50e1626964eb68a28f8be.java,ra_action_pzpreferences_1061e38645d50e1626964eb68a28f8be.java,pzpreferences
flowaction,com/pegarules/generated/flowaction/ra_action_pypulsesearchoptions_b7b4daacd69096b6cd510230cfb05097.java,ra_action_pypulsesearchoptions_b7b4daacd69096b6cd510230cfb05097.java,pypulsesearchoptions
flowaction,com/pegarules/generated/flowaction/ra_action_pzabouthelp_77d7e01959086e22a55069a77283c16c.java,ra_action_pzabouthelp_77d7e01959086e22a55069a77283c16c.java,pzabouthelp
flowaction,com/pegarules/generated/flowaction/ra_action_pzsearchcheckedout_3894b4f35afd23d84c4ded3184930383.java,ra_action_pzsearchcheckedout_3894b4f35afd23d84c4ded3184930383.java,pzsearchcheckedout
flowaction,com/pegarules/generated/flowaction/ra_action_pzcancelquiescenodesnotification_4d8e4a0fe79ae878585df602a7c29733.java,ra_action_pzcancelquiescenodesnotification_4d8e4a0fe79ae878585df602a7c29733.java,pzcancelquiescenodesnotification
flowaction,com/pegarules/generated/flowaction/ra_action_setpassword_a9d7ed81ee52fff31bd2665c4b6bcf80.java,ra_action_setpassword_a9d7ed81ee52fff31bd2665c4b6bcf80.java,setpassword
flowaction,com/pegarules/generated/flowaction/ra_stream_pzlpcontent_c2f9b984d69092ae29cf53fe5e6ddddf.java,ra_stream_pzlpcontent_c2f9b984d69092ae29cf53fe5e6ddddf.java,pzlpcontent
flowaction,com/pegarules/generated/flowaction/ra_action_pzshowtableinst_056cfc753dfc67cd118aed5ff99d9d21.java,ra_action_pzshowtableinst_056cfc753dfc67cd118aed5ff99d9d21.java,pzshowtableinst
flowaction,com/pegarules/generated/flowaction/ra_stream_pzaddfield_22689459a6976259159ee1c55e9e273a.java,ra_stream_pzaddfield_22689459a6976259159ee1c55e9e273a.java,pzaddfield
flowaction,com/pegarules/generated/flowaction/ra_stream_pzconfigureadvancedsettings_8a25ef50bb8e6e2ab66f450baf6d4b51.java,ra_stream_pzconfigureadvancedsettings_8a25ef50bb8e6e2ab66f450baf6d4b51.java,pzconfigureadvancedsettings
flowaction,com/pegarules/generated/flowaction/ra_action_pzmanagerecentcontent_8be2526815ec2570965cc7d31d2d0394.java,ra_action_pzmanagerecentcontent_8be2526815ec2570965cc7d31d2d0394.java,pzmanagerecentcontent
flowaction,com/pegarules/generated/flowaction/ra_action_pzselectvalues_pickerfa_5a71a4616d9e1738de0051bd4fdcc3c7.java,ra_action_pzselectvalues_pickerfa_5a71a4616d9e1738de0051bd4fdcc3c7.java,pzselectvalues pickerfa
flowaction,com/pegarules/generated/flowaction/ra_action_pyreopen_5868f284c5af18bb9e01027ed543f000.java,ra_action_pyreopen_5868f284c5af18bb9e01027ed543f000.java,pyreopen
flowaction,com/pegarules/generated/flowaction/ra_stream_pzshowwarnings_924e1655668c14264cb98a537e104420.java,ra_stream_pzshowwarnings_924e1655668c14264cb98a537e104420.java,pzshowwarnings
flowaction,com/pegarules/generated/flowaction/ra_action_pzpropertypanelmodal_1fbc6f02cae7b96143f5eae776ccb475.java,ra_action_pzpropertypanelmodal_1fbc6f02cae7b96143f5eae776ccb475.java,pzpropertypanelmodal
flowaction,com/pegarules/generated/flowaction/ra_action_pzeditrecordname_5b1c705663e313fa977b18c8d1c4edfa.java,ra_action_pzeditrecordname_5b1c705663e313fa977b18c8d1c4edfa.java,pzeditrecordname
flowaction,com/pegarules/generated/flowaction/ra_action_pzsystemstatesection_5332c034c13026753634728717b5e2dd.java,ra_action_pzsystemstatesection_5332c034c13026753634728717b5e2dd.java,pzsystemstatesection
flowaction,com/pegarules/generated/flowaction/ra_action_pzconfigurecalculation_4bfc3a1f21789485611d5990e61f16d6.java,ra_action_pzconfigurecalculation_4bfc3a1f21789485611d5990e61f16d6.java,pzconfigurecalculation
flowaction,com/pegarules/generated/flowaction/ra_action_pxrefactorrulestools_06d549620b02884db26b075cd40f2955.java,ra_action_pxrefactorrulestools_06d549620b02884db26b075cd40f2955.java,pxrefactorrulestools
flowaction,com/pegarules/generated/flowaction/ra_stream_setpassword_1029de1c5383c4a2aac0ee362a64ef8a.java,ra_stream_setpassword_1029de1c5383c4a2aac0ee362a64ef8a.java,setpassword
flowaction,com/pegarules/generated/flowaction/ra_action_pzspecificationcomments_bd12da1f396263b3b6a06f73251e694b.java,ra_action_pzspecificationcomments_bd12da1f396263b3b6a06f73251e694b.java,pzspecificationcomments
flowaction,com/pegarules/generated/flowaction/ra_stream_pzviewinstancestoolbar_e6484a0f084aacaa3099823e758f5c6d.java,ra_stream_pzviewinstancestoolbar_e6484a0f084aacaa3099823e758f5c6d.java,pzviewinstancestoolbar
flowaction,com/pegarules/generated/flowaction/ra_action_pzshowinheritancedialog_a93fd760a4828fab124aa0033abf3deb.java,ra_action_pzshowinheritancedialog_a93fd760a4828fab124aa0033abf3deb.java,pzshowinheritancedialog
flowaction,com/pegarules/generated/flowaction/ra_action_pzlpcontent_8d25fd61439d87826ac5c985768e381b.java,ra_action_pzlpcontent_8d25fd61439d87826ac5c985768e381b.java,pzlpcontent
flowaction,com/pegarules/generated/flowaction/ra_action_pzconfigurebusinesslogic_b43cee11fb328a07c163e2d5ec37b9cd.java,ra_action_pzconfigurebusinesslogic_b43cee11fb328a07c163e2d5ec37b9cd.java,pzconfigurebusinesslogic
flowaction,com/pegarules/generated/flowaction/ra_action_pzviewinstancestoolbar_d5b729e846700d117092d2f06f045c35.java,ra_action_pzviewinstancestoolbar_d5b729e846700d117092d2f06f045c35.java,pzviewinstancestoolbar
flowaction,com/pegarules/generated/flowaction/ra_action_pzupdatecustomfields_92418b0b287a1f9bcaed98a778285b22.java,ra_action_pzupdatecustomfields_92418b0b287a1f9bcaed98a778285b22.java,pzupdatecustomfields
flowaction,com/pegarules/generated/flowaction/ra_action_pzshowconditionpreviewfa_ba72bcdbb6eb6d165b2d480e096d2b40.java,ra_action_pzshowconditionpreviewfa_ba72bcdbb6eb6d165b2d480e096d2b40.java,pzshowconditionpreviewfa
flowaction,com/pegarules/generated/flowaction/ra_action_pydatasourcefilter_46eda92279ed740408a2b18629eaa27e.java,ra_action_pydatasourcefilter_46eda92279ed740408a2b18629eaa27e.java,pydatasourcefilter
flowaction,com/pegarules/generated/flowaction/ra_action_pzchangeruleset_3fda89b07ca23f7306220162b4a80047.java,ra_action_pzchangeruleset_3fda89b07ca23f7306220162b4a80047.java,pzchangeruleset
flowaction,com/pegarules/generated/flowaction/ra_action_pzdisablemodelrow_ad0afbee4994d647ae57bf28f5994aee.java,ra_action_pzdisablemodelrow_ad0afbee4994d647ae57bf28f5994aee.java,pzdisablemodelrow
flowaction,com/pegarules/generated/flowaction/ra_stream_pzaccessgroupsroles_42344a7e1178b2860dd83cb3e9878ca5.java,ra_stream_pzaccessgroupsroles_42344a7e1178b2860dd83cb3e9878ca5.java,pzaccessgroupsroles
flowaction,com/pegarules/generated/flowaction/ra_action_pzconfigurefields_b9045bb889509817037d9b73344c72af.java,ra_action_pzconfigurefields_b9045bb889509817037d9b73344c72af.java,pzconfigurefields
flowaction,com/pegarules/generated/flowaction/ra_action_pzfilterpanelfa_96d08567f750dfbcc89b0389ff0fb85c.java,ra_action_pzfilterpanelfa_96d08567f750dfbcc89b0389ff0fb85c.java,pzfilterpanelfa
flowaction,com/pegarules/generated/flowaction/ra_action_pzsearch_07b1774f929c42651801c2dab0ccc869.java,ra_action_pzsearch_07b1774f929c42651801c2dab0ccc869.java,pzsearch
flowaction,com/pegarules/generated/flowaction/ra_action_pyclosecase_47f97bb10052aa55b270f797b082b742.java,ra_action_pyclosecase_47f97bb10052aa55b270f797b082b742.java,pyclosecase
flowaction,com/pegarules/generated/flowaction/ra_action_pzeditlabel_3a9549f6f7ddb381ce389e0b68db4413.java,ra_action_pzeditlabel_3a9549f6f7ddb381ce389e0b68db4413.java,pzeditlabel
flowaction,com/pegarules/generated/flowaction/ra_stream_pzpropertypanelmodal_893ba93bea4365ba8ccb6258d4201e4b.java,ra_stream_pzpropertypanelmodal_893ba93bea4365ba8ccb6258d4201e4b.java,pzpropertypanelmodal
flowaction,com/pegarules/generated/flowaction/ra_action_pxserviceslp_c8bb0e17c9ba3a65035dbbdbac30de03.java,ra_action_pxserviceslp_c8bb0e17c9ba3a65035dbbdbac30de03.java,pxserviceslp
flowaction,com/pegarules/generated/flowaction/ra_action_pzdisplayappfilters_d36938971857a7afc419e2d9dc72d956.java,ra_action_pzdisplayappfilters_d36938971857a7afc419e2d9dc72d956.java,pzdisplayappfilters
flowaction,com/pegarules/generated/flowaction/ra_action_pzeditapplicationdetails_73057434f6f79cb1c045ad1386e1bbed.java,ra_action_pzeditapplicationdetails_73057434f6f79cb1c045ad1386e1bbed.java,pzeditapplicationdetails
flowaction,com/pegarules/generated/flowaction/ra_action_pzchangeurlalias_36227c78a97558faca6b273b208a0244.java,ra_action_pzchangeurlalias_36227c78a97558faca6b273b208a0244.java,pzchangeurlalias
flowaction,com/pegarules/generated/flowaction/ra_action_pzcosmosuiunsupported_3dc2be75b3770e44ae11373b3a106cbe.java,ra_action_pzcosmosuiunsupported_3dc2be75b3770e44ae11373b3a106cbe.java,pzcosmosuiunsupported
flowaction,com/pegarules/generated/flowaction/ra_stream_pxserviceslp_b3c27a9ceca4d7c343c8af846a7b8f0c.java,ra_stream_pxserviceslp_b3c27a9ceca4d7c343c8af846a7b8f0c.java,pxserviceslp
flowaction,com/pegarules/generated/flowaction/ra_stream_create_4ed4861a14537bea1cea12058318b4d9.java,ra_stream_create_4ed4861a14537bea1cea12058318b4d9.java,create
flowaction,com/pegarules/generated/flowaction/ra_action_pzgridpersonalizationfa_f4c95db10ca0eb9c4e17eac95a2c6cea.java,ra_action_pzgridpersonalizationfa_f4c95db10ca0eb9c4e17eac95a2c6cea.java,pzgridpersonalizationfa
flowaction,com/pegarules/generated/flowaction/ra_action_pzquiescenodesnotification_26f7a1e5f135e2140250b495bfbcd23e.java,ra_action_pzquiescenodesnotification_26f7a1e5f135e2140250b495bfbcd23e.java,pzquiescenodesnotification
flowaction,com/pegarules/generated/flowaction/ra_action_pzcaseeditor_cdf42c24d2864c35ee4b034b4f6028e6.java,ra_action_pzcaseeditor_cdf42c24d2864c35ee4b034b4f6028e6.java,pzcaseeditor
flowaction,com/pegarules/generated/flowaction/ra_action_pyworkgroupbasketsshowall_0c76755a055943c99acd7d38cf86925e.java,ra_action_pyworkgroupbasketsshowall_0c76755a055943c99acd7d38cf86925e.java,pyworkgroupbasketsshowall
flowaction,com/pegarules/generated/flowaction/ra_action_pzappexplorerpinnedclasses_0ad1b652a884aa0f36243744dcf00192.java,ra_action_pzappexplorerpinnedclasses_0ad1b652a884aa0f36243744dcf00192.java,pzappexplorerpinnedclasses
flowaction,com/pegarules/generated/flowaction/ra_action_pzstepconditionoverlay_092fa255a8c5521f583354e2ed18c396.java,ra_action_pzstepconditionoverlay_092fa255a8c5521f583354e2ed18c396.java,pzstepconditionoverlay
flowaction,com/pegarules/generated/flowaction/ra_action_pzmanagedependentroles_14ee457c6058ec94663b9ded2c33d566.java,ra_action_pzmanagedependentroles_14ee457c6058ec94663b9ded2c33d566.java,pzmanagedependentroles
flowaction,com/pegarules/generated/flowaction/ra_stream_pxrefactorclassestools_aa287d85fb782eba005a5a2266443d6a.java,ra_stream_pxrefactorclassestools_aa287d85fb782eba005a5a2266443d6a.java,pxrefactorclassestools
flowaction,com/pegarules/generated/flowaction/ra_action_pxchooseorgdivunit_7c5d825b7a81ed6e37c43f55935daf8d.java,ra_action_pxchooseorgdivunit_7c5d825b7a81ed6e37c43f55935daf8d.java,pxchooseorgdivunit
flowaction,com/pegarules/generated/flowaction/ra_stream_pzenterdatatransformname_13b58b1d214c52c5d1903cd2a340c526.java,ra_stream_pzenterdatatransformname_13b58b1d214c52c5d1903cd2a340c526.java,pzenterdatatransformname
flowaction,com/pegarules/generated/flowaction/ra_action_pzexchangemodalaction_b9d9155d2c971ff337ad2ceac5389408.java,ra_action_pzexchangemodalaction_b9d9155d2c971ff337ad2ceac5389408.java,pzexchangemodalaction
flowaction,com/pegarules/generated/flowaction/ra_action_collectinformation_3e3bf21bc35496d6b9e7de245416b98c.java,ra_action_collectinformation_3e3bf21bc35496d6b9e7de245416b98c.java,collectinformation
flowaction,com/pegarules/generated/flowaction/ra_action_pzceexpressionbuilder_844c1d52b4483d268919de35b34d6c1d.java,ra_action_pzceexpressionbuilder_844c1d52b4483d268919de35b34d6c1d.java,pzceexpressionbuilder
flowaction,com/pegarules/generated/flowaction/ra_action_pzeditclasslabel_481aad399e722c1417596955e453ce73.java,ra_action_pzeditclasslabel_481aad399e722c1417596955e453ce73.java,pzeditclasslabel
flowaction,com/pegarules/generated/flowaction/ra_action_pzadvancedtexthelpflowaction_5361a1d7d168b86e6a520fe8abdaa17b.java,ra_action_pzadvancedtexthelpflowaction_5361a1d7d168b86e6a520fe8abdaa17b.java,pzadvancedtexthelpflowaction
flowaction,com/pegarules/generated/flowaction/ra_stream_pzabouthelp_013b7c1e3982ce6459cf6fd03b8688eb.java,ra_stream_pzabouthelp_013b7c1e3982ce6459cf6fd03b8688eb.java,pzabouthelp
flowaction,com/pegarules/generated/flowaction/ra_action_pzselectviewtype_29067b89ef5ab75d5baffd12de84deb1.java,ra_action_pzselectviewtype_29067b89ef5ab75d5baffd12de84deb1.java,pzselectviewtype
flowaction,com/pegarules/generated/flowaction/ra_action_pzconfigurepicklistoptions_deb8ca7bf9c9cf864e03ad2113cfe957.java,ra_action_pzconfigurepicklistoptions_deb8ca7bf9c9cf864e03ad2113cfe957.java,pzconfigurepicklistoptions
flowaction,com/pegarules/generated/flowaction/ra_action_pzlpoperators_3b88c7fb0627d4d3174a5c4ac166209e.java,ra_action_pzlpoperators_3b88c7fb0627d4d3174a5c4ac166209e.java,pzlpoperators
flowaction,com/pegarules/generated/flowaction/ra_action_pzruleformruleseteditfa_7329b55b29aad0cfab52b4c7734e35e3.java,ra_action_pzruleformruleseteditfa_7329b55b29aad0cfab52b4c7734e35e3.java,pzruleformruleseteditfa
flowaction,com/pegarules/generated/flowaction/ra_action_pzeditattachments_25b21bfe15ddbacc30a66b98603e258d.java,ra_action_pzeditattachments_25b21bfe15ddbacc30a66b98603e258d.java,pzeditattachments
flowaction,com/pegarules/generated/flowaction/ra_action_pzenterdatatransformname_fc2fe8a2c9d39f1586ef5ebda588fbb2.java,ra_action_pzenterdatatransformname_fc2fe8a2c9d39f1586ef5ebda588fbb2.java,pzenterdatatransformname
flowaction,com/pegarules/generated/flowaction/ra_action_pztransition_637930d1f7b5248433a5111d5b7e6a82.java,ra_action_pztransition_637930d1f7b5248433a5111d5b7e6a82.java,pztransition
flowaction,com/pegarules/generated/flowaction/ra_stream_pyresolveandclosecase_327ec8866ac61acda54ae12c55dcf041.java,ra_stream_pyresolveandclosecase_327ec8866ac61acda54ae12c55dcf041.java,pyresolveandclosecase
flowaction,com/pegarules/generated/flowaction/ra_action_pzprecondition_160d01374db9fcc0dc0ff685793c7eb5.java,ra_action_pzprecondition_160d01374db9fcc0dc0ff685793c7eb5.java,pzprecondition
flowaction,com/pegarules/generated/flowaction/ra_action_pzapplicationparticipants_3d75721d936a325b15d5383174952975.java,ra_action_pzapplicationparticipants_3d75721d936a325b15d5383174952975.java,pzapplicationparticipants
flowaction,com/pegarules/generated/flowaction/ra_action_pzaddabranch_8c6cd8c0c086e094e75849fffd3cb394.java,ra_action_pzaddabranch_8c6cd8c0c086e094e75849fffd3cb394.java,pzaddabranch
flowaction,com/pegarules/generated/flowaction/ra_stream_pzconfigurefields_5f8cc2f95f2a078bde596ff1e434e75c.java,ra_stream_pzconfigurefields_5f8cc2f95f2a078bde596ff1e434e75c.java,pzconfigurefields
flowaction,com/pegarules/generated/flowaction/ra_action_pzshowmashupcode_53925916440778d9138ebf2e7af8c2be.java,ra_action_pzshowmashupcode_53925916440778d9138ebf2e7af8c2be.java,pzshowmashupcode
flowaction,com/pegarules/generated/flowaction/ra_action_pzcheckwarningmessages_767e9ec90f6ccb04bee65051a7274978.java,ra_action_pzcheckwarningmessages_767e9ec90f6ccb04bee65051a7274978.java,pzcheckwarningmessages
flowaction,com/pegarules/generated/flowaction/ra_action_pzruleformruleseteditfa_9b1f6eeb2a501883a5154cdb8deac5ca.java,ra_action_pzruleformruleseteditfa_9b1f6eeb2a501883a5154cdb8deac5ca.java,pzruleformruleseteditfa
flowaction,com/pegarules/generated/flowaction/ra_action_pzruleset_versiondelete_25e2c97af930e3b07cfb32c77a712838.java,ra_action_pzruleset_versiondelete_25e2c97af930e3b07cfb32c77a712838.java,pzruleset versiondelete
flowaction,com/pegarules/generated/flowaction/ra_stream_pzdisplaysteppalette_f4d2f4a9c4d165c253445b486d249f43.java,ra_stream_pzdisplaysteppalette_f4d2f4a9c4d165c253445b486d249f43.java,pzdisplaysteppalette
flowaction,com/pegarules/generated/flowaction/ra_stream_pzlpoperators_1aa4290e07cd798ebd76447d2baf946a.java,ra_stream_pzlpoperators_1aa4290e07cd798ebd76447d2baf946a.java,pzlpoperators
flowaction,com/pegarules/generated/flowaction/ra_action_pzgeneratedocumentsinexpress_1b3a9c9652566840a92f6915a2171900.java,ra_action_pzgeneratedocumentsinexpress_1b3a9c9652566840a92f6915a2171900.java,pzgeneratedocumentsinexpress
flowaction,com/pegarules/generated/flowaction/ra_action_pzshowwarnings_4d490a272ed12bbb7d6c7cc74c1d47d3.java,ra_action_pzshowwarnings_4d490a272ed12bbb7d6c7cc74c1d47d3.java,pzshowwarnings
flowaction,com/pegarules/generated/flowaction/ra_stream_pzsearch_9b462b0136982ff02da115eb532e64ba.java,ra_stream_pzsearch_9b462b0136982ff02da115eb532e64ba.java,pzsearch
flowaction,com/pegarules/generated/flowaction/ra_action_pzapplicationiterations_4910934ac263769732846b0211ad4ff8.java,ra_action_pzapplicationiterations_4910934ac263769732846b0211ad4ff8.java,pzapplicationiterations
flowaction,com/pegarules/generated/flowaction/ra_stream_pxrefactorrulesetstools_ae7ce03e54c8d6acd1e51a9122ba4a50.java,ra_stream_pxrefactorrulesetstools_ae7ce03e54c8d6acd1e51a9122ba4a50.java,pxrefactorrulesetstools
flowaction,com/pegarules/generated/flowaction/ra_action_pzdisplayactionsteppalette_00ff368c1b09525364beba37d2cafcb3.java,ra_action_pzdisplayactionsteppalette_00ff368c1b09525364beba37d2cafcb3.java,pzdisplayactionsteppalette
flowaction,com/pegarules/generated/flowaction/ra_action_pzrecordmanagementsettings_72f5f399eea4f6fa622416d5f01d96bb.java,ra_action_pzrecordmanagementsettings_72f5f399eea4f6fa622416d5f01d96bb.java,pzrecordmanagementsettings
flowaction,com/pegarules/generated/flowaction/ra_stream_pzruleset_versiondelete_b082bbb8de4eff428eff5938dc32db0a.java,ra_stream_pzruleset_versiondelete_b082bbb8de4eff428eff5938dc32db0a.java,pzruleset versiondelete
flowaction,com/pegarules/generated/flowaction/ra_action_pzcreatetoggle_89b474a0bcb3c3137f4dbe6086abbc03.java,ra_action_pzcreatetoggle_89b474a0bcb3c3137f4dbe6086abbc03.java,pzcreatetoggle
flowaction,com/pegarules/generated/flowaction/ra_action_pydisplaynotificationgadgetdetails_7c8f4536446eeb14c7bd5dfbc1015f41.java,ra_action_pydisplaynotificationgadgetdetails_7c8f4536446eeb14c7bd5dfbc1015f41.java,pydisplaynotificationgadgetdetails
flowaction,com/pegarules/generated/flowaction/ra_stream_pzcaseeditor_872098560cf208852fbaa88fb5214ae5.java,ra_stream_pzcaseeditor_872098560cf208852fbaa88fb5214ae5.java,pzcaseeditor
flowaction,com/pegarules/generated/flowaction/ra_action_pzfeatureselectorforsearch_0a9295957bd16b4a6f62a92b9583af9a.java,ra_action_pzfeatureselectorforsearch_0a9295957bd16b4a6f62a92b9583af9a.java,pzfeatureselectorforsearch
flowaction,com/pegarules/generated/flowaction/ra_action_pznonautocontrolparams_10748a6f29f7ead777661354547b2660.java,ra_action_pznonautocontrolparams_10748a6f29f7ead777661354547b2660.java,pznonautocontrolparams
flowaction,com/pegarules/generated/flowaction/ra_stream_pzeditapplicationdetails_30a042dc5ac7d023f5f16831dc29675f.java,ra_stream_pzeditapplicationdetails_30a042dc5ac7d023f5f16831dc29675f.java,pzeditapplicationdetails
flowaction,com/pegarules/generated/flowaction/ra_action_pxchooseorgdivunit_33fb2cf073ab6635bde2995f6182ebb4.java,ra_action_pxchooseorgdivunit_33fb2cf073ab6635bde2995f6182ebb4.java,pxchooseorgdivunit
flowaction,com/pegarules/generated/flowaction/ra_action_pxdisplaysteps_03f407de487b168e811e9883db41133d.java,ra_action_pxdisplaysteps_03f407de487b168e811e9883db41133d.java,pxdisplaysteps
flowaction,com/pegarules/generated/flowaction/ra_action_pxrefactorclassestools_627db7b621d89ac4d35b678c2e290fb3.java,ra_action_pxrefactorclassestools_627db7b621d89ac4d35b678c2e290fb3.java,pxrefactorclassestools
flowaction,com/pegarules/generated/flowaction/ra_stream_pzcosmosuiunsupported_8b048bb42db4414650b55beab0f79c65.java,ra_stream_pzcosmosuiunsupported_8b048bb42db4414650b55beab0f79c65.java,pzcosmosuiunsupported
flowaction,com/pegarules/generated/flowaction/ra_action_pzrundatatransform_09a92f5297b81837877bff2a34be64e6.java,ra_action_pzrundatatransform_09a92f5297b81837877bff2a34be64e6.java,pzrundatatransform
flowaction,com/pegarules/generated/flowaction/ra_action_pzadvancedclassprompt_382751e95d2f005b0be00184e5f63b5e.java,ra_action_pzadvancedclassprompt_382751e95d2f005b0be00184e5f63b5e.java,pzadvancedclassprompt
flowaction,com/pegarules/generated/flowaction/ra_action_pzattachmentsfa_e0b8a817d04f1c67026afe12b844c0e0.java,ra_action_pzattachmentsfa_e0b8a817d04f1c67026afe12b844c0e0.java,pzattachmentsfa
flowaction,com/pegarules/generated/flowaction/ra_action_pzaddaccessroleobject_e28c25e2e61d5e25c95ee4789500d2e1.java,ra_action_pzaddaccessroleobject_e28c25e2e61d5e25c95ee4789500d2e1.java,pzaddaccessroleobject
flowaction,com/pegarules/generated/flowaction/ra_action_pzstepconditionoverlay_eca82c0f45d3eca451c04a4d6c89ee95.java,ra_action_pzstepconditionoverlay_eca82c0f45d3eca451c04a4d6c89ee95.java,pzstepconditionoverlay
flowaction,com/pegarules/generated/flowaction/ra_stream_pzcheckwarningmessages_5065ac0086224c5db6be606ae45579cc.java,ra_stream_pzcheckwarningmessages_5065ac0086224c5db6be606ae45579cc.java,pzcheckwarningmessages
flowaction,com/pegarules/generated/flowaction/ra_action_pyseeallfollowedbyusers_6042029941a92abc120caf49b04ac5dd.java,ra_action_pyseeallfollowedbyusers_6042029941a92abc120caf49b04ac5dd.java,pyseeallfollowedbyusers
flowaction,com/pegarules/generated/flowaction/ra_stream_pzpropertypanelmodal_26c1d0090c02690e57f26ba33f343ea0.java,ra_stream_pzpropertypanelmodal_26c1d0090c02690e57f26ba33f343ea0.java,pzpropertypanelmodal
flowaction,com/pegarules/generated/flowaction/ra_action_pzapplicationassumptions_ed6c67c466c96391195721e1bbdfc715.java,ra_action_pzapplicationassumptions_ed6c67c466c96391195721e1bbdfc715.java,pzapplicationassumptions
flowaction,com/pegarules/generated/flowaction/ra_action_pzassociatetags_8005cf95b7aa4746bc7cf9219ab366ff.java,ra_action_pzassociatetags_8005cf95b7aa4746bc7cf9219ab366ff.java,pzassociatetags
flowaction,com/pegarules/generated/flowaction/ra_action_create_65e2fb96741cb7482343f8fba0ba8f63.java,ra_action_create_65e2fb96741cb7482343f8fba0ba8f63.java,create
flowaction,com/pegarules/generated/flowaction/ra_action_pyconfiguration_ec1ab70d2f56b676bbe8e719fde0d346.java,ra_action_pyconfiguration_ec1ab70d2f56b676bbe8e719fde0d346.java,pyconfiguration
flowaction,com/pegarules/generated/flowaction/ra_stream_pzruleset_showrulesetversion_41bb9c12147da34cfe4ad95801d34162.java,ra_stream_pzruleset_showrulesetversion_41bb9c12147da34cfe4ad95801d34162.java,pzruleset showrulesetversion
flowaction,com/pegarules/generated/flowaction/ra_action_pzruleset_popupversioninterface_5a653545ff5204be692d323d40459111.java,ra_action_pzruleset_popupversioninterface_5a653545ff5204be692d323d40459111.java,pzruleset popupversioninterface
flowaction,com/pegarules/generated/flowaction/ra_action_pzapplicationactors_e70ad9eaf291d2b804bb75d2ef92fd44.java,ra_action_pzapplicationactors_e70ad9eaf291d2b804bb75d2ef92fd44.java,pzapplicationactors
flowaction,com/pegarules/generated/flowaction/ra_action_pychangestage_f5fa29072dab25a0af4146e7045fd867.java,ra_action_pychangestage_f5fa29072dab25a0af4146e7045fd867.java,pychangestage
flowaction,com/pegarules/generated/flowaction/ra_action_pzapplicationreleases_8a828318b63cb8d97f48067c2c898b13.java,ra_action_pzapplicationreleases_8a828318b63cb8d97f48067c2c898b13.java,pzapplicationreleases
flowaction,com/pegarules/generated/flowaction/ra_stream_pzappinfo_035df2a6700e3b5243ecfa69abd8cea0.java,ra_stream_pzappinfo_035df2a6700e3b5243ecfa69abd8cea0.java,pzappinfo
flowaction,com/pegarules/generated/flowaction/ra_action_pztablecategorization_dd0dcd94aa8f900e6e5815a779716b2a.java,ra_action_pztablecategorization_dd0dcd94aa8f900e6e5815a779716b2a.java,pztablecategorization
flowaction,com/pegarules/generated/flowaction/ra_action_pzmydelegates_d3ad9cc1c17e8b1f4aef017cdea44e51.java,ra_action_pzmydelegates_d3ad9cc1c17e8b1f4aef017cdea44e51.java,pzmydelegates
flowaction,com/pegarules/generated/flowaction/ra_action_pzenabledxapiforuirendering_ac4ed56c9a155b9435859526e0233652.java,ra_action_pzenabledxapiforuirendering_ac4ed56c9a155b9435859526e0233652.java,pzenabledxapiforuirendering
flowaction,com/pegarules/generated/flowaction/ra_stream_pzeditdefinition_b27a5e8cb2a3ae826b8f76bea1470a91.java,ra_stream_pzeditdefinition_b27a5e8cb2a3ae826b8f76bea1470a91.java,pzeditdefinition
flowaction,com/pegarules/generated/flowaction/ra_action_pzconfirmclonerarn_95f2dfc960b1479cb62cef704a640cbb.java,ra_action_pzconfirmclonerarn_95f2dfc960b1479cb62cef704a640cbb.java,pzconfirmclonerarn
flowaction,com/pegarules/generated/flowaction/ra_action_pzruleset_showrulesetversion_ace5b0b24a0e0b249a78cca4c7c7ff60.java,ra_action_pzruleset_showrulesetversion_ace5b0b24a0e0b249a78cca4c7c7ff60.java,pzruleset showrulesetversion
flowaction,com/pegarules/generated/flowaction/ra_action_pzswitchharnesstemplate_ea4c952bcc2662d43ab678ca5947496f.java,ra_action_pzswitchharnesstemplate_ea4c952bcc2662d43ab678ca5947496f.java,pzswitchharnesstemplate
flowaction,com/pegarules/generated/flowaction/ra_action_pzaccessgroupsroles_c2a82f655bf2fb9949ffeb96f696b927.java,ra_action_pzaccessgroupsroles_c2a82f655bf2fb9949ffeb96f696b927.java,pzaccessgroupsroles
flowaction,com/pegarules/generated/flowaction/ra_action_pzdisplaysteppalette_e530ff7cb54838eeb7dece1afd5abc94.java,ra_action_pzdisplaysteppalette_e530ff7cb54838eeb7dece1afd5abc94.java,pzdisplaysteppalette
flowaction,com/pegarules/generated/flowaction/ra_action_pzitemtypes_4c3a45fc1e8a55d82b3cf76fcc413ae7.java,ra_action_pzitemtypes_4c3a45fc1e8a55d82b3cf76fcc413ae7.java,pzitemtypes
flowaction,com/pegarules/generated/flowaction/ra_action_pzcreatepersonaforaccessgroup_7ba2d6cf37efccfc383d4d80bdbe2126.java,ra_action_pzcreatepersonaforaccessgroup_7ba2d6cf37efccfc383d4d80bdbe2126.java,pzcreatepersonaforaccessgroup
flowaction,com/pegarules/generated/flowaction/ra_action_pzappinfo_b7b23f51275a58d03f1881d028df7e09.java,ra_action_pzappinfo_b7b23f51275a58d03f1881d028df7e09.java,pzappinfo
flowaction,com/pegarules/generated/flowaction/ra_action_pzeditdefinition_d1f78e1960227db6292faa7be8364920.java,ra_action_pzeditdefinition_d1f78e1960227db6292faa7be8364920.java,pzeditdefinition
flowaction,com/pegarules/generated/flowaction/ra_stream_pxrefactorrulestools_ac8178dbda4946340c8878a70c40f59b.java,ra_stream_pxrefactorrulestools_ac8178dbda4946340c8878a70c40f59b.java,pxrefactorrulestools
flowaction,com/pegarules/generated/flowaction/ra_action_pzenvironmentgadget_7e0807ea9d467b060101c6c8b03c45ca.java,ra_action_pzenvironmentgadget_7e0807ea9d467b060101c6c8b03c45ca.java,pzenvironmentgadget
flowaction,com/pegarules/generated/flowaction/ra_action_pzdiscovergadgetoverlay_7d4ba09192bdc00dd642aef4abe38ea5.java,ra_action_pzdiscovergadgetoverlay_7d4ba09192bdc00dd642aef4abe38ea5.java,pzdiscovergadgetoverlay
flowaction,com/pegarules/generated/flowaction/ra_action_pzpropertypanelmodal_53b4d429d3ec2d532e3f76e9162603b1.java,ra_action_pzpropertypanelmodal_53b4d429d3ec2d532e3f76e9162603b1.java,pzpropertypanelmodal
flowaction,com/pegarules/generated/flowaction/ra_action_pzcreate_90a2f9bd1843a61ba985734a769d0bc6.java,ra_action_pzcreate_90a2f9bd1843a61ba985734a769d0bc6.java,pzcreate
flowaction,com/pegarules/generated/flowaction/ra_action_pzconfigureadvancedsettings_d1fc1cef728575df783bbe2cff567b51.java,ra_action_pzconfigureadvancedsettings_d1fc1cef728575df783bbe2cff567b51.java,pzconfigureadvancedsettings
flowaction,com/pegarules/generated/flowaction/ra_action_pzrulelockedinfo_4bf6d09dfb90f91459f84426553d3b32.java,ra_action_pzrulelockedinfo_4bf6d09dfb90f91459f84426553d3b32.java,pzrulelockedinfo
flowaction,com/pegarules/generated/flowaction/ra_action_pyresolveandclosecase_0a90580097c1416547c33e965e3b0a2c.java,ra_action_pyresolveandclosecase_0a90580097c1416547c33e965e3b0a2c.java,pyresolveandclosecase
flowaction,com/pegarules/generated/flowaction/ra_action_pzrepeat_3c3267ebefb000c0c1771141159b6c16.java,ra_action_pzrepeat_3c3267ebefb000c0c1771141159b6c16.java,pzrepeat
flowaction,com/pegarules/generated/flowaction/ra_stream_collectinformation_729904a4e4c66fe994551f1e5d216a70.java,ra_stream_collectinformation_729904a4e4c66fe994551f1e5d216a70.java,collectinformation
flowaction,com/pegarules/generated/flowaction/ra_action_pxrefactorrulesetstools_0a24615f9d1e22bc9af3e1f01ecccddd.java,ra_action_pxrefactorrulesetstools_0a24615f9d1e22bc9af3e1f01ecccddd.java,pxrefactorrulesetstools
model,com/pegarules/generated/model/ra_model_pzpreeditapplicationdetails_6fd6656944bb4401bb4beb70d79d3e45.java,ra_model_pzpreeditapplicationdetails_6fd6656944bb4401bb4beb70d79d3e45.java,pzpreeditapplicationdetails
model,com/pegarules/generated/model/ra_model_pzroutetotype_3f1d280c0a11bdee23f7e82888ace68d.java,ra_model_pzroutetotype_3f1d280c0a11bdee23f7e82888ace68d.java,pzroutetotype
model,com/pegarules/generated/model/ra_model_pzbuilddefaultreleases_9770d5233ee31dd3362d7fbbc09f3057.java,ra_model_pzbuilddefaultreleases_9770d5233ee31dd3362d7fbbc09f3057.java,pzbuilddefaultreleases
model,com/pegarules/generated/model/ra_model_pzlanguagelist_b611deec6676bbb577636a204ab86bda.java,ra_model_pzlanguagelist_b611deec6676bbb577636a204ab86bda.java,pzlanguagelist
model,com/pegarules/generated/model/ra_model_pyuserdashboardloadlist_5a3663e67e517f22035154771510121e.java,ra_model_pyuserdashboardloadlist_5a3663e67e517f22035154771510121e.java,pyuserdashboardloadlist
model,com/pegarules/generated/model/ra_model_pygetpostdatasource_fbb61befee2b33b2d5e6ecf9a2c7c41a.java,ra_model_pygetpostdatasource_fbb61befee2b33b2d5e6ecf9a2c7c41a.java,pygetpostdatasource
model,com/pegarules/generated/model/ra_model_pzsetmodalanims_e2767c0eef6466b92fb296da6b3a6494.java,ra_model_pzsetmodalanims_e2767c0eef6466b92fb296da6b3a6494.java,pzsetmodalanims
model,com/pegarules/generated/model/ra_model_pzremoveworkpage_4cec34978b06aec0b0f9feeee0345956.java,ra_model_pzremoveworkpage_4cec34978b06aec0b0f9feeee0345956.java,pzremoveworkpage
model,com/pegarules/generated/model/ra_model_pzappexplorer_a0a63ce65bee49cd1661c7f675931b80.java,ra_model_pzappexplorer_a0a63ce65bee49cd1661c7f675931b80.java,pzappexplorer
model,com/pegarules/generated/model/ra_model_pzsetflowmessagesprocessinner_20219ab651055f438c936909a759e89c.java,ra_model_pzsetflowmessagesprocessinner_20219ab651055f438c936909a759e89c.java,pzsetflowmessagesprocessinner
model,com/pegarules/generated/model/ra_model_pzrbsetfiltersbyreporttype_201fa2e212f1e24267a017dfa2c86cb1.java,ra_model_pzrbsetfiltersbyreporttype_201fa2e212f1e24267a017dfa2c86cb1.java,pzrbsetfiltersbyreporttype
model,com/pegarules/generated/model/ra_model_pzruletypetransform_5aeaa4040b53079f85a5dbbbdc6a4ce4.java,ra_model_pzruletypetransform_5aeaa4040b53079f85a5dbbbdc6a4ce4.java,pzruletypetransform
model,com/pegarules/generated/model/ra_model_pzsetfocuskeyfromlabel_00f9bd345de78c968a0d274f9f7a59ad.java,ra_model_pzsetfocuskeyfromlabel_00f9bd345de78c968a0d274f9f7a59ad.java,pzsetfocuskeyfromlabel
model,com/pegarules/generated/model/ra_model_pzsystemstatejsonmapper_b5123dce00b936b17e280582c8e6d0c3.java,ra_model_pzsystemstatejsonmapper_b5123dce00b936b17e280582c8e6d0c3.java,pzsystemstatejsonmapper
model,com/pegarules/generated/model/ra_model_pydefdefault_7f86164b762292aae57ec797f74ca9d9.java,ra_model_pydefdefault_7f86164b762292aae57ec797f74ca9d9.java,pydefdefault
model,com/pegarules/generated/model/ra_model_pzcopyversionsforrecord_4500bde4971d15210c25322b1ab18598.java,ra_model_pzcopyversionsforrecord_4500bde4971d15210c25322b1ab18598.java,pzcopyversionsforrecord
model,com/pegarules/generated/model/ra_model_pyinitialiseapiparams_33c2ca06acc6a9db0ba7c2004ece7e26.java,ra_model_pyinitialiseapiparams_33c2ca06acc6a9db0ba7c2004ece7e26.java,pyinitialiseapiparams
model,com/pegarules/generated/model/ra_model_pzpopulateappaliastoauthservicemapping_57000ad245a697e3e5e8f4e5531f5758.java,ra_model_pzpopulateappaliastoauthservicemapping_57000ad245a697e3e5e8f4e5531f5758.java,pzpopulateappaliastoauthservicemapping
model,com/pegarules/generated/model/ra_model_pztogglequickconfigview_7128f6b0aacb342dd600517dcb9745c0.java,ra_model_pztogglequickconfigview_7128f6b0aacb342dd600517dcb9745c0.java,pztogglequickconfigview
model,com/pegarules/generated/model/ra_model_pzsystemstatejsonmapper_6dd79ec4e5fac40de5715527e0bbdb1b.java,ra_model_pzsystemstatejsonmapper_6dd79ec4e5fac40de5715527e0bbdb1b.java,pzsystemstatejsonmapper
model,com/pegarules/generated/model/ra_model_pxseticon_19169508f7a2f37e1da3185028e62498.java,ra_model_pxseticon_19169508f7a2f37e1da3185028e62498.java,pxseticon
model,com/pegarules/generated/model/ra_model_pzisclassdeprecated_4f899167ccf31c9cd7423283538012bf.java,ra_model_pzisclassdeprecated_4f899167ccf31c9cd7423283538012bf.java,pzisclassdeprecated
model,com/pegarules/generated/model/ra_model_pxallavailablereleasesresponsetransform_97303915749fb8dc2cf8e9abf448dd81.java,ra_model_pxallavailablereleasesresponsetransform_97303915749fb8dc2cf8e9abf448dd81.java,pxallavailablereleasesresponsetransform
model,com/pegarules/generated/model/ra_model_pzseteditconfigurations_faedabf9fc3b7160576ba18daa1cde01.java,ra_model_pzseteditconfigurations_faedabf9fc3b7160576ba18daa1cde01.java,pzseteditconfigurations
model,com/pegarules/generated/model/ra_model_pztogglestepexpanded_01a6ed0416fe921569fc2ac6e5fb8fb6.java,ra_model_pztogglestepexpanded_01a6ed0416fe921569fc2ac6e5fb8fb6.java,pztogglestepexpanded
model,com/pegarules/generated/model/ra_model_pzgetscalardataoptions_c1d7de3a5a40ebc0704a20bdbc628a10.java,ra_model_pzgetscalardataoptions_c1d7de3a5a40ebc0704a20bdbc628a10.java,pzgetscalardataoptions
model,com/pegarules/generated/model/ra_model_pzaddworkflowviewtypes_90926a3bb07ab3ac56c1578e0c48eafa.java,ra_model_pzaddworkflowviewtypes_90926a3bb07ab3ac56c1578e0c48eafa.java,pzaddworkflowviewtypes
model,com/pegarules/generated/model/ra_model_pzconditiondefaulttoalways_4610d8d95a6f61bf65ed5d93341b9ba2.java,ra_model_pzconditiondefaulttoalways_4610d8d95a6f61bf65ed5d93341b9ba2.java,pzconditiondefaulttoalways
model,com/pegarules/generated/model/ra_model_pzsetdefaultsinfiltergadget_1a1cb39669b0c048bff9d494dc2cd84c.java,ra_model_pzsetdefaultsinfiltergadget_1a1cb39669b0c048bff9d494dc2cd84c.java,pzsetdefaultsinfiltergadget
model,com/pegarules/generated/model/ra_model_pxadduserstoapplicationinit_6e6aa043b9246bb63b9b0b7a2352e272.java,ra_model_pxadduserstoapplicationinit_6e6aa043b9246bb63b9b0b7a2352e272.java,pxadduserstoapplicationinit
model,com/pegarules/generated/model/ra_model_pzaddnewrulesetversion_6187c0ca619023957c303e10d63b5b45.java,ra_model_pzaddnewrulesetversion_6187c0ca619023957c303e10d63b5b45.java,pzaddnewrulesetversion
model,com/pegarules/generated/model/ra_model_pzpopulateappsettingsforrendering_8baf337a271e9c766783cc399f42af5b.java,ra_model_pzpopulateappsettingsforrendering_8baf337a271e9c766783cc399f42af5b.java,pzpopulateappsettingsforrendering
model,com/pegarules/generated/model/ra_model_pzgetvisiblebranchesforapplication_1c5d4354d633ab8fcf802784305094fd.java,ra_model_pzgetvisiblebranchesforapplication_1c5d4354d633ab8fcf802784305094fd.java,pzgetvisiblebranchesforapplication
model,com/pegarules/generated/model/ra_model_pzloadapplications_f5aa9d5dede1e3b49af137eb669b76e7.java,ra_model_pzloadapplications_f5aa9d5dede1e3b49af137eb669b76e7.java,pzloadapplications
model,com/pegarules/generated/model/ra_model_pycasetypecategories_dc73a56065b2d5a894b2b9370ac572e1.java,ra_model_pycasetypecategories_dc73a56065b2d5a894b2b9370ac572e1.java,pycasetypecategories
model,com/pegarules/generated/model/ra_model_pyloaddatatypes_6790fd244e1dce982d31aecaa978af67.java,ra_model_pyloaddatatypes_6790fd244e1dce982d31aecaa978af67.java,pyloaddatatypes
model,com/pegarules/generated/model/ra_model_pzsystemstatejsonmapper_fe43b2c8cc7ef122651384c548bca3b3.java,ra_model_pzsystemstatejsonmapper_fe43b2c8cc7ef122651384c548bca3b3.java,pzsystemstatejsonmapper
model,com/pegarules/generated/model/ra_model_pzsetpin_c92f7ed58fc383074a17c45ab0afbd96.java,ra_model_pzsetpin_c92f7ed58fc383074a17c45ab0afbd96.java,pzsetpin
model,com/pegarules/generated/model/ra_model_pygetpostdatasource_4c8721e583dd7a2887419562137be1e1.java,ra_model_pygetpostdatasource_4c8721e583dd7a2887419562137be1e1.java,pygetpostdatasource
model,com/pegarules/generated/model/ra_model_pzappexplorerrule_39f9e58bd302cdab6ef028c6cbb0ef4b.java,ra_model_pzappexplorerrule_39f9e58bd302cdab6ef028c6cbb0ef4b.java,pzappexplorerrule
model,com/pegarules/generated/model/ra_model_pzsettoplevelnodeflag_6915503b65063e85e03674d16009bb14.java,ra_model_pzsettoplevelnodeflag_6915503b65063e85e03674d16009bb14.java,pzsettoplevelnodeflag
model,com/pegarules/generated/model/ra_model_pzpopulatesaveoptions_b7beb80c5380a847e94028e23ac926d4.java,ra_model_pzpopulatesaveoptions_b7beb80c5380a847e94028e23ac926d4.java,pzpopulatesaveoptions
model,com/pegarules/generated/model/ra_model_pydefdefault_4f849afb775aac1780a03c1cd9b541c8.java,ra_model_pydefdefault_4f849afb775aac1780a03c1cd9b541c8.java,pydefdefault
model,com/pegarules/generated/model/ra_model_pysetdataretrivaltypes_bcb23e76733734f96fd07cefc4769b4b.java,ra_model_pysetdataretrivaltypes_bcb23e76733734f96fd07cefc4769b4b.java,pysetdataretrivaltypes
model,com/pegarules/generated/model/ra_model_pxresetcaseclasstree_9a7f211067fea3649b9bac64de35bac2.java,ra_model_pxresetcaseclasstree_9a7f211067fea3649b9bac64de35bac2.java,pxresetcaseclasstree
model,com/pegarules/generated/model/ra_model_pzpreparepreviewforassetscreated_c0eecbd80615300dd8b580dd4b7df030.java,ra_model_pzpreparepreviewforassetscreated_c0eecbd80615300dd8b580dd4b7df030.java,pzpreparepreviewforassetscreated
model,com/pegarules/generated/model/ra_model_pxrecentsdefaults_072e31a9bab5838831ed74bf82cc367a.java,ra_model_pxrecentsdefaults_072e31a9bab5838831ed74bf82cc367a.java,pxrecentsdefaults
model,com/pegarules/generated/model/ra_model_pyaddrecentlistitem_11bdb5a19a7f1e1fefbaf5e481c89277.java,ra_model_pyaddrecentlistitem_11bdb5a19a7f1e1fefbaf5e481c89277.java,pyaddrecentlistitem
model,com/pegarules/generated/model/ra_model_empty_2936139e0accc3805c4ed7b90da83dfa.java,ra_model_empty_2936139e0accc3805c4ed7b90da83dfa.java,empty
model,com/pegarules/generated/model/ra_model_pzsetsavelabel_7885d4a59d1e4a37ee599115a7d8ffba.java,ra_model_pzsetsavelabel_7885d4a59d1e4a37ee599115a7d8ffba.java,pzsetsavelabel
model,com/pegarules/generated/model/ra_model_pzloadmobileappsettings_60705ddb48b5dc6bb137201d70d599d7.java,ra_model_pzloadmobileappsettings_60705ddb48b5dc6bb137201d70d599d7.java,pzloadmobileappsettings
model,com/pegarules/generated/model/ra_model_pzupdateembedfieldsfromrops_43f1dede594b0c5c22274cc137b8da07.java,ra_model_pzupdateembedfieldsfromrops_43f1dede594b0c5c22274cc137b8da07.java,pzupdateembedfieldsfromrops
model,com/pegarules/generated/model/ra_model_pygettemplateharnesslist_18534c5cd92dd916c0808066d9d8cdeb.java,ra_model_pygettemplateharnesslist_18534c5cd92dd916c0808066d9d8cdeb.java,pygettemplateharnesslist
model,com/pegarules/generated/model/ra_model_pzsetchannelinformation_73f6f4a755aca3984a460920fd4a38e9.java,ra_model_pzsetchannelinformation_73f6f4a755aca3984a460920fd4a38e9.java,pzsetchannelinformation
model,com/pegarules/generated/model/ra_model_pzgetinputmethodtype_4c5c19d9fd81f794e3c977ec425d8fc9.java,ra_model_pzgetinputmethodtype_4c5c19d9fd81f794e3c977ec425d8fc9.java,pzgetinputmethodtype
model,com/pegarules/generated/model/ra_model_pzgetlistofavailabletoggles_22d9fe908c117da979d0664f04e59764.java,ra_model_pzgetlistofavailabletoggles_22d9fe908c117da979d0664f04e59764.java,pzgetlistofavailabletoggles
model,com/pegarules/generated/model/ra_model_pzsetstylesheetnames_bfe54dbc816a9846d95c9e3dfe736b1b.java,ra_model_pzsetstylesheetnames_bfe54dbc816a9846d95c9e3dfe736b1b.java,pzsetstylesheetnames
model,com/pegarules/generated/model/ra_model_pzgetrecordmanagementpreferences_922d16338346969e7a2b3968a945ed90.java,ra_model_pzgetrecordmanagementpreferences_922d16338346969e7a2b3968a945ed90.java,pzgetrecordmanagementpreferences
model,com/pegarules/generated/model/ra_model_pydefautuserdashboard_8999eafa60a2532c9bcc2d54ed6fd818.java,ra_model_pydefautuserdashboard_8999eafa60a2532c9bcc2d54ed6fd818.java,pydefautuserdashboard
model,com/pegarules/generated/model/ra_model_pzpopulateexpexplorerdata_f785aab4d2a28e6e49087c26376ecfdf.java,ra_model_pzpopulateexpexplorerdata_f785aab4d2a28e6e49087c26376ecfdf.java,pzpopulateexpexplorerdata
model,com/pegarules/generated/model/ra_model_pzgetcasechannels_05ed38b5e1d98f565f4bf68c76e05f3b.java,ra_model_pzgetcasechannels_05ed38b5e1d98f565f4bf68c76e05f3b.java,pzgetcasechannels
model,com/pegarules/generated/model/ra_model_pzresetfunctiondetails_83d6bc56a5e18c4d07a80a572ea60cc1.java,ra_model_pzresetfunctiondetails_83d6bc56a5e18c4d07a80a572ea60cc1.java,pzresetfunctiondetails
model,com/pegarules/generated/model/ra_model_pzloadthemes_518a61cfcfa113d1cb03543714038246.java,ra_model_pzloadthemes_518a61cfcfa113d1cb03543714038246.java,pzloadthemes
model,com/pegarules/generated/model/ra_model_pyloaddatatypes_6470b9823ddcaabcff25868650916a5d.java,ra_model_pyloaddatatypes_6470b9823ddcaabcff25868650916a5d.java,pyloaddatatypes
model,com/pegarules/generated/model/ra_model_pzfieldmodeoptions_4992b707649ccabce8eeb890dd3305be.java,ra_model_pzfieldmodeoptions_4992b707649ccabce8eeb890dd3305be.java,pzfieldmodeoptions
model,com/pegarules/generated/model/ra_model_pzpostrmaction_030165086a6cf357926cf5f6a4fe65d7.java,ra_model_pzpostrmaction_030165086a6cf357926cf5f6a4fe65d7.java,pzpostrmaction
model,com/pegarules/generated/model/ra_model_pzisresponsedtrequired_83de3433b29f10b4782ede64c7232dbe.java,ra_model_pzisresponsedtrequired_83de3433b29f10b4782ede64c7232dbe.java,pzisresponsedtrequired
model,com/pegarules/generated/model/ra_model_pzmapdatatransformparameters_372bc7f9e16429daaa94d980d49ce43f.java,ra_model_pzmapdatatransformparameters_372bc7f9e16429daaa94d980d49ce43f.java,pzmapdatatransformparameters
model,com/pegarules/generated/model/ra_model_pzunsetshouldreload_3d050f2d6862723ce02acd2535fe8534.java,ra_model_pzunsetshouldreload_3d050f2d6862723ce02acd2535fe8534.java,pzunsetshouldreload
model,com/pegarules/generated/model/ra_model_pydefault_b7730ca0987c30be194ef8a6b3d6f3fb.java,ra_model_pydefault_b7730ca0987c30be194ef8a6b3d6f3fb.java,pydefault
model,com/pegarules/generated/model/ra_model_pzcaserelatedcontent_c8f7d553a1b9228eda0bcf3e285725a4.java,ra_model_pzcaserelatedcontent_c8f7d553a1b9228eda0bcf3e285725a4.java,pzcaserelatedcontent
model,com/pegarules/generated/model/ra_model_pyspecialfocuskeyhandler_b78b3aadb1517503f12026eb414cdb73.java,ra_model_pyspecialfocuskeyhandler_b78b3aadb1517503f12026eb414cdb73.java,pyspecialfocuskeyhandler
model,com/pegarules/generated/model/ra_model_pzsystemstatejsonmapper_b174132d57f513b785e66a8caf0702c1.java,ra_model_pzsystemstatejsonmapper_b174132d57f513b785e66a8caf0702c1.java,pzsystemstatejsonmapper
model,com/pegarules/generated/model/ra_model_pzpreprocessing_ca60c288b8fcf11010b27234262b67a8.java,ra_model_pzpreprocessing_ca60c288b8fcf11010b27234262b67a8.java,pzpreprocessing
model,com/pegarules/generated/model/ra_model_pzsystemstatejsonmapper_0925fffb5cbe222fb0652a22b168f5a4.java,ra_model_pzsystemstatejsonmapper_0925fffb5cbe222fb0652a22b168f5a4.java,pzsystemstatejsonmapper
model,com/pegarules/generated/model/ra_model_pynewapplicationsteps_d8aaa8d0b9649dce10893ed73c334792.java,ra_model_pynewapplicationsteps_d8aaa8d0b9649dce10893ed73c334792.java,pynewapplicationsteps
model,com/pegarules/generated/model/ra_model_pxseticon_d8fef3d359b32f01dcf9f85499ee65cb.java,ra_model_pxseticon_d8fef3d359b32f01dcf9f85499ee65cb.java,pxseticon
model,com/pegarules/generated/model/ra_model_pzgetchannelinfo_068430051ca24ee11d78643eb894313b.java,ra_model_pzgetchannelinfo_068430051ca24ee11d78643eb894313b.java,pzgetchannelinfo
model,com/pegarules/generated/model/ra_model_pzrbcategoriespostprocess_feaff97c2ae88ae2fe5045df418a4027.java,ra_model_pzrbcategoriespostprocess_feaff97c2ae88ae2fe5045df418a4027.java,pzrbcategoriespostprocess
model,com/pegarules/generated/model/ra_model_pydefautuserdashboard_bf15b55d569e47bc4649f1781ccc1dc0.java,ra_model_pydefautuserdashboard_bf15b55d569e47bc4649f1781ccc1dc0.java,pydefautuserdashboard
model,com/pegarules/generated/model/ra_model_pzrbsetfilters_6c1c400fb84db1ae6c5550c2553b9556.java,ra_model_pzrbsetfilters_6c1c400fb84db1ae6c5550c2553b9556.java,pzrbsetfilters
model,com/pegarules/generated/model/ra_model_pzclearcasesettings_cf884f429fa425a8bcb64e05459b189a.java,ra_model_pzclearcasesettings_cf884f429fa425a8bcb64e05459b189a.java,pzclearcasesettings
model,com/pegarules/generated/model/ra_model_pzpopulatecasesavailabletocreateforportal_8abe1a8780328c8861238f87650fe7e0.java,ra_model_pzpopulatecasesavailabletocreateforportal_8abe1a8780328c8861238f87650fe7e0.java,pzpopulatecasesavailabletocreateforportal
model,com/pegarules/generated/model/ra_model_pzgetcasesfromapplication_ce6a12ba56018fac22c2742638d9d39d.java,ra_model_pzgetcasesfromapplication_ce6a12ba56018fac22c2742638d9d39d.java,pzgetcasesfromapplication
model,com/pegarules/generated/model/ra_model_pzloaddsconnectortypes_31f109596289a7f5a5588dd854adfee2.java,ra_model_pzloaddsconnectortypes_31f109596289a7f5a5588dd854adfee2.java,pzloaddsconnectortypes
model,com/pegarules/generated/model/ra_model_pzpersonaforaccessgroup_966dbbb2d90138c854a16764439654ac.java,ra_model_pzpersonaforaccessgroup_966dbbb2d90138c854a16764439654ac.java,pzpersonaforaccessgroup
model,com/pegarules/generated/model/ra_model_pyfiltercategorylist_a9267382a79e0c59f49c99d88cb18316.java,ra_model_pyfiltercategorylist_a9267382a79e0c59f49c99d88cb18316.java,pyfiltercategorylist
model,com/pegarules/generated/model/ra_model_pzupdatepdnqueryuri_433c2aa04df997f47a7a0cb7bba75cc5.java,ra_model_pzupdatepdnqueryuri_433c2aa04df997f47a7a0cb7bba75cc5.java,pzupdatepdnqueryuri
model,com/pegarules/generated/model/ra_model_pzdefaultapplicationguides_e97d83eca5f1647d93a012f89727ad3f.java,ra_model_pzdefaultapplicationguides_e97d83eca5f1647d93a012f89727ad3f.java,pzdefaultapplicationguides
model,com/pegarules/generated/model/ra_model_properties_always_updated_fdc0fc2b0d53d6d730a41449d2df447d.java,ra_model_properties_always_updated_fdc0fc2b0d53d6d730a41449d2df447d.java,properties always updated
model,com/pegarules/generated/model/ra_model_pzsetclassintanceskey_2b82b74ad20495832e834d48222f3fd4.java,ra_model_pzsetclassintanceskey_2b82b74ad20495832e834d48222f3fd4.java,pzsetclassintanceskey
model,com/pegarules/generated/model/ra_model_pzsortthemeslist_6e5d17123e115c9951d2bdac92f220dd.java,ra_model_pzsortthemeslist_6e5d17123e115c9951d2bdac92f220dd.java,pzsortthemeslist
model,com/pegarules/generated/model/ra_model_pzpostrmaction_8a5aadfe0b195145f204ca5bbb514b1d.java,ra_model_pzpostrmaction_8a5aadfe0b195145f204ca5bbb514b1d.java,pzpostrmaction
model,com/pegarules/generated/model/ra_model_newruleobjsummaryviewwhencondition_08b89aa8531d2c0847d2a12ca28a94d9.java,ra_model_newruleobjsummaryviewwhencondition_08b89aa8531d2c0847d2a12ca28a94d9.java,newruleobjsummaryviewwhencondition
model,com/pegarules/generated/model/ra_model_pxseticon_825f4b34a13cfd0240fd59c1a408c6a4.java,ra_model_pxseticon_825f4b34a13cfd0240fd59c1a408c6a4.java,pxseticon
model,com/pegarules/generated/model/ra_model_pydefautuserdashboard_4951b6ce68206c5fc88dd305e1ee7910.java,ra_model_pydefautuserdashboard_4951b6ce68206c5fc88dd305e1ee7910.java,pydefautuserdashboard
model,com/pegarules/generated/model/ra_model_pzgetcasestepdatatransforms_dfccf482be40a8a3240157c61adacd82.java,ra_model_pzgetcasestepdatatransforms_dfccf482be40a8a3240157c61adacd82.java,pzgetcasestepdatatransforms
model,com/pegarules/generated/model/ra_model_pzappexplorer_69af56ecd123b3912d9d60c0cda17e73.java,ra_model_pzappexplorer_69af56ecd123b3912d9d60c0cda17e73.java,pzappexplorer
model,com/pegarules/generated/model/ra_model_pysetposttypeinfo_f7dc76b42697d4987cfce265eae7a0c2.java,ra_model_pysetposttypeinfo_f7dc76b42697d4987cfce265eae7a0c2.java,pysetposttypeinfo
model,com/pegarules/generated/model/ra_model_pzprepareportalurl_2ccdfca7bb0e88395b4fdd4eb2e512e7.java,ra_model_pzprepareportalurl_2ccdfca7bb0e88395b4fdd4eb2e512e7.java,pzprepareportalurl
model,com/pegarules/generated/model/ra_model_pysetrecordrulesetandversion_4da9140753b3bed7739e2f819c42df7c.java,ra_model_pysetrecordrulesetandversion_4da9140753b3bed7739e2f819c42df7c.java,pysetrecordrulesetandversion
model,com/pegarules/generated/model/ra_model_pzsetdatatransformname_4b0bf00007df62b83342cc4abb971463.java,ra_model_pzsetdatatransformname_4b0bf00007df62b83342cc4abb971463.java,pzsetdatatransformname
model,com/pegarules/generated/model/ra_model_pzresetcasesanddata_1a8dd8cb16e38469fcc0c6061f84c438.java,ra_model_pzresetcasesanddata_1a8dd8cb16e38469fcc0c6061f84c438.java,pzresetcasesanddata
model,com/pegarules/generated/model/ra_model_pzbuildappinfo_bed12cd2e8ad8e0d46e7fe4aff4f5b9c.java,ra_model_pzbuildappinfo_bed12cd2e8ad8e0d46e7fe4aff4f5b9c.java,pzbuildappinfo
model,com/pegarules/generated/model/ra_model_properties_always_updated_d8a18cc210f6b3951833ad021036e114.java,ra_model_properties_always_updated_d8a18cc210f6b3951833ad021036e114.java,properties always updated
model,com/pegarules/generated/model/ra_model_pzruleset_versiondeleterows_d1b9c7f3d3e45faf237492e0ab60a018.java,ra_model_pzruleset_versiondeleterows_d1b9c7f3d3e45faf237492e0ab60a018.java,pzruleset versiondeleterows
model,com/pegarules/generated/model/ra_model_pzappexplorer_51a2a7d462861eaf0add7a9914b90408.java,ra_model_pzappexplorer_51a2a7d462861eaf0add7a9914b90408.java,pzappexplorer
model,com/pegarules/generated/model/ra_model_pzbuildactiveapplicationfilters_27f2fdd5aaeeb2e2cd48defa2ecd20fd.java,ra_model_pzbuildactiveapplicationfilters_27f2fdd5aaeeb2e2cd48defa2ecd20fd.java,pzbuildactiveapplicationfilters
model,com/pegarules/generated/model/ra_model_pzloaddatatypes_38cdfcae3abee67ef4a4b8f445d880a9.java,ra_model_pzloaddatatypes_38cdfcae3abee67ef4a4b8f445d880a9.java,pzloaddatatypes
model,com/pegarules/generated/model/ra_model_pzgetavailablecontrolsforfield_59d6ae08ac99bab6936442ce9144aeec.java,ra_model_pzgetavailablecontrolsforfield_59d6ae08ac99bab6936442ce9144aeec.java,pzgetavailablecontrolsforfield
model,com/pegarules/generated/model/ra_model_pyaddrecentlistitem_8a6f1f977af25597cf51efdfb8aaa579.java,ra_model_pyaddrecentlistitem_8a6f1f977af25597cf51efdfb8aaa579.java,pyaddrecentlistitem
model,com/pegarules/generated/model/ra_model_pysetposttypeinfo_c535c5a1469ae27863593a090d89b5b3.java,ra_model_pysetposttypeinfo_c535c5a1469ae27863593a090d89b5b3.java,pysetposttypeinfo
model,com/pegarules/generated/model/ra_model_pzsetflowmessageswarningsinner_9ad4142bebea5f72aeed54d23eaadce8.java,ra_model_pzsetflowmessageswarningsinner_9ad4142bebea5f72aeed54d23eaadce8.java,pzsetflowmessageswarningsinner
expressions,com/pegarules/generated/expressions/ra_action__pxapplicationurl__8b3d1f9c7fd89cf6aace717500ace750.java,ra_action__pxapplicationurl__8b3d1f9c7fd89cf6aace717500ace750.java,pxapplicationurl
expressions,com/pegarules/generated/expressions/ra_action__pxclearmethodstatus__b671831a2f32d5880c684ccd0606a9ac.java,ra_action__pxclearmethodstatus__b671831a2f32d5880c684ccd0606a9ac.java,pxclearmethodstatus
expressions,com/pegarules/generated/expressions/ra_action__pyshowrightpanelincd__ef47ad5771c69e747bfef6f7284821d2.java,ra_action__pyshowrightpanelincd__ef47ad5771c69e747bfef6f7284821d2.java,pyshowrightpanelincd
expressions,com/pegarules/generated/expressions/ra_action__pyexptoparentclassname__c2c1de696b0fbfa80175a82bb0ab4c73.java,ra_action__pyexptoparentclassname__c2c1de696b0fbfa80175a82bb0ab4c73.java,pyexptoparentclassname
expressions,com/pegarules/generated/expressions/ra_action__pynodecountnotrunning__facac6d72d9021ea8915517c332cff5c.java,ra_action__pynodecountnotrunning__facac6d72d9021ea8915517c332cff5c.java,pynodecountnotrunning
expressions,com/pegarules/generated/expressions/ra_action__stakeholderscount__6afa4a18204c48a25903682cf67cd1fd.java,ra_action__stakeholderscount__6afa4a18204c48a25903682cf67cd1fd.java,stakeholderscount
expressions,com/pegarules/generated/expressions/ra_action__pxactivechannel__209b32f39134d4ae8e116916f6a213de.java,ra_action__pxactivechannel__209b32f39134d4ae8e116916f6a213de.java,pxactivechannel
expressions,com/pegarules/generated/expressions/ra_action__pysecondaryinputclass__5d17e992ce68e26d88714066cc611539.java,ra_action__pysecondaryinputclass__5d17e992ce68e26d88714066cc611539.java,pysecondaryinputclass
expressions,com/pegarules/generated/expressions/ra_action__pyoutputclassofsecondaryinput__bdc775ca43190d201362e41e9d4fa0cd.java,ra_action__pyoutputclassofsecondaryinput__bdc775ca43190d201362e41e9d4fa0cd.java,pyoutputclassofsecondaryinput
expressions,com/pegarules/generated/expressions/ra_action__pxlistsubscript__ef901537ade39f531f37ce19929ad18c.java,ra_action__pxlistsubscript__ef901537ade39f531f37ce19929ad18c.java,pxlistsubscript
expressions,com/pegarules/generated/expressions/ra_action__pxwarningseverityclass__86ee8459b8ee768e96ad6a8ccc34cc8a.java,ra_action__pxwarningseverityclass__86ee8459b8ee768e96ad6a8ccc34cc8a.java,pxwarningseverityclass
expressions,com/pegarules/generated/expressions/ra_action__pxbuilddisplayname__a41f23cebac6e7a2c9f896262d3f3b58.java,ra_action__pxbuilddisplayname__a41f23cebac6e7a2c9f896262d3f3b58.java,pxbuilddisplayname
expressions,com/pegarules/generated/expressions/ra_action__pxcreatedatetime__26f8cf9aa853b7346aa9a876fc0e58f3.java,ra_action__pxcreatedatetime__26f8cf9aa853b7346aa9a876fc0e58f3.java,pxcreatedatetime
expressions,com/pegarules/generated/expressions/ra_action__pypreviousshapename__4f1fbc22bf3a70b47e5d09ce9e0bde96.java,ra_action__pypreviousshapename__4f1fbc22bf3a70b47e5d09ce9e0bde96.java,pypreviousshapename
expressions,com/pegarules/generated/expressions/ra_action__pyuserinvitationbody__96ce94c760f3a8193dd8dbc6b429be59.java,ra_action__pyuserinvitationbody__96ce94c760f3a8193dd8dbc6b429be59.java,pyuserinvitationbody
expressions,com/pegarules/generated/expressions/ra_action__pxreleasescount__753dc713a754ff46f8e3a217a2e9a20d.java,ra_action__pxreleasescount__753dc713a754ff46f8e3a217a2e9a20d.java,pxreleasescount
expressions,com/pegarules/generated/expressions/ra_action__pypageclass__5adbeb42516a432ce784340628edd253.java,ra_action__pypageclass__5adbeb42516a432ce784340628edd253.java,pypageclass
expressions,com/pegarules/generated/expressions/ra_action__pydescription__0469c85aa04985b1297d973583b46a24.java,ra_action__pydescription__0469c85aa04985b1297d973583b46a24.java,pydescription
expressions,com/pegarules/generated/expressions/ra_action__pypageref__97da523d5697d253b6938d4f0a009377.java,ra_action__pypageref__97da523d5697d253b6938d4f0a009377.java,pypageref
expressions,com/pegarules/generated/expressions/ra_action__pyshapeimpl__805d3c51f5120ec0a79119faea631c1c.java,ra_action__pyshapeimpl__805d3c51f5120ec0a79119faea631c1c.java,pyshapeimpl
expressions,com/pegarules/generated/expressions/ra_action__pyobjclasslabel__6af8777643778223b5387afdbaa822a3.java,ra_action__pyobjclasslabel__6af8777643778223b5387afdbaa822a3.java,pyobjclasslabel
expressions,com/pegarules/generated/expressions/ra_action__pxhighseveritywarningcount__0924741c4b428ceaa5865a7573cfe52d.java,ra_action__pxhighseveritywarningcount__0924741c4b428ceaa5865a7573cfe52d.java,pxhighseveritywarningcount
expressions,com/pegarules/generated/expressions/ra_action__pydataaccessinfo__d92976f4dd37bd94304fc31aacfe3464.java,ra_action__pydataaccessinfo__d92976f4dd37bd94304fc31aacfe3464.java,pydataaccessinfo
expressions,com/pegarules/generated/expressions/ra_action__pyexpmyfullname__ec1823a19c2226530309534bc4b628fd.java,ra_action__pyexpmyfullname__ec1823a19c2226530309534bc4b628fd.java,pyexpmyfullname
expressions,com/pegarules/generated/expressions/ra_action__pyselectedapplicationversion__614614dca576dbd33624d34aa10735b3.java,ra_action__pyselectedapplicationversion__614614dca576dbd33624d34aa10735b3.java,pyselectedapplicationversion
expressions,com/pegarules/generated/expressions/ra_action__pxassumptionscount__912651bf55794daafc663a96361086fb.java,ra_action__pxassumptionscount__912651bf55794daafc663a96361086fb.java,pxassumptionscount
expressions,com/pegarules/generated/expressions/ra_action__worklistopencount__f9c6e4a4e9afc3be928888f10396b4cd.java,ra_action__worklistopencount__f9c6e4a4e9afc3be928888f10396b4cd.java,worklistopencount
expressions,com/pegarules/generated/expressions/ra_action__pxwarningcount__dc8afc4a53c05f76469e7e4e01e393a9.java,ra_action__pxwarningcount__dc8afc4a53c05f76469e7e4e01e393a9.java,pxwarningcount
expressions,com/pegarules/generated/expressions/ra_action__pycheckenabledvalue__37b51b48b5a1a77c8b36b31f25bacc01.java,ra_action__pycheckenabledvalue__37b51b48b5a1a77c8b36b31f25bacc01.java,pycheckenabledvalue
expressions,com/pegarules/generated/expressions/ra_action__pyiosappdownloadlink__e2cc3e272e4773aa56d698602b371b28.java,ra_action__pyiosappdownloadlink__e2cc3e272e4773aa56d698602b371b28.java,pyiosappdownloadlink
expressions,com/pegarules/generated/expressions/ra_action__pxvanitybuildname__fe62d083850115a5da71a68a27ba5ea1.java,ra_action__pxvanitybuildname__fe62d083850115a5da71a68a27ba5ea1.java,pxvanitybuildname
expressions,com/pegarules/generated/expressions/ra_action__pyruletypeplusselectedcount__61702dfb47f0e031ee65f9a6513dd2da.java,ra_action__pyruletypeplusselectedcount__61702dfb47f0e031ee65f9a6513dd2da.java,pyruletypeplusselectedcount
expressions,com/pegarules/generated/expressions/ra_action__pylockingmode__3d2165464d882bb07c9dfe9bc18aad21.java,ra_action__pylockingmode__3d2165464d882bb07c9dfe9bc18aad21.java,pylockingmode
expressions,com/pegarules/generated/expressions/ra_action__pxactorscount__df34d079e52d6ce9321612e6bc14a99e.java,ra_action__pxactorscount__df34d079e52d6ce9321612e6bc14a99e.java,pxactorscount
expressions,com/pegarules/generated/expressions/ra_action__pxurgencyassign__f0a5967f9ec279845feaf203d46d2c9e.java,ra_action__pxurgencyassign__f0a5967f9ec279845feaf203d46d2c9e.java,pxurgencyassign
expressions,com/pegarules/generated/expressions/ra_action__pxunjustifiedwarningcount__84198e49981d656157ffaddd4c2bfa13.java,ra_action__pxunjustifiedwarningcount__84198e49981d656157ffaddd4c2bfa13.java,pxunjustifiedwarningcount
expressions,com/pegarules/generated/expressions/ra_action__pytoplevelpageclass__2fc625bff62881b05530187d91c0ba95.java,ra_action__pytoplevelpageclass__2fc625bff62881b05530187d91c0ba95.java,pytoplevelpageclass
expressions,com/pegarules/generated/expressions/ra_action__pytotalnodes__3b7c9c5825a0c0d0b50b603983ee8324.java,ra_action__pytotalnodes__3b7c9c5825a0c0d0b50b603983ee8324.java,pytotalnodes
expressions,com/pegarules/generated/expressions/ra_action__pymoname__73845660faa3774736e73dd381739619.java,ra_action__pymoname__73845660faa3774736e73dd381739619.java,pymoname
expressions,com/pegarules/generated/expressions/ra_action__pxservicename__791706376a490f5b1b69f57de31bb63e.java,ra_action__pxservicename__791706376a490f5b1b69f57de31bb63e.java,pxservicename
expressions,com/pegarules/generated/expressions/ra_action__pxtablabel__a2dff98455824538013534db1d5262db.java,ra_action__pxtablabel__a2dff98455824538013534db1d5262db.java,pxtablabel
expressions,com/pegarules/generated/expressions/ra_action__pystatusgroup__8d6bba9df9cbcda5b0ed126c0ca4bf43.java,ra_action__pystatusgroup__8d6bba9df9cbcda5b0ed126c0ca4bf43.java,pystatusgroup
expressions,com/pegarules/generated/expressions/ra_action__pynumberofactiveappfilters__612b3e8d710fd6709fb1b712e8c47cc1.java,ra_action__pynumberofactiveappfilters__612b3e8d710fd6709fb1b712e8c47cc1.java,pynumberofactiveappfilters
expressions,com/pegarules/generated/expressions/ra_action__pytotalbrokenqueuecount__aa3aed5d31ee197cc95aaf59d935d5d3.java,ra_action__pytotalbrokenqueuecount__aa3aed5d31ee197cc95aaf59d935d5d3.java,pytotalbrokenqueuecount
expressions,com/pegarules/generated/expressions/ra_action__pyisfieldforworkclass__5c58b0ca60ec189eacdf78aac4323e3e.java,ra_action__pyisfieldforworkclass__5c58b0ca60ec189eacdf78aac4323e3e.java,pyisfieldforworkclass
expressions,com/pegarules/generated/expressions/ra_action__pyprimarybusinessobjective__c4ea03e7337b8bee44f1cb06b23d5ac0.java,ra_action__pyprimarybusinessobjective__c4ea03e7337b8bee44f1cb06b23d5ac0.java,pyprimarybusinessobjective
expressions,com/pegarules/generated/expressions/ra_action__pxattachmentscount__bdb5cbb72227c67e52d279ec7a82ecbe.java,ra_action__pxattachmentscount__bdb5cbb72227c67e52d279ec7a82ecbe.java,pxattachmentscount
expressions,com/pegarules/generated/expressions/ra_action__pymobileapplicationdisplayname__93fae67ed6e5d78f088a7002b67afc5d.java,ra_action__pymobileapplicationdisplayname__93fae67ed6e5d78f088a7002b67afc5d.java,pymobileapplicationdisplayname
expressions,com/pegarules/generated/expressions/ra_action__pyinternalassignmenthandle__f9cd3f8ad435ec60ed5d6d805118ed71.java,ra_action__pyinternalassignmenthandle__f9cd3f8ad435ec60ed5d6d805118ed71.java,pyinternalassignmenthandle
expressions,com/pegarules/generated/expressions/ra_action__pxbuildname__1b6e5349654e10f7b0117971db5b30a4.java,ra_action__pxbuildname__1b6e5349654e10f7b0117971db5b30a4.java,pxbuildname
expressions,com/pegarules/generated/expressions/ra_action__pyassetcount__4b3900b9495c52a75f9065b86260f350.java,ra_action__pyassetcount__4b3900b9495c52a75f9065b86260f350.java,pyassetcount
expressions,com/pegarules/generated/expressions/ra_action__pyguideavailableportalscount__7c825594c7d5eb060e39bc9df65bd268.java,ra_action__pyguideavailableportalscount__7c825594c7d5eb060e39bc9df65bd268.java,pyguideavailableportalscount
expressions,com/pegarules/generated/expressions/ra_action__pyruleharness__07a1f21d50af24f152e188c1b34f9599.java,ra_action__pyruleharness__07a1f21d50af24f152e188c1b34f9599.java,pyruleharness
expressions,com/pegarules/generated/expressions/ra_action__pyeditundocount__c19ae3e2b95cfd17474db7b44158ebb5.java,ra_action__pyeditundocount__c19ae3e2b95cfd17474db7b44158ebb5.java,pyeditundocount
expressions,com/pegarules/generated/expressions/ra_action__pxdataflowexists__4cb16607307e787fe504e4b96028a6c6.java,ra_action__pxdataflowexists__4cb16607307e787fe504e4b96028a6c6.java,pxdataflowexists
expressions,com/pegarules/generated/expressions/ra_action__pycasetypescount__7dd6bfbaf9493d6d6041e9391e6026b1.java,ra_action__pycasetypescount__7dd6bfbaf9493d6d6041e9391e6026b1.java,pycasetypescount
expressions,com/pegarules/generated/expressions/ra_action__pxhaspromptpagesdefined__816f22e6565d22a9d7c09f4a1b7376d2.java,ra_action__pxhaspromptpagesdefined__816f22e6565d22a9d7c09f4a1b7376d2.java,pxhaspromptpagesdefined
expressions,com/pegarules/generated/expressions/ra_action__pyandroidappdownloadlink__861bbbc018662082f2bdb2f95278e00a.java,ra_action__pyandroidappdownloadlink__861bbbc018662082f2bdb2f95278e00a.java,pyandroidappdownloadlink
expressions,com/pegarules/generated/expressions/ra_action__pyuserinvitationsubject__d5738aa91c35c10b4009a86348996996.java,ra_action__pyuserinvitationsubject__d5738aa91c35c10b4009a86348996996.java,pyuserinvitationsubject
expressions,com/pegarules/generated/expressions/ra_action__pyissimulated__e8b77ed091e077812d15174b36d75847.java,ra_action__pyissimulated__e8b77ed091e077812d15174b36d75847.java,pyissimulated
expressions,com/pegarules/generated/expressions/ra_action__pyfeaturecount__6c440a1b0aa11ed8c325ce85a3210838.java,ra_action__pyfeaturecount__6c440a1b0aa11ed8c325ce85a3210838.java,pyfeaturecount
expressions,com/pegarules/generated/expressions/ra_action__pxsanitizedproductname__6c0a707aa7cee5d880d813fe21c013e7.java,ra_action__pxsanitizedproductname__6c0a707aa7cee5d880d813fe21c013e7.java,pxsanitizedproductname
expressions,com/pegarules/generated/expressions/ra_action__pypageclass__e7d0120041462591fc0f28ea1790d8a6.java,ra_action__pypageclass__e7d0120041462591fc0f28ea1790d8a6.java,pypageclass
expressions,com/pegarules/generated/expressions/ra_action__pynumberofusers__bd3d7dc88c4afda9cc2a3241c50e6d05.java,ra_action__pynumberofusers__bd3d7dc88c4afda9cc2a3241c50e6d05.java,pynumberofusers
expressions,com/pegarules/generated/expressions/ra_action__pyruleformtype__65cea14bd134c544764d1aebd605807c.java,ra_action__pyruleformtype__65cea14bd134c544764d1aebd605807c.java,pyruleformtype
expressions,com/pegarules/generated/expressions/ra_action__pxurgencywork__48269f62e619a7051d1bb9602e5c7e9c.java,ra_action__pxurgencywork__48269f62e619a7051d1bb9602e5c7e9c.java,pxurgencywork
expressions,com/pegarules/generated/expressions/ra_action__pyobjclasslabel__a857b865545013e1583c76f0b843549a.java,ra_action__pyobjclasslabel__a857b865545013e1583c76f0b843549a.java,pyobjclasslabel
expressions,com/pegarules/generated/expressions/ra_action__pytotalrequestorpools__c8839f6d63ee7bd948c1ad0278f29fdd.java,ra_action__pytotalrequestorpools__c8839f6d63ee7bd948c1ad0278f29fdd.java,pytotalrequestorpools
expressions,com/pegarules/generated/expressions/ra_action__pysecondarysourcetype__8a0193f06e175a7fc9ff7eb7737ae4ed.java,ra_action__pysecondarysourcetype__8a0193f06e175a7fc9ff7eb7737ae4ed.java,pysecondarysourcetype
expressions,com/pegarules/generated/expressions/ra_action__pypropertymodelabel__210c76b56da2a0e5227dc443eb3bcdb9.java,ra_action__pypropertymodelabel__210c76b56da2a0e5227dc443eb3bcdb9.java,pypropertymodelabel
expressions,com/pegarules/generated/expressions/ra_action__pxtablabel__9c00f9f805d7886cd659f76c2ebdd809.java,ra_action__pxtablabel__9c00f9f805d7886cd659f76c2ebdd809.java,pxtablabel
expressions,com/pegarules/generated/expressions/ra_action__pyusefullwindowsize__daf02fd74f13132977e27fe04474b351.java,ra_action__pyusefullwindowsize__daf02fd74f13132977e27fe04474b351.java,pyusefullwindowsize
expressions,com/pegarules/generated/expressions/ra_action__pystepsactivitynameuc__b5be49552f90aa6cd75c997d1e4d56f0.java,ra_action__pystepsactivitynameuc__b5be49552f90aa6cd75c997d1e4d56f0.java,pystepsactivitynameuc
expressions,com/pegarules/generated/expressions/ra_action__pxhelpuri__17a178582046bfc87a88138534968c01.java,ra_action__pxhelpuri__17a178582046bfc87a88138534968c01.java,pxhelpuri
expressions,com/pegarules/generated/expressions/ra_action__pxapplicationurl__0b3464696762a52ecf9a23585b3a7ca7.java,ra_action__pxapplicationurl__0b3464696762a52ecf9a23585b3a7ca7.java,pxapplicationurl
expressions,com/pegarules/generated/expressions/ra_action__pyissystemfield__1daebe54d37646e2d9254fc34113518b.java,ra_action__pyissystemfield__1daebe54d37646e2d9254fc34113518b.java,pyissystemfield
expressions,com/pegarules/generated/expressions/ra_action__pysecondarysourcerule__aeaf1b5b8bc2c47e2b86efd2a84f1767.java,ra_action__pysecondarysourcerule__aeaf1b5b8bc2c47e2b86efd2a84f1767.java,pysecondarysourcerule
expressions,com/pegarules/generated/expressions/ra_action__pycontentstorage__8d2ef443ab73997d9c1411563ad1fcdc.java,ra_action__pycontentstorage__8d2ef443ab73997d9c1411563ad1fcdc.java,pycontentstorage
expressions,com/pegarules/generated/expressions/ra_action__pxparticipantscount__74525cbd0d92224535f9b3b06c7c8617.java,ra_action__pxparticipantscount__74525cbd0d92224535f9b3b06c7c8617.java,pxparticipantscount
expressions,com/pegarules/generated/expressions/ra_action__pyisdatapagereadonlyfromparentexp__495c55b079fb977307186dbe7e0a4f2c.java,ra_action__pyisdatapagereadonlyfromparentexp__495c55b079fb977307186dbe7e0a4f2c.java,pyisdatapagereadonlyfromparentexp
expressions,com/pegarules/generated/expressions/ra_action__pysecondarysourceclass__aa7ebba42d88c0884f90915c41253e6a.java,ra_action__pysecondarysourceclass__aa7ebba42d88c0884f90915c41253e6a.java,pysecondarysourceclass
expressions,com/pegarules/generated/expressions/ra_action__pychannelname__e858e6ea9d27eeb6d52fb0cd3f3a282d.java,ra_action__pychannelname__e858e6ea9d27eeb6d52fb0cd3f3a282d.java,pychannelname
expressions,com/pegarules/generated/expressions/ra_action__pxstepdefaultdescription__6c1bf96960255939e0b4f15e4524bf1c.java,ra_action__pxstepdefaultdescription__6c1bf96960255939e0b4f15e4524bf1c.java,pxstepdefaultdescription
expressions,com/pegarules/generated/expressions/ra_action__pxnodename__e6c635666b5b488b6704a60b206934ac.java,ra_action__pxnodename__e6c635666b5b488b6704a60b206934ac.java,pxnodename
expressions,com/pegarules/generated/expressions/ra_action__pyselectedapplicationname__48da8254ef26c45d989d2734db3996e6.java,ra_action__pyselectedapplicationname__48da8254ef26c45d989d2734db3996e6.java,pyselectedapplicationname
expressions,com/pegarules/generated/expressions/ra_action__pypulsecontext__b05e91c938050cc4411b275ce66fcf47.java,ra_action__pypulsecontext__b05e91c938050cc4411b275ce66fcf47.java,pypulsecontext
expressions,com/pegarules/generated/expressions/ra_action__pymoname__9905eec8c835cf850789376d14096dbc.java,ra_action__pymoname__9905eec8c835cf850789376d14096dbc.java,pymoname
expressions,com/pegarules/generated/expressions/ra_action__pxiterationscount__4f6933375291a9429202829726016f45.java,ra_action__pxiterationscount__4f6933375291a9429202829726016f45.java,pxiterationscount
expressions,com/pegarules/generated/expressions/ra_action__pxprimarypagename__c684e493840b85c59cdb808d989937b1.java,ra_action__pxprimarypagename__c684e493840b85c59cdb808d989937b1.java,pxprimarypagename
expressions,com/pegarules/generated/expressions/ra_action__pycompositepropclass__3cf8b7ccabf1bc2700bd474d922a0aa2.java,ra_action__pycompositepropclass__3cf8b7ccabf1bc2700bd474d922a0aa2.java,pycompositepropclass
expressions,com/pegarules/generated/expressions/ra_action__pxerrormessagecount__6e3bd43ef6e2623da699665ff6bdb572.java,ra_action__pxerrormessagecount__6e3bd43ef6e2623da699665ff6bdb572.java,pxerrormessagecount
expressions,com/pegarules/generated/expressions/ra_action__pyoutputclass__b83b29befb95a22a531dae2733a2664a.java,ra_action__pyoutputclass__b83b29befb95a22a531dae2733a2664a.java,pyoutputclass
expressions,com/pegarules/generated/expressions/ra_action__pyformattedtimeproperty__1a3990c0018f21bb90c0ad9390994230.java,ra_action__pyformattedtimeproperty__1a3990c0018f21bb90c0ad9390994230.java,pyformattedtimeproperty
expressions,com/pegarules/generated/expressions/ra_action__pxindividualerrormessagecount__07313e36391b848ddc583b0f2a773722.java,ra_action__pxindividualerrormessagecount__07313e36391b848ddc583b0f2a773722.java,pxindividualerrormessagecount
expressions,com/pegarules/generated/expressions/ra_action__pyfieldmoderestrictions__af8571eb7dc36622cd7e8b42096d78a6.java,ra_action__pyfieldmoderestrictions__af8571eb7dc36622cd7e8b42096d78a6.java,pyfieldmoderestrictions
expressions,com/pegarules/generated/expressions/ra_action__pyprimaryinputname__fe0c3a510d34a55b70e8d8870fd5397b.java,ra_action__pyprimaryinputname__fe0c3a510d34a55b70e8d8870fd5397b.java,pyprimaryinputname
expressions,com/pegarules/generated/expressions/ra_action__pylabelfortargetcolumn__267de849145c97bd96fb529d4fc33ad8.java,ra_action__pylabelfortargetcolumn__267de849145c97bd96fb529d4fc33ad8.java,pylabelfortargetcolumn
expressions,com/pegarules/generated/expressions/ra_action__pysteppagereference__39d78adeeb76185695cd9fa42f295436.java,ra_action__pysteppagereference__39d78adeeb76185695cd9fa42f295436.java,pysteppagereference
expressions,com/pegarules/generated/expressions/ra_action__pyrulecallparamsclass__737300540fa24ad1ce111d931aa67e5f.java,ra_action__pyrulecallparamsclass__737300540fa24ad1ce111d931aa67e5f.java,pyrulecallparamsclass
expressions,com/pegarules/generated/expressions/ra_action__pxpagereference__7c8cc8cf518bbd7dfd972863f64cdaa1.java,ra_action__pxpagereference__7c8cc8cf518bbd7dfd972863f64cdaa1.java,pxpagereference
expressions,com/pegarules/generated/expressions/ra_action__pytotalagents__328b15357304fcf356edc59d3b3f192b.java,ra_action__pytotalagents__328b15357304fcf356edc59d3b3f192b.java,pytotalagents
expressions,com/pegarules/generated/expressions/ra_action__pystrategyhasexternalinputs__8556ca653b11b7cd83f87ff99e88bd41.java,ra_action__pystrategyhasexternalinputs__8556ca653b11b7cd83f87ff99e88bd41.java,pystrategyhasexternalinputs
expressions,com/pegarules/generated/expressions/ra_action__pylabelforsourcecolumn__75a26306a21c4990f31d9ed07ceb19eb.java,ra_action__pylabelforsourcecolumn__75a26306a21c4990f31d9ed07ceb19eb.java,pylabelforsourcecolumn
expressions,com/pegarules/generated/expressions/ra_action__pxportalhelpuri__606e944537f35606e328dfb4d7a1dc1d.java,ra_action__pxportalhelpuri__606e944537f35606e328dfb4d7a1dc1d.java,pxportalhelpuri
expressions,com/pegarules/generated/expressions/ra_action__pxhelpuri__87978a90a56011dcad289c8ac383cb29.java,ra_action__pxhelpuri__87978a90a56011dcad289c8ac383cb29.java,pxhelpuri
expressions,com/pegarules/generated/expressions/ra_action__pyappnameandverison__657c7874c56f8eafed38056ea80019d6.java,ra_action__pyappnameandverison__657c7874c56f8eafed38056ea80019d6.java,pyappnameandverison
expressions,com/pegarules/generated/expressions/ra_action__pyprimaryinputname__9be3c63447e92c5aa62f0b1b283f82f6.java,ra_action__pyprimaryinputname__9be3c63447e92c5aa62f0b1b283f82f6.java,pyprimaryinputname
expressions,com/pegarules/generated/expressions/ra_action__pxunjustifiedhswarningcount__4706752dbb017f52c8757c01df82ab35.java,ra_action__pxunjustifiedhswarningcount__4706752dbb017f52c8757c01df82ab35.java,pxunjustifiedhswarningcount
expressions,com/pegarules/generated/expressions/ra_action__pyelementtype__66d209ca4d72e1049761e9e4d8a32047.java,ra_action__pyelementtype__66d209ca4d72e1049761e9e4d8a32047.java,pyelementtype
expressions,com/pegarules/generated/expressions/ra_action__pytotaljobs__7851d446b66d8e558b0547fb8149a1bd.java,ra_action__pytotaljobs__7851d446b66d8e558b0547fb8149a1bd.java,pytotaljobs
expressions,com/pegarules/generated/expressions/ra_action__pyactionsetslabel__8081839b652c4b1c8f44096d97511b7a.java,ra_action__pyactionsetslabel__8081839b652c4b1c8f44096d97511b7a.java,pyactionsetslabel
expressions,com/pegarules/generated/expressions/ra_action__pxurgencypartytotal__53e56dce36057fe112d22d16b69aba32.java,ra_action__pxurgencypartytotal__53e56dce36057fe112d22d16b69aba32.java,pxurgencypartytotal
expressions,com/pegarules/generated/expressions/ra_action__pyreleaselabel__af5b97cda9cb492a1e97e70ffe84102a.java,ra_action__pyreleaselabel__af5b97cda9cb492a1e97e70ffe84102a.java,pyreleaselabel
expressions,com/pegarules/generated/expressions/ra_action__pyeditredocount__56bdf5bcc61f895b1a6e469b853c1509.java,ra_action__pyeditredocount__56bdf5bcc61f895b1a6e469b853c1509.java,pyeditredocount
expressions,com/pegarules/generated/expressions/ra_action__pxpagereference__77a37fa8d12bf166caef15ad37cb889e.java,ra_action__pxpagereference__77a37fa8d12bf166caef15ad37cb889e.java,pxpagereference
expressions,com/pegarules/generated/expressions/ra_action__pxservicenodestext__e85e1c00bf1c52f4e6e4a287cb479dc1.java,ra_action__pxservicenodestext__e85e1c00bf1c52f4e6e4a287cb479dc1.java,pxservicenodestext
expressions,com/pegarules/generated/expressions/ra_action__documentsandfilescount__cc83b7445aed7048dae98974de5e109a.java,ra_action__documentsandfilescount__cc83b7445aed7048dae98974de5e109a.java,documentsandfilescount
expressions,com/pegarules/generated/expressions/ra_action__pxservletnameforappurl__114053bdc6e6139558cb8f2d1e90a1c0.java,ra_action__pxservletnameforappurl__114053bdc6e6139558cb8f2d1e90a1c0.java,pxservletnameforappurl
expressions,com/pegarules/generated/expressions/ra_action__pytotalqueueprocessorscount__84b055bc78b6ed17dfaf8346719b91f3.java,ra_action__pytotalqueueprocessorscount__84b055bc78b6ed17dfaf8346719b91f3.java,pytotalqueueprocessorscount
expressions,com/pegarules/generated/expressions/ra_action__pyexpapplicationclassgroup__89a300059a5e874cc7acb5eebabdc892.java,ra_action__pyexpapplicationclassgroup__89a300059a5e874cc7acb5eebabdc892.java,pyexpapplicationclassgroup
expressions,com/pegarules/generated/expressions/ra_action__pyresolvedtaskcount__0d41d15ea7141d29a4c5ef2f0df4fb43.java,ra_action__pyresolvedtaskcount__0d41d15ea7141d29a4c5ef2f0df4fb43.java,pyresolvedtaskcount
expressions,com/pegarules/generated/expressions/ra_action__pyenabledistributedrdrun__24491c1252bcec27ed6f165bc1d9936e.java,ra_action__pyenabledistributedrdrun__24491c1252bcec27ed6f165bc1d9936e.java,pyenabledistributedrdrun
expressions,com/pegarules/generated/expressions/ra_action__pymoname__40fa9f1d115fd43c3752c2784ce51d01.java,ra_action__pymoname__40fa9f1d115fd43c3752c2784ce51d01.java,pymoname
expressions,com/pegarules/generated/expressions/ra_action__tagscount__4ff8b4f7abd121d38403cc76ae3f37b5.java,ra_action__tagscount__4ff8b4f7abd121d38403cc76ae3f37b5.java,tagscount
expressions,com/pegarules/generated/expressions/ra_action__pxlowseveritywarningcount__387d317d79444787af922196da74ad25.java,ra_action__pxlowseveritywarningcount__387d317d79444787af922196da74ad25.java,pxlowseveritywarningcount
expressions,com/pegarules/generated/expressions/ra_action__pxpagereference__d09253cae657b9743ecfce91f340d846.java,ra_action__pxpagereference__d09253cae657b9743ecfce91f340d846.java,pxpagereference
expressions,com/pegarules/generated/expressions/ra_action__pyisincaseform__da2a0ea292b55480ba9d75aa04c58bbf.java,ra_action__pyisincaseform__da2a0ea292b55480ba9d75aa04c58bbf.java,pyisincaseform
html_harness,com/pegarules/generated/html_harness/ra_stream_pycasemanager7_bc8c349ba81b7ffe5b19e066647853ee.java,ra_stream_pycasemanager7_bc8c349ba81b7ffe5b19e066647853ee.java,pycasemanager7
html_harness,com/pegarules/generated/html_harness/ra_stream_review_ddb5700db0528716b0601b9040be1098.java,ra_stream_review_ddb5700db0528716b0601b9040be1098.java,review
html_harness,com/pegarules/generated/html_harness/ra_stream_userportal_122bbc17b84e0253bbde117d36f40773.java,ra_stream_userportal_122bbc17b84e0253bbde117d36f40773.java,userportal
html_harness,com/pegarules/generated/html_harness/ra_stream_pxserviceslp_a0d068dc10b971e6c3bfc4324992ab31.java,ra_stream_pxserviceslp_a0d068dc10b971e6c3bfc4324992ab31.java,pxserviceslp
html_harness,com/pegarules/generated/html_harness/ra_stream_ruleform_aee67d7e46df78be4fb4416ae882a1f9.java,ra_stream_ruleform_aee67d7e46df78be4fb4416ae882a1f9.java,ruleform
html_harness,com/pegarules/generated/html_harness/ra_stream_ruleform_a80ffdb71fccdf9b9fd865ec44058a41.java,ra_stream_ruleform_a80ffdb71fccdf9b9fd865ec44058a41.java,ruleform
html_harness,com/pegarules/generated/html_harness/ra_stream_pzviewinstances_e0e7c39e604a4e1237ce12d727fd3c62.java,ra_stream_pzviewinstances_e0e7c39e604a4e1237ce12d727fd3c62.java,pzviewinstances
html_harness,com/pegarules/generated/html_harness/ra_stream_harnessfail_9af2a0ae0bdbac1263864fb54b15042f.java,ra_stream_harnessfail_9af2a0ae0bdbac1263864fb54b15042f.java,harnessfail
html_harness,com/pegarules/generated/html_harness/ra_stream_pydashboard7_4a8b305d1ad18d51f855e4e00cf78738.java,ra_stream_pydashboard7_4a8b305d1ad18d51f855e4e00cf78738.java,pydashboard7
html_harness,com/pegarules/generated/html_harness/ra_stream_pzexpresslpharness_f17feb9488c00c1f526c0764c25e2184.java,ra_stream_pzexpresslpharness_f17feb9488c00c1f526c0764c25e2184.java,pzexpresslpharness
html_harness,com/pegarules/generated/html_harness/ra_stream_pxadminstudio_341a3383e0671fdb243bff4a1094f41d.java,ra_stream_pxadminstudio_341a3383e0671fdb243bff4a1094f41d.java,pxadminstudio
html_harness,com/pegarules/generated/html_harness/ra_stream_perform_13526c2a0fb339ff932846a41a45edf7.java,ra_stream_perform_13526c2a0fb339ff932846a41a45edf7.java,perform
html_harness,com/pegarules/generated/html_harness/ra_stream_pztogglelpharness_d5ea90fa0a82d9c31622b96c4f997d4a.java,ra_stream_pztogglelpharness_d5ea90fa0a82d9c31622b96c4f997d4a.java,pztogglelpharness
html_harness,com/pegarules/generated/html_harness/ra_stream_ruleform_6eea30ba044afa1f4a46eeb795a38941.java,ra_stream_ruleform_6eea30ba044afa1f4a46eeb795a38941.java,ruleform
html_harness,com/pegarules/generated/html_harness/ra_stream_ruleform_737c069d341dd4df178d9036d51c7dea.java,ra_stream_ruleform_737c069d341dd4df178d9036d51c7dea.java,ruleform
html_harness,com/pegarules/generated/html_harness/ra_stream_pzlporganizationandsecurityorganization_a5a07ee9e152bf4c84fabe56c8f7b39c.java,ra_stream_pzlporganizationandsecurityorganization_a5a07ee9e152bf4c84fabe56c8f7b39c.java,pzlporganizationandsecurityorganization
html_harness,com/pegarules/generated/html_harness/ra_stream_ruleform_f3d6fbed471693e2417e4166ebaacee3.java,ra_stream_ruleform_f3d6fbed471693e2417e4166ebaacee3.java,ruleform
html_harness,com/pegarules/generated/html_harness/ra_stream_ruleform_28287cc2570fb4d27cce0a9771cbb707.java,ra_stream_ruleform_28287cc2570fb4d27cce0a9771cbb707.java,ruleform
html_harness,com/pegarules/generated/html_harness/ra_stream_ruleform_97e7924a61e8395caf24560c1c46e8bd.java,ra_stream_ruleform_97e7924a61e8395caf24560c1c46e8bd.java,ruleform
html_harness,com/pegarules/generated/html_harness/ra_stream_pycreate_2b0235abe17753ebbd1780210f55412d.java,ra_stream_pycreate_2b0235abe17753ebbd1780210f55412d.java,pycreate
html_harness,com/pegarules/generated/html_harness/ra_stream_pycaseworkerportal_26ecb8740517dc4ea7c2a292d15f6d83.java,ra_stream_pycaseworkerportal_26ecb8740517dc4ea7c2a292d15f6d83.java,pycaseworkerportal
html_harness,com/pegarules/generated/html_harness/ra_stream_ruleform_9c6ec0c5561a6b2aa2944fb9cda9b08e.java,ra_stream_ruleform_9c6ec0c5561a6b2aa2944fb9cda9b08e.java,ruleform
html_harness,com/pegarules/generated/html_harness/ra_stream_pzcasetypefromexplorer_eb81795e4dda45763fca65bd49c2ce60.java,ra_stream_pzcasetypefromexplorer_eb81795e4dda45763fca65bd49c2ce60.java,pzcasetypefromexplorer
html_harness,com/pegarules/generated/html_harness/ra_stream_pzshowrulesforrulesetversion_f1c56901d8d586e6e15440aa3e791499.java,ra_stream_pzshowrulesforrulesetversion_f1c56901d8d586e6e15440aa3e791499.java,pzshowrulesforrulesetversion
html_harness,com/pegarules/generated/html_harness/ra_stream_pzlpsystemrefactor_17bcc629d458fb08f7c94f7740402ef7.java,ra_stream_pzlpsystemrefactor_17bcc629d458fb08f7c94f7740402ef7.java,pzlpsystemrefactor
html_harness,com/pegarules/generated/html_harness/ra_stream_ruleform_5407d0523f244af00eadf33d01416572.java,ra_stream_ruleform_5407d0523f244af00eadf33d01416572.java,ruleform
html_harness,com/pegarules/generated/html_harness/ra_stream_ruleform_192047c6174b326e32e647546f21d277.java,ra_stream_ruleform_192047c6174b326e32e647546f21d277.java,ruleform
html_harness,com/pegarules/generated/html_harness/ra_stream_home_17639576a5e5b3995bc1187a453fbe36.java,ra_stream_home_17639576a5e5b3995bc1187a453fbe36.java,home
html_harness,com/pegarules/generated/html_harness/ra_stream_pzsystemmain_040c766bcd80a682a86712b341d0f495.java,ra_stream_pzsystemmain_040c766bcd80a682a86712b341d0f495.java,pzsystemmain
html_harness,com/pegarules/generated/html_harness/ra_stream_pyadminstudiodashboard_c2b108efcbd455c50501d16be3095702.java,ra_stream_pyadminstudiodashboard_c2b108efcbd455c50501d16be3095702.java,pyadminstudiodashboard
html_harness,com/pegarules/generated/html_harness/ra_stream_pzexpresslpharness_3bc4249ecbb429bd2fe50c078cc799dd.java,ra_stream_pzexpresslpharness_3bc4249ecbb429bd2fe50c078cc799dd.java,pzexpresslpharness
html_harness,com/pegarules/generated/html_harness/ra_stream_confirm_46bd1e11d437ddb3afceb17899d96b4f.java,ra_stream_confirm_46bd1e11d437ddb3afceb17899d96b4f.java,confirm
automation,com/pegarules/generated/automation/ra_paramaction_rule_classmetadata_pxupdateprimaryfields__1862465338.java,ra_paramaction_rule_classmetadata_pxupdateprimaryfields__1862465338.java,ra paramaction rule classmetadata pxupdateprimaryfields
when,com/pegarules/generated/when/ra_when__baseclass_pzisusagesearch_411913984.java,ra_when__baseclass_pzisusagesearch_411913984.java,baseclass pzisusagesearch
when,com/pegarules/generated/when/ra_when_pega_landing_application_pzshowupgradewarningheader__1110058102.java,ra_when_pega_landing_application_pzshowupgradewarningheader__1110058102.java,pega landing application pzshowupgradewarningheader
when,com/pegarules/generated/when/ra_when_rule_application_usecase_pzisrtetoolbardisabled__1837100257.java,ra_when_rule_application_usecase_pzisrtetoolbardisabled__1837100257.java,rule application usecase pzisrtetoolbardisabled
when,com/pegarules/generated/when/ra_when_data_admin_security_oauth2_registeredapplication_pyisrefreshtokenapplicableforauthcode_1654596523.java,ra_when_data_admin_security_oauth2_registeredapplication_pyisrefreshtokenapplicableforauthcode_1654596523.java,data admin security oauth2 registeredapplication pyisrefreshtokenapplicableforauthcode
when,com/pegarules/generated/when/ra_when_work__pziscasewideaction_1366181493.java,ra_when_work__pziscasewideaction_1366181493.java,work pziscasewideaction
when,com/pegarules/generated/when/ra_when__baseclass_pzshowpan_2122079532.java,ra_when__baseclass_pzshowpan_2122079532.java,baseclass pzshowpan
when,com/pegarules/generated/when/ra_when_data_admin_security_application_authservices_pzisappaliaspresent__216422130.java,ra_when_data_admin_security_application_authservices_pzisappaliaspresent__216422130.java,data admin security application authservices pzisappaliaspresent
when,com/pegarules/generated/when/ra_when_rule_application_pzdisplayapptemplate_754505908.java,ra_when_rule_application_pzdisplayapptemplate_754505908.java,rule application pzdisplayapptemplate
when,com/pegarules/generated/when/ra_when__baseclass_pyshowinheritedfieldsbydefault__1748303885.java,ra_when__baseclass_pyshowinheritedfieldsbydefault__1748303885.java,baseclass pyshowinheritedfieldsbydefault
when,com/pegarules/generated/when/ra_when_rule_obj_activity_pyalternativeruleformextension__964462494.java,ra_when_rule_obj_activity_pyalternativeruleformextension__964462494.java,rule obj activity pyalternativeruleformextension
when,com/pegarules/generated/when/ra_when_rule__pzcheckedin_1849144214.java,ra_when_rule__pzcheckedin_1849144214.java,rule pzcheckedin
when,com/pegarules/generated/when/ra_when__baseclass_pzhaswebanalytics_895480638.java,ra_when__baseclass_pzhaswebanalytics_895480638.java,baseclass pzhaswebanalytics
when,com/pegarules/generated/when/ra_when_pyuserhasskills_874481ba3fa0e994244c3c502bd0e342.java,ra_when_pyuserhasskills_874481ba3fa0e994244c3c502bd0e342.java,pyuserhasskills
when,com/pegarules/generated/when/ra_when_rule_obj_casetype_pzcreatestagedoesntexist_1969286676.java,ra_when_rule_obj_casetype_pzcreatestagedoesntexist_1969286676.java,rule obj casetype pzcreatestagedoesntexist
when,com/pegarules/generated/when/ra_when__baseclass_pzisroutedtowb_166727827.java,ra_when__baseclass_pzisroutedtowb_166727827.java,baseclass pzisroutedtowb
when,com/pegarules/generated/when/ra_when_embed_fields_pzispropertyeditable__1415571612.java,ra_when_embed_fields_pzispropertyeditable__1415571612.java,embed fields pzispropertyeditable
when,com/pegarules/generated/when/ra_when_data_portal_pegaadminstudio_quicklinkswidget_pyexternallogslinkresolved__937956691.java,ra_when_data_portal_pegaadminstudio_quicklinkswidget_pyexternallogslinkresolved__937956691.java,data portal pegaadminstudio quicklinkswidget pyexternallogslinkresolved
when,com/pegarules/generated/when/ra_when__baseclass_pxalternateruleform__32216098.java,ra_when__baseclass_pxalternateruleform__32216098.java,baseclass pxalternateruleform
when,com/pegarules/generated/when/ra_when__baseclass_pxindexis2__1835917031.java,ra_when__baseclass_pxindexis2__1835917031.java,baseclass pxindexis2
when,com/pegarules/generated/when/ra_when__baseclass_pzruleformtoolbarshowruledata__621535834.java,ra_when__baseclass_pzruleformtoolbarshowruledata__621535834.java,baseclass pzruleformtoolbarshowruledata
when,com/pegarules/generated/when/ra_when_data_admin_operator_accessgroup_pzhasproductionrulesets__1345851123.java,ra_when_data_admin_operator_accessgroup_pzhasproductionrulesets__1345851123.java,data admin operator accessgroup pzhasproductionrulesets
when,com/pegarules/generated/when/ra_when_embed_fields_pzisfieldmodedisabled__1890791995.java,ra_when_embed_fields_pzisfieldmodedisabled__1890791995.java,embed fields pzisfieldmodedisabled
when,com/pegarules/generated/when/ra_when__baseclass_workpoolexists__696307247.java,ra_when__baseclass_workpoolexists__696307247.java,baseclass workpoolexists
when,com/pegarules/generated/when/ra_when_rule_application_pzwebstorageenabled__1485400624.java,ra_when_rule_application_pzwebstorageenabled__1485400624.java,rule application pzwebstorageenabled
when,com/pegarules/generated/when/ra_when__baseclass_pzruleformtoolbarshowviewxmlseparator__1511129637.java,ra_when__baseclass_pzruleformtoolbarshowviewxmlseparator__1511129637.java,baseclass pzruleformtoolbarshowviewxmlseparator
when,com/pegarules/generated/when/ra_when_data_portal_pzisdelegatedrulesavailable__1743711931.java,ra_when_data_portal_pzisdelegatedrulesavailable__1743711931.java,data portal pzisdelegatedrulesavailable
when,com/pegarules/generated/when/ra_when_rule_ruleset_name_pzhideappend_583620345.java,ra_when_rule_ruleset_name_pzhideappend_583620345.java,rule ruleset name pzhideappend
when,com/pegarules/generated/when/ra_when_rule_application_pzhidecomponentruleset__1772105237.java,ra_when_rule_application_pzhidecomponentruleset__1772105237.java,rule application pzhidecomponentruleset
when,com/pegarules/generated/when/ra_when_rule_application_usecase_pzshowspecrte__1883760333.java,ra_when_rule_application_usecase_pzshowspecrte__1883760333.java,rule application usecase pzshowspecrte
when,com/pegarules/generated/when/ra_when_system_user_recents_pyshowrecents_304143520.java,ra_when_system_user_recents_pyshowrecents_304143520.java,system user recents pyshowrecents
when,com/pegarules/generated/when/ra_when__baseclass_pzshowupdatecontrol__1273575551.java,ra_when__baseclass_pzshowupdatecontrol__1273575551.java,baseclass pzshowupdatecontrol
when,com/pegarules/generated/when/ra_when__baseclass_pzhasdynamicfields__899272268.java,ra_when__baseclass_pzhasdynamicfields__899272268.java,baseclass pzhasdynamicfields
when,com/pegarules/generated/when/ra_when_data_admin_security_oauth2_registeredapplication_pyisrefreshtokenapplicable_729089791.java,ra_when_data_admin_security_oauth2_registeredapplication_pyisrefreshtokenapplicable_729089791.java,data admin security oauth2 registeredapplication pyisrefreshtokenapplicable
when,com/pegarules/generated/when/ra_when_rule_application_pzisappbusinessobjslong_1978174569.java,ra_when_rule_application_pzisappbusinessobjslong_1978174569.java,rule application pzisappbusinessobjslong
when,com/pegarules/generated/when/ra_when_rule_obj_class_pxshowremovefromapplication_1080392462.java,ra_when_rule_obj_class_pxshowremovefromapplication_1080392462.java,rule obj class pxshowremovefromapplication
when,com/pegarules/generated/when/ra_when__baseclass_pyshowsurveymenu__655798389.java,ra_when__baseclass_pyshowsurveymenu__655798389.java,baseclass pyshowsurveymenu
when,com/pegarules/generated/when/ra_when_rule_application_usecase_pzifspecificationexists_1134312834.java,ra_when_rule_application_usecase_pzifspecificationexists_1134312834.java,rule application usecase pzifspecificationexists
when,com/pegarules/generated/when/ra_when_pegaaccel_task_buildapplication_pzconfirmscreendisplayed_534142867.java,ra_when_pegaaccel_task_buildapplication_pzconfirmscreendisplayed_534142867.java,pegaaccel task buildapplication pzconfirmscreendisplayed
when,com/pegarules/generated/when/ra_when_rule_obj_flow_pzshowvisiolaunchtoolbar_1928023127.java,ra_when_rule_obj_flow_pzshowvisiolaunchtoolbar_1928023127.java,rule obj flow pzshowvisiolaunchtoolbar
when,com/pegarules/generated/when/ra_when__baseclass_pzcaneditdataencryptiondetails_1222709332.java,ra_when__baseclass_pzcaneditdataencryptiondetails_1222709332.java,baseclass pzcaneditdataencryptiondetails
when,com/pegarules/generated/when/ra_when_embed_shapenode_pydisabledeletestepicon_1934246140.java,ra_when_embed_shapenode_pydisabledeletestepicon_1934246140.java,embed shapenode pydisabledeletestepicon
when,com/pegarules/generated/when/ra_when_pyisdiscoveryenabledforoperator_64e4e785f1ff20ae983d5823b9b1cadf.java,ra_when_pyisdiscoveryenabledforoperator_64e4e785f1ff20ae983d5823b9b1cadf.java,pyisdiscoveryenabledforoperator
when,com/pegarules/generated/when/ra_when_rule_obj_activity_pycategoryisother_1130385038.java,ra_when_rule_obj_activity_pycategoryisother_1130385038.java,rule obj activity pycategoryisother
when,com/pegarules/generated/when/ra_when_rule_obj__pzshowopenmenucaselp__1793178855.java,ra_when_rule_obj__pzshowopenmenucaselp__1793178855.java,rule obj pzshowopenmenucaselp
when,com/pegarules/generated/when/ra_when_pegaaesremote_interface__islicenseusagedatacapturingenabled_209227539.java,ra_when_pegaaesremote_interface__islicenseusagedatacapturingenabled_209227539.java,pegaaesremote interface islicenseusagedatacapturingenabled
when,com/pegarules/generated/when/ra_when_rule_obj_flow_pzshowquestionsfshape__664360777.java,ra_when_rule_obj_flow_pzshowquestionsfshape__664360777.java,rule obj flow pzshowquestionsfshape
when,com/pegarules/generated/when/ra_when_pega_fields_scalar_picklist_pziscaseclass__1628546557.java,ra_when_pega_fields_scalar_picklist_pziscaseclass__1628546557.java,pega fields scalar picklist pziscaseclass
when,com/pegarules/generated/when/ra_when_system_user_recents_pzpmcshouldpublishrecents_50221625.java,ra_when_system_user_recents_pzpmcshouldpublishrecents_50221625.java,system user recents pzpmcshouldpublishrecents
when,com/pegarules/generated/when/ra_when__baseclass_pzshowdelegation_2004148696.java,ra_when__baseclass_pzshowdelegation_2004148696.java,baseclass pzshowdelegation
when,com/pegarules/generated/when/ra_when__baseclass_pzissystemsettingenableguardrailsevaluationtrue__1315658216.java,ra_when__baseclass_pzissystemsettingenableguardrailsevaluationtrue__1315658216.java,baseclass pzissystemsettingenableguardrailsevaluationtrue
when,com/pegarules/generated/when/ra_when__baseclass_pzshownoexpcasetypesmessage__148096945.java,ra_when__baseclass_pzshownoexpcasetypesmessage__148096945.java,baseclass pzshownoexpcasetypesmessage
when,com/pegarules/generated/when/ra_when_rule_obj_class_pzhasaclassgroup__1372101172.java,ra_when_rule_obj_class_pzhasaclassgroup__1372101172.java,rule obj class pzhasaclassgroup
when,com/pegarules/generated/when/ra_when__baseclass_pzisbugeditable__1155001724.java,ra_when__baseclass_pzisbugeditable__1155001724.java,baseclass pzisbugeditable
when,com/pegarules/generated/when/ra_when_embed_modelparams_pzdefinitionappendto__2058252638.java,ra_when_embed_modelparams_pzdefinitionappendto__2058252638.java,embed modelparams pzdefinitionappendto
when,com/pegarules/generated/when/ra_when_pzshowsearchdeprecationmsg_ba1c5e1f8c71a90cfcf20e9416b43cbd.java,ra_when_pzshowsearchdeprecationmsg_ba1c5e1f8c71a90cfcf20e9416b43cbd.java,pzshowsearchdeprecationmsg
when,com/pegarules/generated/when/ra_when_pzshowpassparameterpage_94b635e5a5677b371cc7c45c7d3240cb.java,ra_when_pzshowpassparameterpage_94b635e5a5677b371cc7c45c7d3240cb.java,pzshowpassparameterpage
when,com/pegarules/generated/when/ra_when_rule_ruleset_version_pzdisablersvsave_97923593.java,ra_when_rule_ruleset_version_pzdisablersvsave_97923593.java,rule ruleset version pzdisablersvsave
when,com/pegarules/generated/when/ra_when_embed_fields_pzshowviewselection_507822499.java,ra_when_embed_fields_pzshowviewselection_507822499.java,embed fields pzshowviewselection
when,com/pegarules/generated/when/ra_when_rule_category_pyootbvisibleinbrowser_1381293927.java,ra_when_rule_category_pyootbvisibleinbrowser_1381293927.java,rule category pyootbvisibleinbrowser
when,com/pegarules/generated/when/ra_when_data_portal_pzshowseparator_2101413412.java,ra_when_data_portal_pzshowseparator_2101413412.java,data portal pzshowseparator
when,com/pegarules/generated/when/ra_when_pega_ext_expexplorer_mobile_pyshouldextensionbeloaded_1670854216.java,ra_when_pega_ext_expexplorer_mobile_pyshouldextensionbeloaded_1670854216.java,pega ext expexplorer mobile pyshouldextensionbeloaded
when,com/pegarules/generated/when/ra_when_rule_obj_class_pzshowcaseinexpress_1110281764.java,ra_when_rule_obj_class_pzshowcaseinexpress_1110281764.java,rule obj class pzshowcaseinexpress
when,com/pegarules/generated/when/ra_when_data_portal_pydisplayexpresstopbar_638457701.java,ra_when_data_portal_pydisplayexpresstopbar_638457701.java,data portal pydisplayexpresstopbar
when,com/pegarules/generated/when/ra_when__baseclass_pztoggle_categories20180314t114756__1340940433.java,ra_when__baseclass_pztoggle_categories20180314t114756__1340940433.java,baseclass pztoggle categories20180314t114756
when,com/pegarules/generated/when/ra_when__baseclass_pzdisableadminoperations_1956148939.java,ra_when__baseclass_pzdisableadminoperations_1956148939.java,baseclass pzdisableadminoperations
when,com/pegarules/generated/when/ra_when_rule_obj_casetype_pzshowhelpsnippetgadget__2035197896.java,ra_when_rule_obj_casetype_pzshowhelpsnippetgadget__2035197896.java,rule obj casetype pzshowhelpsnippetgadget
when,com/pegarules/generated/when/ra_when_rule_obj_class_pzgetdataobjects_1038754259.java,ra_when_rule_obj_class_pzgetdataobjects_1038754259.java,rule obj class pzgetdataobjects
when,com/pegarules/generated/when/ra_when__baseclass_pzdisablefeaturereorder_866244573.java,ra_when__baseclass_pzdisablefeaturereorder_866244573.java,baseclass pzdisablefeaturereorder
when,com/pegarules/generated/when/ra_when__baseclass_pzremoveinlinestyle_1887060936.java,ra_when__baseclass_pzremoveinlinestyle_1887060936.java,baseclass pzremoveinlinestyle
when,com/pegarules/generated/when/ra_when_embed_modelparams_pzisrowdisabled_739142441.java,ra_when_embed_modelparams_pzisrowdisabled_739142441.java,embed modelparams pzisrowdisabled
when,com/pegarules/generated/when/ra_when_rule_obj_casetype_pziscoverclassorhasstartingflowsspecified__1803606113.java,ra_when_rule_obj_casetype_pziscoverclassorhasstartingflowsspecified__1803606113.java,rule obj casetype pziscoverclassorhasstartingflowsspecified
when,com/pegarules/generated/when/ra_when__baseclass_pzshowupdatelayout_36723741.java,ra_when__baseclass_pzshowupdatelayout_36723741.java,baseclass pzshowupdatelayout
when,com/pegarules/generated/when/ra_when__baseclass_pzisattachmentfromexternalsourcesenabled_58757080.java,ra_when__baseclass_pzisattachmentfromexternalsourcesenabled_58757080.java,baseclass pzisattachmentfromexternalsourcesenabled
when,com/pegarules/generated/when/ra_when_rule_obj_casetype_pyiscoverclass_381239780.java,ra_when_rule_obj_casetype_pyiscoverclass_381239780.java,rule obj casetype pyiscoverclass
when,com/pegarules/generated/when/ra_when_pega_ext_expexplorer_pyexpexplorerdisplayerrors_1014298804.java,ra_when_pega_ext_expexplorer_pyexpexplorerdisplayerrors_1014298804.java,pega ext expexplorer pyexpexplorerdisplayerrors
when,com/pegarules/generated/when/ra_when__baseclass_pzruleinlockedruleset__823184203.java,ra_when__baseclass_pzruleinlockedruleset__823184203.java,baseclass pzruleinlockedruleset
when,com/pegarules/generated/when/ra_when_embed_fields_pzisembedfieldreadonly_1521429857.java,ra_when_embed_fields_pzisembedfieldreadonly_1521429857.java,embed fields pzisembedfieldreadonly
when,com/pegarules/generated/when/ra_when_pega_landing_pzshowlegacyrsa_1651080198.java,ra_when_pega_landing_pzshowlegacyrsa_1651080198.java,pega landing pzshowlegacyrsa
when,com/pegarules/generated/when/ra_when__baseclass_pzdontreloadcategories__1348864376.java,ra_when__baseclass_pzdontreloadcategories__1348864376.java,baseclass pzdontreloadcategories
when,com/pegarules/generated/when/ra_when__baseclass_pyisforcedsplitjs_582693226.java,ra_when__baseclass_pyisforcedsplitjs_582693226.java,baseclass pyisforcedsplitjs
when,com/pegarules/generated/when/ra_when_rule_html_harness_pzisdeveloperinproperclassforappview_111899479.java,ra_when_rule_html_harness_pzisdeveloperinproperclassforappview_111899479.java,rule html harness pzisdeveloperinproperclassforappview
when,com/pegarules/generated/when/ra_when_data_channel_configuration_pyisconversationalchannel__1395314874.java,ra_when_data_channel_configuration_pyisconversationalchannel__1395314874.java,data channel configuration pyisconversationalchannel
when,com/pegarules/generated/when/ra_when_pega_ext_adminstudio_explorer_settings_system_pzcandownloadsystemstate_1332890880.java,ra_when_pega_ext_adminstudio_explorer_settings_system_pzcandownloadsystemstate_1332890880.java,pega ext adminstudio explorer settings system pzcandownloadsystemstate
when,com/pegarules/generated/when/ra_when__baseclass_pzprojectsintegerationenabled_184544611.java,ra_when__baseclass_pzprojectsintegerationenabled_184544611.java,baseclass pzprojectsintegerationenabled
when,com/pegarules/generated/when/ra_when_data_mo_connector_transition_pyhasstatuschangeresolved__1172016623.java,ra_when_data_mo_connector_transition_pyhasstatuschangeresolved__1172016623.java,data mo connector transition pyhasstatuschangeresolved
when,com/pegarules/generated/when/ra_when_data_portal_pegaadminstudio_requestorspoolwidget_pzisrequestorpoolsenabled_1845237567.java,ra_when_data_portal_pegaadminstudio_requestorspoolwidget_pzisrequestorpoolsenabled_1845237567.java,data portal pegaadminstudio requestorspoolwidget pzisrequestorpoolsenabled
when,com/pegarules/generated/when/ra_when__baseclass_pzcanmodifyapplication__150501050.java,ra_when__baseclass_pzcanmodifyapplication__150501050.java,baseclass pzcanmodifyapplication
when,com/pegarules/generated/when/ra_when_data_mo_activity_assignment_pzflowactionexists__1871134649.java,ra_when_data_mo_activity_assignment_pzflowactionexists__1871134649.java,data mo activity assignment pzflowactionexists
when,com/pegarules/generated/when/ra_when_rule__pzisrecoverableorrestorable__1785666485.java,ra_when_rule__pzisrecoverableorrestorable__1785666485.java,rule pzisrecoverableorrestorable
when,com/pegarules/generated/when/ra_when__baseclass_pyisdecisioningonpegacloud_1498738679.java,ra_when__baseclass_pyisdecisioningonpegacloud_1498738679.java,baseclass pyisdecisioningonpegacloud
when,com/pegarules/generated/when/ra_when_work__pyshowpulsesearchwidget__1857229241.java,ra_when_work__pyshowpulsesearchwidget__1857229241.java,work pyshowpulsesearchwidget
when,com/pegarules/generated/when/ra_when__baseclass_pzcanmanagerequestorpools_1978670129.java,ra_when__baseclass_pzcanmanagerequestorpools_1978670129.java,baseclass pzcanmanagerequestorpools
when,com/pegarules/generated/when/ra_when_data_mo_activity_assignment_pzisinswimlane_897889342.java,ra_when_data_mo_activity_assignment_pzisinswimlane_897889342.java,data mo activity assignment pzisinswimlane
when,com/pegarules/generated/when/ra_when_rule_obj_property_isassocuseinstancehandle__1224006716.java,ra_when_rule_obj_property_isassocuseinstancehandle__1224006716.java,rule obj property isassocuseinstancehandle
when,com/pegarules/generated/when/ra_when__baseclass_pzcaneditsecurityeventconfig_1996811818.java,ra_when__baseclass_pzcaneditsecurityeventconfig_1996811818.java,baseclass pzcaneditsecurityeventconfig
when,com/pegarules/generated/when/ra_when__baseclass_pzcanspecbyclassorruleset__1972517633.java,ra_when__baseclass_pzcanspecbyclassorruleset__1972517633.java,baseclass pzcanspecbyclassorruleset
when,com/pegarules/generated/when/ra_when_pega_landing_application_pzlpbusinessobjectiveshasfunctionlist_521897233.java,ra_when_pega_landing_application_pzlpbusinessobjectiveshasfunctionlist_521897233.java,pega landing application pzlpbusinessobjectiveshasfunctionlist
when,com/pegarules/generated/when/ra_when_rule_application_usecase_pzisspecrtereadonly_1145320850.java,ra_when_rule_application_usecase_pzisspecrtereadonly_1145320850.java,rule application usecase pzisspecrtereadonly
when,com/pegarules/generated/when/ra_when_data_admin_operator_accessgroup_pzdoesnothaveworkspaceportal_1682993117.java,ra_when_data_admin_operator_accessgroup_pzdoesnothaveworkspaceportal_1682993117.java,data admin operator accessgroup pzdoesnothaveworkspaceportal
when,com/pegarules/generated/when/ra_when_rule__pzisprivatecheckoutdisallowed__2047119645.java,ra_when_rule__pzisprivatecheckoutdisallowed__2047119645.java,rule pzisprivatecheckoutdisallowed
when,com/pegarules/generated/when/ra_when_data_portal_pxshowswitchappsmenu__1591099220.java,ra_when_data_portal_pxshowswitchappsmenu__1591099220.java,data portal pxshowswitchappsmenu
when,com/pegarules/generated/when/ra_when_rule_application_pzsaverefresh__555096814.java,ra_when_rule_application_pzsaverefresh__555096814.java,rule application pzsaverefresh
when,com/pegarules/generated/when/ra_when__baseclass_pzsecurefeatures_2146614972.java,ra_when__baseclass_pzsecurefeatures_2146614972.java,baseclass pzsecurefeatures
when,com/pegarules/generated/when/ra_when_embed_explorernode__pzistoplevelnode__1799107642.java,ra_when_embed_explorernode__pzistoplevelnode__1799107642.java,embed explorernode pzistoplevelnode
when,com/pegarules/generated/when/ra_when_embed_fields_pzisformbuilderreadonly_1296184224.java,ra_when_embed_fields_pzisformbuilderreadonly_1296184224.java,embed fields pzisformbuilderreadonly
when,com/pegarules/generated/when/ra_when__baseclass_pzishybriduisupported__1826503144.java,ra_when__baseclass_pzishybriduisupported__1826503144.java,baseclass pzishybriduisupported
when,com/pegarules/generated/when/ra_when_rule_obj_property_pzretrieveeachpagevisiblewhen_406400630.java,ra_when_rule_obj_property_pzretrieveeachpagevisiblewhen_406400630.java,rule obj property pzretrieveeachpagevisiblewhen
when,com/pegarules/generated/when/ra_when__baseclass_pzissmartshapevisible_1742577473.java,ra_when__baseclass_pzissmartshapevisible_1742577473.java,baseclass pzissmartshapevisible
when,com/pegarules/generated/when/ra_when_pegagadget_feed_pzpulsesearchinaction__331291226.java,ra_when_pegagadget_feed_pzpulsesearchinaction__331291226.java,pegagadget feed pzpulsesearchinaction
when,com/pegarules/generated/when/ra_when_data_channel_configuration_pzshouldincludechannel_551692228.java,ra_when_data_channel_configuration_pzshouldincludechannel_551692228.java,data channel configuration pzshouldincludechannel
when,com/pegarules/generated/when/ra_when_embed_portallayout_pxisaworkspaceportal__1127354911.java,ra_when_embed_portallayout_pxisaworkspaceportal__1127354911.java,embed portallayout pxisaworkspaceportal
when,com/pegarules/generated/when/ra_when_rule_obj_casetype_pzflowtreehasflows_1437908893.java,ra_when_rule_obj_casetype_pzflowtreehasflows_1437908893.java,rule obj casetype pzflowtreehasflows
when,com/pegarules/generated/when/ra_when_embed_modelparams_pzisrowenabled__997408977.java,ra_when_embed_modelparams_pzisrowenabled__997408977.java,embed modelparams pzisrowenabled
when,com/pegarules/generated/when/ra_when_rule_obj_activity_pyruleformtoolbarshowharnessrun__1321779768.java,ra_when_rule_obj_activity_pyruleformtoolbarshowharnessrun__1321779768.java,rule obj activity pyruleformtoolbarshowharnessrun
when,com/pegarules/generated/when/ra_when__baseclass_pzisscreenflow__1754197557.java,ra_when__baseclass_pzisscreenflow__1754197557.java,baseclass pzisscreenflow
when,com/pegarules/generated/when/ra_when__baseclass_pzisschemachangelandingpageenabled_666748430.java,ra_when__baseclass_pzisschemachangelandingpageenabled_666748430.java,baseclass pzisschemachangelandingpageenabled
when,com/pegarules/generated/when/ra_when_rule__pzcurrentruleformtoolbarversion__1388728255.java,ra_when_rule__pzcurrentruleformtoolbarversion__1388728255.java,rule pzcurrentruleformtoolbarversion
when,com/pegarules/generated/when/ra_when__baseclass_pygfw_generatemodel__688548401.java,ra_when__baseclass_pygfw_generatemodel__688548401.java,baseclass pygfw generatemodel
when,com/pegarules/generated/when/ra_when_pegagadget_filter_pzshowcurrentapp_148350971.java,ra_when_pegagadget_filter_pzshowcurrentapp_148350971.java,pegagadget filter pzshowcurrentapp
when,com/pegarules/generated/when/ra_when__baseclass_standarduser__1195876952.java,ra_when__baseclass_standarduser__1195876952.java,baseclass standarduser
when,com/pegarules/generated/when/ra_when__baseclass_issecondaryajaxcontainercontext__1317306007.java,ra_when__baseclass_issecondaryajaxcontainercontext__1317306007.java,baseclass issecondaryajaxcontainercontext
when,com/pegarules/generated/when/ra_when__baseclass_pzflowtreehasnoflows__950028374.java,ra_when__baseclass_pzflowtreehasnoflows__950028374.java,baseclass pzflowtreehasnoflows
when,com/pegarules/generated/when/ra_when__baseclass_pzisflowassignment__297441243.java,ra_when__baseclass_pzisflowassignment__297441243.java,baseclass pzisflowassignment
when,com/pegarules/generated/when/ra_when_pzisinoutlineviewpropertypanels_b8d844d5a7096788627226618e098d46.java,ra_when_pzisinoutlineviewpropertypanels_b8d844d5a7096788627226618e098d46.java,pzisinoutlineviewpropertypanels
when,com/pegarules/generated/when/ra_when__baseclass_showquickcreate_121693692.java,ra_when__baseclass_showquickcreate_121693692.java,baseclass showquickcreate
when,com/pegarules/generated/when/ra_when__baseclass_pyenablepreflightoptimization_781595287.java,ra_when__baseclass_pyenablepreflightoptimization_781595287.java,baseclass pyenablepreflightoptimization
when,com/pegarules/generated/when/ra_when_rule_ruleset_version_pzshowruleset__2078790643.java,ra_when_rule_ruleset_version_pzshowruleset__2078790643.java,rule ruleset version pzshowruleset
when,com/pegarules/generated/when/ra_when_rule_obj_activity_pzispreprocessactivity_1653555559.java,ra_when_rule_obj_activity_pzispreprocessactivity_1653555559.java,rule obj activity pzispreprocessactivity
when,com/pegarules/generated/when/ra_when_work__pyshowcaseicon_906250474.java,ra_when_work__pyshowcaseicon_906250474.java,work pyshowcaseicon
when,com/pegarules/generated/when/ra_when_work__stakeholdersgeariconenabled__849336193.java,ra_when_work__stakeholdersgeariconenabled__849336193.java,work stakeholdersgeariconenabled
when,com/pegarules/generated/when/ra_when_data_portal_pzhassearchresults__1249475500.java,ra_when_data_portal_pzhassearchresults__1249475500.java,data portal pzhassearchresults
when,com/pegarules/generated/when/ra_when_rule_ruleset_version_pzlabelonlyruleset_279486080.java,ra_when_rule_ruleset_version_pzlabelonlyruleset_279486080.java,rule ruleset version pzlabelonlyruleset
when,com/pegarules/generated/when/ra_when__baseclass_pzarebrowsepagesexist_913990293.java,ra_when__baseclass_pzarebrowsepagesexist_913990293.java,baseclass pzarebrowsepagesexist
when,com/pegarules/generated/when/ra_when_work__pyonconfirmharness_183535847.java,ra_when_work__pyonconfirmharness_183535847.java,work pyonconfirmharness
when,com/pegarules/generated/when/ra_when_rule_obj_flow_pyisreadonly__267451001.java,ra_when_rule_obj_flow_pyisreadonly__267451001.java,rule obj flow pyisreadonly
when,com/pegarules/generated/when/ra_when_rule__pzisnotlinkableruletype__2083888830.java,ra_when_rule__pzisnotlinkableruletype__2083888830.java,rule pzisnotlinkableruletype
when,com/pegarules/generated/when/ra_when_rule_obj_flow_pyisnotconversationflow_990842395.java,ra_when_rule_obj_flow_pyisnotconversationflow_990842395.java,rule obj flow pyisnotconversationflow
when,com/pegarules/generated/when/ra_when_pzispegaunitsimulationactiveforthisservice_e5affdbcf49b987c82a845952b57b533.java,ra_when_pzispegaunitsimulationactiveforthisservice_e5affdbcf49b987c82a845952b57b533.java,pzispegaunitsimulationactiveforthisservice
when,com/pegarules/generated/when/ra_when_rule__pzruleformtoolbarshowbranchoutbutton_1058263985.java,ra_when_rule__pzruleformtoolbarshowbranchoutbutton_1058263985.java,rule pzruleformtoolbarshowbranchoutbutton
when,com/pegarules/generated/when/ra_when_data_mo_pyisconversationalshape_141729520.java,ra_when_data_mo_pyisconversationalshape_141729520.java,data mo pyisconversationalshape
when,com/pegarules/generated/when/ra_when_rule_application_pxcmisenabled__85258862.java,ra_when_rule_application_pxcmisenabled__85258862.java,rule application pxcmisenabled
when,com/pegarules/generated/when/ra_when__baseclass_pzacwhenforotherresults_19005390.java,ra_when__baseclass_pzacwhenforotherresults_19005390.java,baseclass pzacwhenforotherresults
when,com/pegarules/generated/when/ra_when_rule__pzruleformtoolbarshowreleaselock_203248696.java,ra_when_rule__pzruleformtoolbarshowreleaselock_203248696.java,rule pzruleformtoolbarshowreleaselock
when,com/pegarules/generated/when/ra_when_data_portal_pzshowapplogo_1594121527.java,ra_when_data_portal_pzshowapplogo_1594121527.java,data portal pzshowapplogo
when,com/pegarules/generated/when/ra_when_work__pzistabbedscreenflow_1764408944.java,ra_when_work__pzistabbedscreenflow_1764408944.java,work pzistabbedscreenflow
when,com/pegarules/generated/when/ra_when_embed_fields_pziscontentautomaticallysourced__699251376.java,ra_when_embed_fields_pziscontentautomaticallysourced__699251376.java,embed fields pziscontentautomaticallysourced
when,com/pegarules/generated/when/ra_when__baseclass_pydisabletogglecreation_312087438.java,ra_when__baseclass_pydisabletogglecreation_312087438.java,baseclass pydisabletogglecreation
when,com/pegarules/generated/when/ra_when__baseclass_pzruleformtoolbarshowsavebutton_872545489.java,ra_when__baseclass_pzruleformtoolbarshowsavebutton_872545489.java,baseclass pzruleformtoolbarshowsavebutton
when,com/pegarules/generated/when/ra_when__baseclass_pzisthemecosmosportal__930848236.java,ra_when__baseclass_pzisthemecosmosportal__930848236.java,baseclass pzisthemecosmosportal
when,com/pegarules/generated/when/ra_when__baseclass_pxisclientperfromancemetrics_1956523331.java,ra_when__baseclass_pxisclientperfromancemetrics_1956523331.java,baseclass pxisclientperfromancemetrics
when,com/pegarules/generated/when/ra_when_embed_stage_pzislaststage__800858442.java,ra_when_embed_stage_pzislaststage__800858442.java,embed stage pzislaststage
when,com/pegarules/generated/when/ra_when_data_portal_pegaadminstudio_pzcangetjobinfo_1284090797.java,ra_when_data_portal_pegaadminstudio_pzcangetjobinfo_1284090797.java,data portal pegaadminstudio pzcangetjobinfo
when,com/pegarules/generated/when/ra_when__baseclass_pzisselectedcontextlocked__2094779151.java,ra_when__baseclass_pzisselectedcontextlocked__2094779151.java,baseclass pzisselectedcontextlocked
when,com/pegarules/generated/when/ra_when_data_dm__pxnofunctionalbatchnodesincluster_411773010.java,ra_when_data_dm__pxnofunctionalbatchnodesincluster_411773010.java,data dm pxnofunctionalbatchnodesincluster
when,com/pegarules/generated/when/ra_when__baseclass_pyisnotmtorisshared__1738777595.java,ra_when__baseclass_pyisnotmtorisshared__1738777595.java,baseclass pyisnotmtorisshared
when,com/pegarules/generated/when/ra_when_rule_obj__pyremotecase_1655004737.java,ra_when_rule_obj__pyremotecase_1655004737.java,rule obj pyremotecase
when,com/pegarules/generated/when/ra_when__baseclass_pzcheckportaltype__1801368956.java,ra_when__baseclass_pzcheckportaltype__1801368956.java,baseclass pzcheckportaltype
when,com/pegarules/generated/when/ra_when__baseclass_pzhidespliticon__1361815765.java,ra_when__baseclass_pzhidespliticon__1361815765.java,baseclass pzhidespliticon
when,com/pegarules/generated/when/ra_when_data_portal_pzhidelimitedresultsmsg__1238798959.java,ra_when_data_portal_pzhidelimitedresultsmsg__1238798959.java,data portal pzhidelimitedresultsmsg
when,com/pegarules/generated/when/ra_when_rule_obj_casetype_pzthiscasehasstages_1116143362.java,ra_when_rule_obj_casetype_pzthiscasehasstages_1116143362.java,rule obj casetype pzthiscasehasstages
when,com/pegarules/generated/when/ra_when_embed_declarepagesource_pzissourcesystemvisible_1583313878.java,ra_when_embed_declarepagesource_pzissourcesystemvisible_1583313878.java,embed declarepagesource pzissourcesystemvisible
when,com/pegarules/generated/when/ra_when_embed_stageprocess_pyislinearprocess_1246357489.java,ra_when_embed_stageprocess_pyislinearprocess_1246357489.java,embed stageprocess pyislinearprocess
when,com/pegarules/generated/when/ra_when_rule_obj_casetype_pzhasstages_249844714.java,ra_when_rule_obj_casetype_pzhasstages_249844714.java,rule obj casetype pzhasstages
when,com/pegarules/generated/when/ra_when__baseclass_pzruleformtoolbarnonharnessrun__1299156562.java,ra_when__baseclass_pzruleformtoolbarnonharnessrun__1299156562.java,baseclass pzruleformtoolbarnonharnessrun
when,com/pegarules/generated/when/ra_when_rule_obj_class_pznoworktypes_920136709.java,ra_when_rule_obj_class_pznoworktypes_920136709.java,rule obj class pznoworktypes
when,com/pegarules/generated/when/ra_when_rule__pzregenstartingflowsis2__2011115442.java,ra_when_rule__pzregenstartingflowsis2__2011115442.java,rule pzregenstartingflowsis2
when,com/pegarules/generated/when/ra_when__baseclass_pzenableedf__131166518.java,ra_when__baseclass_pzenableedf__131166518.java,baseclass pzenableedf
when,com/pegarules/generated/when/ra_when__baseclass_pzcaneditsecuritypolicies__2021245034.java,ra_when__baseclass_pzcaneditsecuritypolicies__2021245034.java,baseclass pzcaneditsecuritypolicies
when,com/pegarules/generated/when/ra_when__baseclass_pzruleformtoolbarshowsaveas_62596010.java,ra_when__baseclass_pzruleformtoolbarshowsaveas_62596010.java,baseclass pzruleformtoolbarshowsaveas
when,com/pegarules/generated/when/ra_when_work__pyshowcompletestage_535036697.java,ra_when_work__pyshowcompletestage_535036697.java,work pyshowcompletestage
when,com/pegarules/generated/when/ra_when__baseclass_pzruntimebranchavailable_3638450.java,ra_when__baseclass_pzruntimebranchavailable_3638450.java,baseclass pzruntimebranchavailable 3638450
when,com/pegarules/generated/when/ra_when_rule__pzshowpreview__2115110416.java,ra_when_rule__pzshowpreview__2115110416.java,rule pzshowpreview
when,com/pegarules/generated/when/ra_when__baseclass_pzacwhenforbestbets_89587978.java,ra_when__baseclass_pzacwhenforbestbets_89587978.java,baseclass pzacwhenforbestbets
when,com/pegarules/generated/when/ra_when_data_mo_connector_transition_pyhasstatuschange_1946806919.java,ra_when_data_mo_connector_transition_pyhasstatuschange_1946806919.java,data mo connector transition pyhasstatuschange
when,com/pegarules/generated/when/ra_when_rule_html_section_pzisformbuilderreadonly__11105939.java,ra_when_rule_html_section_pzisformbuilderreadonly__11105939.java,rule html section pzisformbuilderreadonly
when,com/pegarules/generated/when/ra_when__baseclass_pzisbrowsefieldssearch_1735913001.java,ra_when__baseclass_pzisbrowsefieldssearch_1735913001.java,baseclass pzisbrowsefieldssearch
when,com/pegarules/generated/when/ra_when__baseclass_pzshowclassxml__322362284.java,ra_when__baseclass_pzshowclassxml__322362284.java,baseclass pzshowclassxml
when,com/pegarules/generated/when/ra_when_data_portal_pegaexpress_pyenableuiinspectorbutton_1940333799.java,ra_when_data_portal_pegaexpress_pyenableuiinspectorbutton_1940333799.java,data portal pegaexpress pyenableuiinspectorbutton
when,com/pegarules/generated/when/ra_when_rule_obj_activity_pyhighlightrulesearchenabled_1541204717.java,ra_when_rule_obj_activity_pyhighlightrulesearchenabled_1541204717.java,rule obj activity pyhighlightrulesearchenabled
when,com/pegarules/generated/when/ra_when__baseclass_pzisbusinessuser_1064111665.java,ra_when__baseclass_pzisbusinessuser_1064111665.java,baseclass pzisbusinessuser
when,com/pegarules/generated/when/ra_when__baseclass_pzuserscurrentappnotpegarules__1437955739.java,ra_when__baseclass_pzuserscurrentappnotpegarules__1437955739.java,baseclass pzuserscurrentappnotpegarules
when,com/pegarules/generated/when/ra_when_rule_obj_flow_pzisstartingflow_1593575266.java,ra_when_rule_obj_flow_pzisstartingflow_1593575266.java,rule obj flow pzisstartingflow
when,com/pegarules/generated/when/ra_when__baseclass_pzisinnewappwizardportal_713061327.java,ra_when__baseclass_pzisinnewappwizardportal_713061327.java,baseclass pzisinnewappwizardportal
when,com/pegarules/generated/when/ra_when_embed_shapenode_pzcdshapehaserror__1162381717.java,ra_when_embed_shapenode_pzcdshapehaserror__1162381717.java,embed shapenode pzcdshapehaserror
when,com/pegarules/generated/when/ra_when_work__pyshowcaseid__525426662.java,ra_when_work__pyshowcaseid__525426662.java,work pyshowcaseid
when,com/pegarules/generated/when/ra_when__baseclass_pzruleformtoolbarshowreferences__1642195262.java,ra_when__baseclass_pzruleformtoolbarshowreferences__1642195262.java,baseclass pzruleformtoolbarshowreferences
when,com/pegarules/generated/when/ra_when_embed_appsnapshot_pziscurrentapplicationcasemgr__498418110.java,ra_when_embed_appsnapshot_pziscurrentapplicationcasemgr__498418110.java,embed appsnapshot pziscurrentapplicationcasemgr
when,com/pegarules/generated/when/ra_when_rule__pzisspeclinkingrequired_479169246.java,ra_when_rule__pzisspeclinkingrequired_479169246.java,rule pzisspeclinkingrequired
when,com/pegarules/generated/when/ra_when__baseclass_pzisruleavailable_858716869.java,ra_when__baseclass_pzisruleavailable_858716869.java,baseclass pzisruleavailable
when,com/pegarules/generated/when/ra_when__baseclass_pzislabelemptyorhasmessages__1859486852.java,ra_when__baseclass_pzislabelemptyorhasmessages__1859486852.java,baseclass pzislabelemptyorhasmessages
when,com/pegarules/generated/when/ra_when_rule__pzappliestohasinstances__705399581.java,ra_when_rule__pzappliestohasinstances__705399581.java,rule pzappliestohasinstances
when,com/pegarules/generated/when/ra_when_rule_obj_property_pzcanpropertybeoptimized_1010512460.java,ra_when_rule_obj_property_pzcanpropertybeoptimized_1010512460.java,rule obj property pzcanpropertybeoptimized
when,com/pegarules/generated/when/ra_when__baseclass_pyhighlightrulesearchenabled__1081522895.java,ra_when__baseclass_pyhighlightrulesearchenabled__1081522895.java,baseclass pyhighlightrulesearchenabled
when,com/pegarules/generated/when/ra_when_data_decision_ddf_runoptions_pzultimateprimarysourceisabstract__1129419821.java,ra_when_data_decision_ddf_runoptions_pzultimateprimarysourceisabstract__1129419821.java,data decision ddf runoptions pzultimateprimarysourceisabstract
when,com/pegarules/generated/when/ra_when_data_channel_configuration_pyisavailable_2045490221.java,ra_when_data_channel_configuration_pyisavailable_2045490221.java,data channel configuration pyisavailable
when,com/pegarules/generated/when/ra_when_embed_modelparams_pzdefinitionnotarget_589927525.java,ra_when_embed_modelparams_pzdefinitionnotarget_589927525.java,embed modelparams pzdefinitionnotarget
when,com/pegarules/generated/when/ra_when_data_portal_pzhasframeworkhelp_206763268.java,ra_when_data_portal_pzhasframeworkhelp_206763268.java,data portal pzhasframeworkhelp
when,com/pegarules/generated/when/ra_when_rule__pzruleformtoolbarharnessrun_322623372.java,ra_when_rule__pzruleformtoolbarharnessrun_322623372.java,rule pzruleformtoolbarharnessrun
when,com/pegarules/generated/when/ra_when__baseclass_pyuseaccessibledropdown__1450943429.java,ra_when__baseclass_pyuseaccessibledropdown__1450943429.java,baseclass pyuseaccessibledropdown
when,com/pegarules/generated/when/ra_when_rule_obj_class_pxshowremove_157542184.java,ra_when_rule_obj_class_pxshowremove_157542184.java,rule obj class pxshowremove
when,com/pegarules/generated/when/ra_when__baseclass_pzcancreateworktypesforlp__1834685773.java,ra_when__baseclass_pzcancreateworktypesforlp__1834685773.java,baseclass pzcancreateworktypesforlp
when,com/pegarules/generated/when/ra_when_rule_application_pzenablembo__291721299.java,ra_when_rule_application_pzenablembo__291721299.java,rule application pzenablembo
when,com/pegarules/generated/when/ra_when_pegaaccel_task_buildapplication_pzshowalltypes_2027067897.java,ra_when_pegaaccel_task_buildapplication_pzshowalltypes_2027067897.java,pegaaccel task buildapplication pzshowalltypes
when,com/pegarules/generated/when/ra_when_work__istagsvisible_1115989866.java,ra_when_work__istagsvisible_1115989866.java,work istagsvisible
when,com/pegarules/generated/when/ra_when_data_mo_pzisadvancedshape__1068221344.java,ra_when_data_mo_pzisadvancedshape__1068221344.java,data mo pzisadvancedshape
when,com/pegarules/generated/when/ra_when_rule_obj_model_pzfirsttimeload__957713679.java,ra_when_rule_obj_model_pzfirsttimeload__957713679.java,rule obj model pzfirsttimeload
when,com/pegarules/generated/when/ra_when_rule_obj_class_pzhascasedesignererrors__1506535666.java,ra_when_rule_obj_class_pzhascasedesignererrors__1506535666.java,rule obj class pzhascasedesignererrors
when,com/pegarules/generated/when/ra_when_rule_obj_property_pzshowdataaccesserror_385576295.java,ra_when_rule_obj_property_pzshowdataaccesserror_385576295.java,rule obj property pzshowdataaccesserror
when,com/pegarules/generated/when/ra_when__baseclass_pzruleformtoolbarshowfavoritesseparator_243104797.java,ra_when__baseclass_pzruleformtoolbarshowfavoritesseparator_243104797.java,baseclass pzruleformtoolbarshowfavoritesseparator
when,com/pegarules/generated/when/ra_when_data_mo_connector_transition_pyhasstatuschangeopen__281477565.java,ra_when_data_mo_connector_transition_pyhasstatuschangeopen__281477565.java,data mo connector transition pyhasstatuschangeopen
when,com/pegarules/generated/when/ra_when__baseclass_pzcanjustifywarnings_1392740037.java,ra_when__baseclass_pzcanjustifywarnings_1392740037.java,baseclass pzcanjustifywarnings
when,com/pegarules/generated/when/ra_when_rule_obj_class_pzrowmatchessearchtext__988841039.java,ra_when_rule_obj_class_pzrowmatchessearchtext__988841039.java,rule obj class pzrowmatchessearchtext
when,com/pegarules/generated/when/ra_when_data_admin_toggle_pzcandeletetoggle_586396772.java,ra_when_data_admin_toggle_pzcandeletetoggle_586396772.java,data admin toggle pzcandeletetoggle
when,com/pegarules/generated/when/ra_when__baseclass_pzisstoryeditable__376041493.java,ra_when__baseclass_pzisstoryeditable__376041493.java,baseclass pzisstoryeditable
when,com/pegarules/generated/when/ra_when_rule_category_pzincludeallcategories_1902126002.java,ra_when_rule_category_pzincludeallcategories_1902126002.java,rule category pzincludeallcategories
when,com/pegarules/generated/when/ra_when_work__showstepsinsidecontainer__1877180574.java,ra_when_work__showstepsinsidecontainer__1877180574.java,work showstepsinsidecontainer
when,com/pegarules/generated/when/ra_when_data_mo_activity_assignment_pzdmwai_amihere__1647742180.java,ra_when_data_mo_activity_assignment_pzdmwai_amihere__1647742180.java,data mo activity assignment pzdmwai amihere
when,com/pegarules/generated/when/ra_when__baseclass_pzistertiaryaccontext_515429506.java,ra_when__baseclass_pzistertiaryaccontext_515429506.java,baseclass pzistertiaryaccontext
when,com/pegarules/generated/when/ra_when_rule_obj_property_pzshowdataobject_1769945065.java,ra_when_rule_obj_property_pzshowdataobject_1769945065.java,rule obj property pzshowdataobject
when,com/pegarules/generated/when/ra_when_rule_obj_activity_pzdraftmodecompliance_350119465.java,ra_when_rule_obj_activity_pzdraftmodecompliance_350119465.java,rule obj activity pzdraftmodecompliance
when,com/pegarules/generated/when/ra_when_data_portal_pzshowwhatsnewbanner__586230521.java,ra_when_data_portal_pzshowwhatsnewbanner__586230521.java,data portal pzshowwhatsnewbanner
when,com/pegarules/generated/when/ra_when_embed__pzshowpalette_1310867844.java,ra_when_embed__pzshowpalette_1310867844.java,embed pzshowpalette
when,com/pegarules/generated/when/ra_when_data_mo_connector_transition_pzoverlaypolicyoverrides_1253581348.java,ra_when_data_mo_connector_transition_pzoverlaypolicyoverrides_1253581348.java,data mo connector transition pzoverlaypolicyoverrides
when,com/pegarules/generated/when/ra_when_rule_obj_activity_pzshowsystemparameters_1947413049.java,ra_when_rule_obj_activity_pzshowsystemparameters_1947413049.java,rule obj activity pzshowsystemparameters
when,com/pegarules/generated/when/ra_when_rule_obj_model_pyruleformtoolbarshowharnessrun__571955585.java,ra_when_rule_obj_model_pyruleformtoolbarshowharnessrun__571955585.java,rule obj model pyruleformtoolbarshowharnessrun
when,com/pegarules/generated/when/ra_when_rule_ruleset_version_pzbranchislocked__456170781.java,ra_when_rule_ruleset_version_pzbranchislocked__456170781.java,rule ruleset version pzbranchislocked
when,com/pegarules/generated/when/ra_when_data_application_configuration_pzbuildframeworklayer__1290075698.java,ra_when_data_application_configuration_pzbuildframeworklayer__1290075698.java,data application configuration pzbuildframeworklayer
when,com/pegarules/generated/when/ra_when_rule_admin_product_pzhascode__1353941266.java,ra_when_rule_admin_product_pzhascode__1353941266.java,rule admin product pzhascode
when,com/pegarules/generated/when/ra_when_pega_landing_appview_pyisavailable__979924905.java,ra_when_pega_landing_appview_pyisavailable__979924905.java,pega landing appview pyisavailable
when,com/pegarules/generated/when/ra_when_rule_obj_casetype_pzisshapecontext_790498178.java,ra_when_rule_obj_casetype_pzisshapecontext_790498178.java,rule obj casetype pzisshapecontext
when,com/pegarules/generated/when/ra_when_pega_landing_pzcanmanagedeserializationblacklist__307226054.java,ra_when_pega_landing_pzcanmanagedeserializationblacklist__307226054.java,pega landing pzcanmanagedeserializationblacklist
when,com/pegarules/generated/when/ra_when_data_customproperties__pzenablededicatedindexonimport_101789037.java,ra_when_data_customproperties__pzenablededicatedindexonimport_101789037.java,data customproperties pzenablededicatedindexonimport
when,com/pegarules/generated/when/ra_when_pzhasmtrestrictedroles_aa45923f5649ba433415a5c545a20a88.java,ra_when_pzhasmtrestrictedroles_aa45923f5649ba433415a5c545a20a88.java,pzhasmtrestrictedroles
when,com/pegarules/generated/when/ra_when_data_admin_operator_accessgroup_pzpersonaexists_529503925.java,ra_when_data_admin_operator_accessgroup_pzpersonaexists_529503925.java,data admin operator accessgroup pzpersonaexists
when,com/pegarules/generated/when/ra_when_rule_persona_pzcanselectpersona__434590459.java,ra_when_rule_persona_pzcanselectpersona__434590459.java,rule persona pzcanselectpersona
when,com/pegarules/generated/when/ra_when_pzisparentenabled_0ad95258fb89c46a260440d3400deb79.java,ra_when_pzisparentenabled_0ad95258fb89c46a260440d3400deb79.java,pzisparentenabled
when,com/pegarules/generated/when/ra_when_data_decision_service_pyhaswarnings_1342449471.java,ra_when_data_decision_service_pyhaswarnings_1342449471.java,data decision service pyhaswarnings
when,com/pegarules/generated/when/ra_when_pega_fields_complex_embedded_pziscaseclass_134030302.java,ra_when_pega_fields_complex_embedded_pziscaseclass_134030302.java,pega fields complex embedded pziscaseclass
when,com/pegarules/generated/when/ra_when__baseclass_pydisplayoperatorname__256194441.java,ra_when__baseclass_pydisplayoperatorname__256194441.java,baseclass pydisplayoperatorname
when,com/pegarules/generated/when/ra_when_pegaaccel_task_buildapplication_pzcancreatenewapplication_933158714.java,ra_when_pegaaccel_task_buildapplication_pzcancreatenewapplication_933158714.java,pegaaccel task buildapplication pzcancreatenewapplication
when,com/pegarules/generated/when/ra_when__baseclass_pyblockunregisteredrequests__414754089.java,ra_when__baseclass_pyblockunregisteredrequests__414754089.java,baseclass pyblockunregisteredrequests
when,com/pegarules/generated/when/ra_when_rule_obj_class_pzallowautomaticallygeneratedkey_308267941.java,ra_when_rule_obj_class_pzallowautomaticallygeneratedkey_308267941.java,rule obj class pzallowautomaticallygeneratedkey
when,com/pegarules/generated/when/ra_when_pegaaccel_task_buildapplication_pzconfiguringcurrentapplication__1153355300.java,ra_when_pegaaccel_task_buildapplication_pzconfiguringcurrentapplication__1153355300.java,pegaaccel task buildapplication pzconfiguringcurrentapplication
when,com/pegarules/generated/when/ra_when_embed_stage_pzshowskipforstage_159492231.java,ra_when_embed_stage_pzshowskipforstage_159492231.java,embed stage pzshowskipforstage
when,com/pegarules/generated/when/ra_when_embed_casechannel_pzshowchannel_896584656.java,ra_when_embed_casechannel_pzshowchannel_896584656.java,embed casechannel pzshowchannel
when,com/pegarules/generated/when/ra_when__baseclass_pzdelegateheader_1390305239.java,ra_when__baseclass_pzdelegateheader_1390305239.java,baseclass pzdelegateheader
when,com/pegarules/generated/when/ra_when_work__pxisemail_172770838.java,ra_when_work__pxisemail_172770838.java,work pxisemail
when,com/pegarules/generated/when/ra_when_data_portal_pydefaulttooverviewpage_294817112.java,ra_when_data_portal_pydefaulttooverviewpage_294817112.java,data portal pydefaulttooverviewpage
when,com/pegarules/generated/when/ra_when__baseclass_pzisenableviewcategories__1659896575.java,ra_when__baseclass_pzisenableviewcategories__1659896575.java,baseclass pzisenableviewcategories
when,com/pegarules/generated/when/ra_when_embed_ruletype_pydisplayruletype__2140419217.java,ra_when_embed_ruletype_pydisplayruletype__2140419217.java,embed ruletype pydisplayruletype
when,com/pegarules/generated/when/ra_when_rule__pzcheckedout__906658256.java,ra_when_rule__pzcheckedout__906658256.java,rule pzcheckedout
when,com/pegarules/generated/when/ra_when_rule_obj_activity_pzrulecreationwarning_1724297491.java,ra_when_rule_obj_activity_pzrulecreationwarning_1724297491.java,rule obj activity pzrulecreationwarning
when,com/pegarules/generated/when/ra_when_system_user_recents_isfavourite_1609657477.java,ra_when_system_user_recents_isfavourite_1609657477.java,system user recents isfavourite
when,com/pegarules/generated/when/ra_when__baseclass_pzincludecollaborators_1010956596.java,ra_when__baseclass_pzincludecollaborators_1010956596.java,baseclass pzincludecollaborators
when,com/pegarules/generated/when/ra_when_data_mo_activity_assignment_pzdoesconnectorexists__1715155405.java,ra_when_data_mo_activity_assignment_pzdoesconnectorexists__1715155405.java,data mo activity assignment pzdoesconnectorexists
when,com/pegarules/generated/when/ra_when__baseclass_pzhasnofilteredfeatures_911357433.java,ra_when__baseclass_pzhasnofilteredfeatures_911357433.java,baseclass pzhasnofilteredfeatures
when,com/pegarules/generated/when/ra_when__baseclass_pzshowdataobjects_539395328.java,ra_when__baseclass_pzshowdataobjects_539395328.java,baseclass pzshowdataobjects
when,com/pegarules/generated/when/ra_when_data_decision_service_pxdisplayinstancepicker_434415403.java,ra_when_data_decision_service_pxdisplayinstancepicker_434415403.java,data decision service pxdisplayinstancepicker
when,com/pegarules/generated/when/ra_when_pega_ext_expexplorer_newappwizard_pyshouldextensionbeloaded_467206218.java,ra_when_pega_ext_expexplorer_newappwizard_pyshouldextensionbeloaded_467206218.java,pega ext expexplorer newappwizard pyshouldextensionbeloaded
when,com/pegarules/generated/when/ra_when_rule_obj_activity_pzcreatenewoperationtype_1472256621.java,ra_when_rule_obj_activity_pzcreatenewoperationtype_1472256621.java,rule obj activity pzcreatenewoperationtype
when,com/pegarules/generated/when/ra_when__baseclass_pzdatadisplaylisthasdataobjects__1340932938.java,ra_when__baseclass_pzdatadisplaylisthasdataobjects__1340932938.java,baseclass pzdatadisplaylisthasdataobjects
when,com/pegarules/generated/when/ra_when__baseclass_pzreloadcategoryitems_821029758.java,ra_when__baseclass_pzreloadcategoryitems_821029758.java,baseclass pzreloadcategoryitems
when,com/pegarules/generated/when/ra_when_data_systemoperations_clustermanagement_pzhaenabled__116355606.java,ra_when_data_systemoperations_clustermanagement_pzhaenabled__116355606.java,data systemoperations clustermanagement pzhaenabled
when,com/pegarules/generated/when/ra_when_data_portal_pzisapplicationcreationenabled_1075217150.java,ra_when_data_portal_pzisapplicationcreationenabled_1075217150.java,data portal pzisapplicationcreationenabled
when,com/pegarules/generated/when/ra_when_pega_landing_pzcanmanagecsrfsettings__1745024679.java,ra_when_pega_landing_pzcanmanagecsrfsettings__1745024679.java,pega landing pzcanmanagecsrfsettings
when,com/pegarules/generated/when/ra_when_rule_application_pzshowpegarulesfilter__491620306.java,ra_when_rule_application_pzshowpegarulesfilter__491620306.java,rule application pzshowpegarulesfilter
when,com/pegarules/generated/when/ra_when__baseclass_pyhasaccesstotask_156085751.java,ra_when__baseclass_pyhasaccesstotask_156085751.java,baseclass pyhasaccesstotask
when,com/pegarules/generated/when/ra_when_rule_obj_property_showpresentation_1159080571.java,ra_when_rule_obj_property_showpresentation_1159080571.java,rule obj property showpresentation
when,com/pegarules/generated/when/ra_when_rule_obj_property_isassoconekeylist__607599259.java,ra_when_rule_obj_property_isassoconekeylist__607599259.java,rule obj property isassoconekeylist
when,com/pegarules/generated/when/ra_when_rule_obj_class_pxisnotrepeatorotherorlegacy_1468984975.java,ra_when_rule_obj_class_pxisnotrepeatorotherorlegacy_1468984975.java,rule obj class pxisnotrepeatorotherorlegacy
when,com/pegarules/generated/when/ra_when_embed_modelparams_pzdefinitionwhenwithrelations_737010596.java,ra_when_embed_modelparams_pzdefinitionwhenwithrelations_737010596.java,embed modelparams pzdefinitionwhenwithrelations
when,com/pegarules/generated/when/ra_when_pega_landing_pzissystemnameeditable__1171951570.java,ra_when_pega_landing_pzissystemnameeditable__1171951570.java,pega landing pzissystemnameeditable
when,com/pegarules/generated/when/ra_when_rule_obj_property_isassocusedeclarepagetemplate__726345600.java,ra_when_rule_obj_property_isassocusedeclarepagetemplate__726345600.java,rule obj property isassocusedeclarepagetemplate
when,com/pegarules/generated/when/ra_when__baseclass_pzsaverefresh__449863321.java,ra_when__baseclass_pzsaverefresh__449863321.java,baseclass pzsaverefresh
when,com/pegarules/generated/when/ra_when_data_portal_pegaadminstudio_pzcangetrequestorpools_1603333375.java,ra_when_data_portal_pegaadminstudio_pzcangetrequestorpools_1603333375.java,data portal pegaadminstudio pzcangetrequestorpools
when,com/pegarules/generated/when/ra_when_pegagadget_filter_pzcallpostdatatransform_290354975.java,ra_when_pegagadget_filter_pzcallpostdatatransform_290354975.java,pegagadget filter pzcallpostdatatransform
when,com/pegarules/generated/when/ra_when_rule__pzhasattachments__986210282.java,ra_when_rule__pzhasattachments__986210282.java,rule pzhasattachments
when,com/pegarules/generated/when/ra_when_rule_obj_property_isassociation_7887644.java,ra_when_rule_obj_property_isassociation_7887644.java,rule obj property isassociation 7887644
when,com/pegarules/generated/when/ra_when_pzmodifyallowed_27e95920de2cfd40a152abe6f5329269.java,ra_when_pzmodifyallowed_27e95920de2cfd40a152abe6f5329269.java,pzmodifyallowed
when,com/pegarules/generated/when/ra_when_rule_obj_casetype_pxhasinskeyparam_1549715988.java,ra_when_rule_obj_casetype_pxhasinskeyparam_1549715988.java,rule obj casetype pxhasinskeyparam
when,com/pegarules/generated/when/ra_when_rule_obj_report_definition_pzcheckforimport__2045475745.java,ra_when_rule_obj_report_definition_pzcheckforimport__2045475745.java,rule obj report definition pzcheckforimport
when,com/pegarules/generated/when/ra_when__baseclass_pyshowversionbanner__193942080.java,ra_when__baseclass_pyshowversionbanner__193942080.java,baseclass pyshowversionbanner
when,com/pegarules/generated/when/ra_when_data_mo_connector_transition_pydisplaynopropertiessf_1634932145.java,ra_when_data_mo_connector_transition_pydisplaynopropertiessf_1634932145.java,data mo connector transition pydisplaynopropertiessf
when,com/pegarules/generated/when/ra_when__baseclass_pzruleformtoolbarshowjava__637273855.java,ra_when__baseclass_pzruleformtoolbarshowjava__637273855.java,baseclass pzruleformtoolbarshowjava
when,com/pegarules/generated/when/ra_when__baseclass_pzshowcreateininstancelist_182393683.java,ra_when__baseclass_pzshowcreateininstancelist_182393683.java,baseclass pzshowcreateininstancelist
when,com/pegarules/generated/when/ra_when_pegaaccel_task_buildapplication_pzispegaapplicationtemplate_674519601.java,ra_when_pegaaccel_task_buildapplication_pzispegaapplicationtemplate_674519601.java,pegaaccel task buildapplication pzispegaapplicationtemplate
when,com/pegarules/generated/when/ra_when__baseclass_pznotindeveloperportal__1585780107.java,ra_when__baseclass_pznotindeveloperportal__1585780107.java,baseclass pznotindeveloperportal
when,com/pegarules/generated/when/ra_when_rule_application_pxconstellationappenabled_1398705101.java,ra_when_rule_application_pxconstellationappenabled_1398705101.java,rule application pxconstellationappenabled
when,com/pegarules/generated/when/ra_when__baseclass_pzremoveaccordion__1819599176.java,ra_when__baseclass_pzremoveaccordion__1819599176.java,baseclass pzremoveaccordion
when,com/pegarules/generated/when/ra_when_data_decision_service_pzshowdetails__1809141789.java,ra_when_data_decision_service_pzshowdetails__1809141789.java,data decision service pzshowdetails
when,com/pegarules/generated/when/ra_when__baseclass_pxenablec11ndev_1647578462.java,ra_when__baseclass_pxenablec11ndev_1647578462.java,baseclass pxenablec11ndev
when,com/pegarules/generated/when/ra_when_rule_obj_class_pzisaclassgroup__665930225.java,ra_when_rule_obj_class_pzisaclassgroup__665930225.java,rule obj class pzisaclassgroup
when,com/pegarules/generated/when/ra_when_embed_activitysteps_pzdeprecatedmethods__111172873.java,ra_when_embed_activitysteps_pzdeprecatedmethods__111172873.java,embed activitysteps pzdeprecatedmethods
when,com/pegarules/generated/when/ra_when_rule__usesqualifiedruleresolution_67368584.java,ra_when_rule__usesqualifiedruleresolution_67368584.java,rule usesqualifiedruleresolution
when,com/pegarules/generated/when/ra_when_rule_obj_flow_pydmenablepaste_225338504.java,ra_when_rule_obj_flow_pydmenablepaste_225338504.java,rule obj flow pydmenablepaste
when,com/pegarules/generated/when/ra_when__baseclass_pyenablec11ngenai_1157980419.java,ra_when__baseclass_pyenablec11ngenai_1157980419.java,baseclass pyenablec11ngenai
when,com/pegarules/generated/when/ra_when__baseclass_pzshowpreview__2042430681.java,ra_when__baseclass_pzshowpreview__2042430681.java,baseclass pzshowpreview
when,com/pegarules/generated/when/ra_when_pzruntime_show_undo_8da4a0fab46fdf1a70cf01aae6081773.java,ra_when_pzruntime_show_undo_8da4a0fab46fdf1a70cf01aae6081773.java,pzruntime show undo
when,com/pegarules/generated/when/ra_when__baseclass_pyshowsecurefeaturewarnings__1197337144.java,ra_when__baseclass_pyshowsecurefeaturewarnings__1197337144.java,baseclass pyshowsecurefeaturewarnings
when,com/pegarules/generated/when/ra_when_rule_obj_class_pxshowsubcase_2051931406.java,ra_when_rule_obj_class_pxshowsubcase_2051931406.java,rule obj class pxshowsubcase
when,com/pegarules/generated/when/ra_when_rule_html_section_pzisadesigntemplate__1120165488.java,ra_when_rule_html_section_pzisadesigntemplate__1120165488.java,rule html section pzisadesigntemplate
when,com/pegarules/generated/when/ra_when__baseclass_pyshouldshowrequestorpools__1155023208.java,ra_when__baseclass_pyshouldshowrequestorpools__1155023208.java,baseclass pyshouldshowrequestorpools
when,com/pegarules/generated/when/ra_when__baseclass_pzisfeedbackeditable__840847190.java,ra_when__baseclass_pzisfeedbackeditable__840847190.java,baseclass pzisfeedbackeditable
when,com/pegarules/generated/when/ra_when_data_mo_pzispropertypanelexposedinpe_1037149184.java,ra_when_data_mo_pzispropertypanelexposedinpe_1037149184.java,data mo pzispropertypanelexposedinpe
when,com/pegarules/generated/when/ra_when_pegaaccel_task_buildapplication_pzshowadvancedconfiguration_1817374494.java,ra_when_pegaaccel_task_buildapplication_pzshowadvancedconfiguration_1817374494.java,pegaaccel task buildapplication pzshowadvancedconfiguration
when,com/pegarules/generated/when/ra_when__baseclass_pzusedxapi__1198269464.java,ra_when__baseclass_pzusedxapi__1198269464.java,baseclass pzusedxapi
when,com/pegarules/generated/when/ra_when_rule_application_pzwhenmissingdependsonlistformbo_1017807229.java,ra_when_rule_application_pzwhenmissingdependsonlistformbo_1017807229.java,rule application pzwhenmissingdependsonlistformbo
when,com/pegarules/generated/when/ra_when_pega_ext_expexplorer_pages_pyshouldextensionbeloaded_1295403712.java,ra_when_pega_ext_expexplorer_pages_pyshouldextensionbeloaded_1295403712.java,pega ext expexplorer pages pyshouldextensionbeloaded
when,com/pegarules/generated/when/ra_when__baseclass_pzshowviewversions_1161687588.java,ra_when__baseclass_pzshowviewversions_1161687588.java,baseclass pzshowviewversions
when,com/pegarules/generated/when/ra_when_rule_ruleset_name_pzsaverefresh_557053400.java,ra_when_rule_ruleset_name_pzsaverefresh_557053400.java,rule ruleset name pzsaverefresh
when,com/pegarules/generated/when/ra_when_rule__pzshowcircumstanceoption_1465765053.java,ra_when_rule__pzshowcircumstanceoption_1465765053.java,rule pzshowcircumstanceoption
when,com/pegarules/generated/when/ra_when__baseclass_pzisrulemarkedasrrincurrentctxclass__183192661.java,ra_when__baseclass_pzisrulemarkedasrrincurrentctxclass__183192661.java,baseclass pzisrulemarkedasrrincurrentctxclass
when,com/pegarules/generated/when/ra_when__baseclass_pzisdataflowsupported__150473663.java,ra_when__baseclass_pzisdataflowsupported__150473663.java,baseclass pzisdataflowsupported
when,com/pegarules/generated/when/ra_when__baseclass_pyshowguideindevelopermenu__765204308.java,ra_when__baseclass_pyshowguideindevelopermenu__765204308.java,baseclass pyshowguideindevelopermenu
when,com/pegarules/generated/when/ra_when__baseclass_pzruleformtoolbarshowfavorites_712291365.java,ra_when__baseclass_pzruleformtoolbarshowfavorites_712291365.java,baseclass pzruleformtoolbarshowfavorites
when,com/pegarules/generated/when/ra_when_pegaaccel_task_buildapplication_pzorgendswithdash_408257169.java,ra_when_pegaaccel_task_buildapplication_pzorgendswithdash_408257169.java,pegaaccel task buildapplication pzorgendswithdash
when,com/pegarules/generated/when/ra_when_work__pzsaveassignpage_61825882.java,ra_when_work__pzsaveassignpage_61825882.java,work pzsaveassignpage
when,com/pegarules/generated/when/ra_when__baseclass_pziscosmosuibrowsersupported__903976134.java,ra_when__baseclass_pziscosmosuibrowsersupported__903976134.java,baseclass pziscosmosuibrowsersupported
when,com/pegarules/generated/when/ra_when_data_portal_pznosecondaryportals_40691908.java,ra_when_data_portal_pznosecondaryportals_40691908.java,data portal pznosecondaryportals
when,com/pegarules/generated/when/ra_when_rule__pzruleformtoolbarharnessrundisabled_396446958.java,ra_when_rule__pzruleformtoolbarharnessrundisabled_396446958.java,rule pzruleformtoolbarharnessrundisabled
when,com/pegarules/generated/when/ra_when_rule_obj_flow_pyallowspecification__2094812868.java,ra_when_rule_obj_flow_pyallowspecification__2094812868.java,rule obj flow pyallowspecification
when,com/pegarules/generated/when/ra_when_system_user_recents_pzistransistionrule_439311536.java,ra_when_system_user_recents_pzistransistionrule_439311536.java,system user recents pzistransistionrule
when,com/pegarules/generated/when/ra_when_rule_obj_flow_pzshowlockedicon_434312701.java,ra_when_rule_obj_flow_pzshowlockedicon_434312701.java,rule obj flow pzshowlockedicon
when,com/pegarules/generated/when/ra_when__baseclass_pzruleformtoolbarshowrun_1545864760.java,ra_when__baseclass_pzruleformtoolbarshowrun_1545864760.java,baseclass pzruleformtoolbarshowrun
when,com/pegarules/generated/when/ra_when_rule_obj_flowaction_pyhaspredefinedflowactionviewreference__1603506998.java,ra_when_rule_obj_flowaction_pyhaspredefinedflowactionviewreference__1603506998.java,rule obj flowaction pyhaspredefinedflowactionviewreference
when,com/pegarules/generated/when/ra_when_data_portal_pxenablelaunchmenu__668715380.java,ra_when_data_portal_pxenablelaunchmenu__668715380.java,data portal pxenablelaunchmenu
when,com/pegarules/generated/when/ra_when__baseclass_pzispushserviceenabled_1961044426.java,ra_when__baseclass_pzispushserviceenabled_1961044426.java,baseclass pzispushserviceenabled
when,com/pegarules/generated/when/ra_when_embed_modelparams_pzactioncannothavechildsteps_779594817.java,ra_when_embed_modelparams_pzactioncannothavechildsteps_779594817.java,embed modelparams pzactioncannothavechildsteps
when,com/pegarules/generated/when/ra_when_embed_decision_service_memberinfo_pzcurrentnode_1925127313.java,ra_when_embed_decision_service_memberinfo_pzcurrentnode_1925127313.java,embed decision service memberinfo pzcurrentnode
when,com/pegarules/generated/when/ra_when_embed_activitysteps_pzhasremovedparams_813865973.java,ra_when_embed_activitysteps_pzhasremovedparams_813865973.java,embed activitysteps pzhasremovedparams
when,com/pegarules/generated/when/ra_when_embed_display_table_cell_pziscellafieldgrouplist__1193511188.java,ra_when_embed_display_table_cell_pziscellafieldgrouplist__1193511188.java,embed display table cell pziscellafieldgrouplist
when,com/pegarules/generated/when/ra_when__baseclass_pzshowpersonas_1465749637.java,ra_when__baseclass_pzshowpersonas_1465749637.java,baseclass pzshowpersonas
when,com/pegarules/generated/when/ra_when_pzisappdescriptionlong_217546127d8fc3cb3802bc1ebc939268.java,ra_when_pzisappdescriptionlong_217546127d8fc3cb3802bc1ebc939268.java,pzisappdescriptionlong
when,com/pegarules/generated/when/ra_when__baseclass_pzshowtraceopenrule_1851292148.java,ra_when__baseclass_pzshowtraceopenrule_1851292148.java,baseclass pzshowtraceopenrule
when,com/pegarules/generated/when/ra_when__baseclass_pxisbrowserie9orabove_1713001981.java,ra_when__baseclass_pxisbrowserie9orabove_1713001981.java,baseclass pxisbrowserie9orabove
when,com/pegarules/generated/when/ra_when_work__pycreateandopennewcase__1697823613.java,ra_when_work__pycreateandopennewcase__1697823613.java,work pycreateandopennewcase
when,com/pegarules/generated/when/ra_when__baseclass_pysetfocusonassignmenttitle__695787811.java,ra_when__baseclass_pysetfocusonassignmenttitle__695787811.java,baseclass pysetfocusonassignmenttitle
when,com/pegarules/generated/when/ra_when__baseclass_pzisnotpegaexpress_1612047027.java,ra_when__baseclass_pzisnotpegaexpress_1612047027.java,baseclass pzisnotpegaexpress
when,com/pegarules/generated/when/ra_when_pegagadget_feed_pxshowpulsesearchwidget__1378701700.java,ra_when_pegagadget_feed_pxshowpulsesearchwidget__1378701700.java,pegagadget feed pxshowpulsesearchwidget
when,com/pegarules/generated/when/ra_when_rule_obj_class_pxshowaddtoapplication_2081246953.java,ra_when_rule_obj_class_pxshowaddtoapplication_2081246953.java,rule obj class pxshowaddtoapplication
when,com/pegarules/generated/when/ra_when_data_portal_pyhasrecentsgadgetprivilege_1884723506.java,ra_when_data_portal_pyhasrecentsgadgetprivilege_1884723506.java,data portal pyhasrecentsgadgetprivilege
when,com/pegarules/generated/when/ra_when__baseclass_pydisplaytagsinfeed__1673580678.java,ra_when__baseclass_pydisplaytagsinfeed__1673580678.java,baseclass pydisplaytagsinfeed
when,com/pegarules/generated/when/ra_when_data_channel_configuration_pyisdeprecated__849584242.java,ra_when_data_channel_configuration_pyisdeprecated__849584242.java,data channel configuration pyisdeprecated
when,com/pegarules/generated/when/ra_when_data_dm_notificationconfig_pynotificationsettingconfigabsent__128727011.java,ra_when_data_dm_notificationconfig_pynotificationsettingconfigabsent__128727011.java,data dm notificationconfig pynotificationsettingconfigabsent
when,com/pegarules/generated/when/ra_when_work__pzisincasecreationscreen__18793096.java,ra_when_work__pzisincasecreationscreen__18793096.java,work pzisincasecreationscreen
when,com/pegarules/generated/when/ra_when_embed_ruletype_pzisclassnotdeprecated__501927432.java,ra_when_embed_ruletype_pzisclassnotdeprecated__501927432.java,embed ruletype pzisclassnotdeprecated
when,com/pegarules/generated/when/ra_when__baseclass_pycanrebase__1417407886.java,ra_when__baseclass_pycanrebase__1417407886.java,baseclass pycanrebase
when,com/pegarules/generated/when/ra_when_pzismappingmodel_45b95315ba76962a98ae1b4cbf5dd911.java,ra_when_pzismappingmodel_45b95315ba76962a98ae1b4cbf5dd911.java,pzismappingmodel
when,com/pegarules/generated/when/ra_when__baseclass_pzhashighseveritywarnings__1778292784.java,ra_when__baseclass_pzhashighseveritywarnings__1778292784.java,baseclass pzhashighseveritywarnings
when,com/pegarules/generated/when/ra_when_rule_obj_flow_pziswaitshape__2021481939.java,ra_when_rule_obj_flow_pziswaitshape__2021481939.java,rule obj flow pziswaitshape
when,com/pegarules/generated/when/ra_when_rule_obj_activity_pyisanautomation_1010677577.java,ra_when_rule_obj_activity_pyisanautomation_1010677577.java,rule obj activity pyisanautomation
when,com/pegarules/generated/when/ra_when_rule__pxiscircumstance__1427228924.java,ra_when_rule__pxiscircumstance__1427228924.java,rule pxiscircumstance
when,com/pegarules/generated/when/ra_when__baseclass_pzshowaccessgrouplist__255770093.java,ra_when__baseclass_pzshowaccessgrouplist__255770093.java,baseclass pzshowaccessgrouplist
when,com/pegarules/generated/when/ra_when_rule_application_pzismycurrentapplication__492180925.java,ra_when_rule_application_pzismycurrentapplication__492180925.java,rule application pzismycurrentapplication
when,com/pegarules/generated/when/ra_when_pega_ext_expexplorer_design_pyshouldextensionbeloaded_877971383.java,ra_when_pega_ext_expexplorer_design_pyshouldextensionbeloaded_877971383.java,pega ext expexplorer design pyshouldextensionbeloaded
when,com/pegarules/generated/when/ra_when_data_portal_pegaadminstudio_pzcangetallqueueprocessorsummary_1145258340.java,ra_when_data_portal_pegaadminstudio_pzcangetallqueueprocessorsummary_1145258340.java,data portal pegaadminstudio pzcangetallqueueprocessorsummary
when,com/pegarules/generated/when/ra_when_rule_obj_flow_pzwhencasesexist__415686850.java,ra_when_rule_obj_flow_pzwhencasesexist__415686850.java,rule obj flow pzwhencasesexist
when,com/pegarules/generated/when/ra_when_rule_obj_flow_pzdisableopenprocess__1476909922.java,ra_when_rule_obj_flow_pzdisableopenprocess__1476909922.java,rule obj flow pzdisableopenprocess
when,com/pegarules/generated/when/ra_when_pxisdistributedsearchmode_0f157994b37f965b9dee8c4848a9e96c.java,ra_when_pxisdistributedsearchmode_0f157994b37f965b9dee8c4848a9e96c.java,pxisdistributedsearchmode
when,com/pegarules/generated/when/ra_when_rule_obj_flow_pzshowquestionpageshape_1815587179.java,ra_when_rule_obj_flow_pzshowquestionpageshape_1815587179.java,rule obj flow pzshowquestionpageshape
when,com/pegarules/generated/when/ra_when__baseclass_pzclasscanwriteinstances_550401553.java,ra_when__baseclass_pzclasscanwriteinstances_550401553.java,baseclass pzclasscanwriteinstances
when,com/pegarules/generated/when/ra_when_work_cover__coverclosedwithopentasks_363844053.java,ra_when_work_cover__coverclosedwithopentasks_363844053.java,work cover coverclosedwithopentasks
when,com/pegarules/generated/when/ra_when_rule_obj_activity_pzisrulecircumstancable_62222219.java,ra_when_rule_obj_activity_pzisrulecircumstancable_62222219.java,rule obj activity pzisrulecircumstancable
when,com/pegarules/generated/when/ra_when_rule_obj_property_ismodepageorpagelist__1843349493.java,ra_when_rule_obj_property_ismodepageorpagelist__1843349493.java,rule obj property ismodepageorpagelist
when,com/pegarules/generated/when/ra_when_rule_obj_casetype_pzisstageprocessorshapecontext_2056576354.java,ra_when_rule_obj_casetype_pzisstageprocessorshapecontext_2056576354.java,rule obj casetype pzisstageprocessorshapecontext
when,com/pegarules/generated/when/ra_when_data_channel_configuration_webchat_pyisdeprecated__137030752.java,ra_when_data_channel_configuration_webchat_pyisdeprecated__137030752.java,data channel configuration webchat pyisdeprecated
when,com/pegarules/generated/when/ra_when__baseclass_pzisworkbasketobject__736107784.java,ra_when__baseclass_pzisworkbasketobject__736107784.java,baseclass pzisworkbasketobject
when,com/pegarules/generated/when/ra_when__baseclass_pzappendslarule__1722956285.java,ra_when__baseclass_pzappendslarule__1722956285.java,baseclass pzappendslarule
when,com/pegarules/generated/when/ra_when_rule__pzruleformtoolbarshowcheckout__669930099.java,ra_when_rule__pzruleformtoolbarshowcheckout__669930099.java,rule pzruleformtoolbarshowcheckout
when,com/pegarules/generated/when/ra_when__baseclass_pyoperatorpresencestatusenabled_845777090.java,ra_when__baseclass_pyoperatorpresencestatusenabled_845777090.java,baseclass pyoperatorpresencestatusenabled
when,com/pegarules/generated/when/ra_when__baseclass_pxhasworkspaceportals_606314389.java,ra_when__baseclass_pxhasworkspaceportals_606314389.java,baseclass pxhasworkspaceportals
when,com/pegarules/generated/when/ra_when__baseclass_pxismashup__688413286.java,ra_when__baseclass_pxismashup__688413286.java,baseclass pxismashup
when,com/pegarules/generated/when/ra_when_embed_declarepagesource_pzisaggregateddpsource__1023070219.java,ra_when_embed_declarepagesource_pzisaggregateddpsource__1023070219.java,embed declarepagesource pzisaggregateddpsource
when,com/pegarules/generated/when/ra_when_embed_stage_pzduplicatestagename__258034445.java,ra_when_embed_stage_pzduplicatestagename__258034445.java,embed stage pzduplicatestagename
when,com/pegarules/generated/when/ra_when_data_tag_relevantrecord_pxisrelevantrecordspagenotstale__911778058.java,ra_when_data_tag_relevantrecord_pxisrelevantrecordspagenotstale__911778058.java,data tag relevantrecord pxisrelevantrecordspagenotstale
when,com/pegarules/generated/when/ra_when_pzruledelete_2e6e6463f6373383f1ad5fa5e0ea1208.java,ra_when_pzruledelete_2e6e6463f6373383f1ad5fa5e0ea1208.java,pzruledelete
when,com/pegarules/generated/when/ra_when_rule_obj_property_pzhidecreateinconfigureview_715854097.java,ra_when_rule_obj_property_pzhidecreateinconfigureview_715854097.java,rule obj property pzhidecreateinconfigureview
when,com/pegarules/generated/when/ra_when_work_projectmanagement_new_pycleanupworkpage__1052920269.java,ra_when_work_projectmanagement_new_pycleanupworkpage__1052920269.java,work projectmanagement new pycleanupworkpage
when,com/pegarules/generated/when/ra_when_rule_obj_property_pzshowpropertyoptimization_366554180.java,ra_when_rule_obj_property_pzshowpropertyoptimization_366554180.java,rule obj property pzshowpropertyoptimization
when,com/pegarules/generated/when/ra_when__baseclass_pzisfeedasyncconfigenabled__514856760.java,ra_when__baseclass_pzisfeedasyncconfigenabled__514856760.java,baseclass pzisfeedasyncconfigenabled
when,com/pegarules/generated/when/ra_when_rule_obj_flow_pzshowroicon__1442913092.java,ra_when_rule_obj_flow_pzshowroicon__1442913092.java,rule obj flow pzshowroicon
when,com/pegarules/generated/when/ra_when_embed_fields_pzshowisakey__1662368710.java,ra_when_embed_fields_pzshowisakey__1662368710.java,embed fields pzshowisakey
when,com/pegarules/generated/when/ra_when__baseclass_pzcanmanagejobs_1911392110.java,ra_when__baseclass_pzcanmanagejobs_1911392110.java,baseclass pzcanmanagejobs
when,com/pegarules/generated/when/ra_when_pega_fields_pzissystemfield__539191223.java,ra_when_pega_fields_pzissystemfield__539191223.java,pega fields pzissystemfield
when,com/pegarules/generated/when/ra_when_embed_declarepagesource_pzisresponsedtoptional_573504873.java,ra_when_embed_declarepagesource_pzisresponsedtoptional_573504873.java,embed declarepagesource pzisresponsedtoptional
when,com/pegarules/generated/when/ra_when__baseclass_pyisaudiencesimulationsupported_1478496732.java,ra_when__baseclass_pyisaudiencesimulationsupported_1478496732.java,baseclass pyisaudiencesimulationsupported
when,com/pegarules/generated/when/ra_when_rule_obj_property_isassocmanykeylist_1647676453.java,ra_when_rule_obj_property_isassocmanykeylist_1647676453.java,rule obj property isassocmanykeylist
when,com/pegarules/generated/when/ra_when__baseclass_pyisclassestab_1636824943.java,ra_when__baseclass_pyisclassestab_1636824943.java,baseclass pyisclassestab
when,com/pegarules/generated/when/ra_when_rule_obj_class_pzruleresolutionhasinstances_504981912.java,ra_when_rule_obj_class_pzruleresolutionhasinstances_504981912.java,rule obj class pzruleresolutionhasinstances
when,com/pegarules/generated/when/ra_when_pega_landing_pzhidelegacyrsa_1227212548.java,ra_when_pega_landing_pzhidelegacyrsa_1227212548.java,pega landing pzhidelegacyrsa
when,com/pegarules/generated/when/ra_when_rule_obj_flow_pzautolayout_1669429186.java,ra_when_rule_obj_flow_pzautolayout_1669429186.java,rule obj flow pzautolayout
when,com/pegarules/generated/when/ra_when_rule_obj_flow_pyoneviewerbuildnodeprocesschildren_764746940.java,ra_when_rule_obj_flow_pyoneviewerbuildnodeprocesschildren_764746940.java,rule obj flow pyoneviewerbuildnodeprocesschildren
when,com/pegarules/generated/when/ra_when__baseclass_pzisusecase__429411767.java,ra_when__baseclass_pzisusecase__429411767.java,baseclass pzisusecase
when,com/pegarules/generated/when/ra_when_rule_application_pzisappcasetypeslong__1743760041.java,ra_when_rule_application_pzisappcasetypeslong__1743760041.java,rule application pzisappcasetypeslong
when,com/pegarules/generated/when/ra_when_rule__pzregenstartingflowsis1or2_261365036.java,ra_when_rule__pzregenstartingflowsis1or2_261365036.java,rule pzregenstartingflowsis1or2
when,com/pegarules/generated/when/ra_when_rule_ruleset_name_pzcandeleterule__2031012230.java,ra_when_rule_ruleset_name_pzcandeleterule__2031012230.java,rule ruleset name pzcandeleterule
when,com/pegarules/generated/when/ra_when_rule_obj_flow_pzvisiorfbnotexists__292013801.java,ra_when_rule_obj_flow_pzvisiorfbnotexists__292013801.java,rule obj flow pzvisiorfbnotexists
when,com/pegarules/generated/when/ra_when_embed_modelparams_pzisusedindatapage_2001871297.java,ra_when_embed_modelparams_pzisusedindatapage_2001871297.java,embed modelparams pzisusedindatapage
when,com/pegarules/generated/when/ra_when_rule_application_pzhastodoitems__752513604.java,ra_when_rule_application_pzhastodoitems__752513604.java,rule application pzhastodoitems
when,com/pegarules/generated/when/ra_when_rule_obj_activity_pxarenewpagesremoved__1040369793.java,ra_when_rule_obj_activity_pxarenewpagesremoved__1040369793.java,rule obj activity pxarenewpagesremoved
when,com/pegarules/generated/when/ra_when__baseclass_pzbiascheckenabled_1243937336.java,ra_when__baseclass_pzbiascheckenabled_1243937336.java,baseclass pzbiascheckenabled
when,com/pegarules/generated/when/ra_when_rule_ruleset_version_pzdisablersvdelete__355179390.java,ra_when_rule_ruleset_version_pzdisablersvdelete__355179390.java,rule ruleset version pzdisablersvdelete
when,com/pegarules/generated/when/ra_when_pegaaccel_task_buildapplication_pyenableadduikit_1195910834.java,ra_when_pegaaccel_task_buildapplication_pyenableadduikit_1195910834.java,pegaaccel task buildapplication pyenableadduikit
when,com/pegarules/generated/when/ra_when_rule_access_role_name_pzisprivateedit_265429127.java,ra_when_rule_access_role_name_pzisprivateedit_265429127.java,rule access role name pzisprivateedit
when,com/pegarules/generated/when/ra_when_data_portal_pzhassecondaryportals__1973982723.java,ra_when_data_portal_pzhassecondaryportals__1973982723.java,data portal pzhassecondaryportals
when,com/pegarules/generated/when/ra_when_pega_fields_scalar_picklist_pzshowaigenerationbanner_1500770633.java,ra_when_pega_fields_scalar_picklist_pzshowaigenerationbanner_1500770633.java,pega fields scalar picklist pzshowaigenerationbanner
when,com/pegarules/generated/when/ra_when_assign__pyassignurgencyishigh_1145662054.java,ra_when_assign__pyassignurgencyishigh_1145662054.java,assign pyassignurgencyishigh
when,com/pegarules/generated/when/ra_when__baseclass_pzflowtreehasflows__470530994.java,ra_when__baseclass_pzflowtreehasflows__470530994.java,baseclass pzflowtreehasflows
when,com/pegarules/generated/when/ra_when_rule_obj_flow_pyhighlightrulesearchenabled__1506097610.java,ra_when_rule_obj_flow_pyhighlightrulesearchenabled__1506097610.java,rule obj flow pyhighlightrulesearchenabled
when,com/pegarules/generated/when/ra_when_data_portal_pzshowappnameonly_36571257.java,ra_when_data_portal_pzshowappnameonly_36571257.java,data portal pzshowappnameonly
when,com/pegarules/generated/when/ra_when_rule_obj_casetype_pznotremotecasetype__741528302.java,ra_when_rule_obj_casetype_pznotremotecasetype__741528302.java,rule obj casetype pznotremotecasetype
when,com/pegarules/generated/when/ra_when_data_admin_operator_id_pydonotreloadoperatordetailsdp__1456079283.java,ra_when_data_admin_operator_id_pydonotreloadoperatordetailsdp__1456079283.java,data admin operator id pydonotreloadoperatordetailsdp
when,com/pegarules/generated/when/ra_when__baseclass_pzshowaccessroles__395108877.java,ra_when__baseclass_pzshowaccessroles__395108877.java,baseclass pzshowaccessroles
when,com/pegarules/generated/when/ra_when__baseclass_pzacrowvisiblewhen_358853775.java,ra_when__baseclass_pzacrowvisiblewhen_358853775.java,baseclass pzacrowvisiblewhen
when,com/pegarules/generated/when/ra_when_pega_preference_recordmanagement_pzuserhasunlockedrulesets__1318573345.java,ra_when_pega_preference_recordmanagement_pzuserhasunlockedrulesets__1318573345.java,pega preference recordmanagement pzuserhasunlockedrulesets
when,com/pegarules/generated/when/ra_when_work_projectmanagement_pyusedeveloperskin__701664161.java,ra_when_work_projectmanagement_pyusedeveloperskin__701664161.java,work projectmanagement pyusedeveloperskin
when,com/pegarules/generated/when/ra_when_data_portal_pygeolocationtrackingisenabled__1643685160.java,ra_when_data_portal_pygeolocationtrackingisenabled__1643685160.java,data portal pygeolocationtrackingisenabled
when,com/pegarules/generated/when/ra_when_pegaaccel_task_buildapplication_pzshowswitchtoapp_210941129.java,ra_when_pegaaccel_task_buildapplication_pzshowswitchtoapp_210941129.java,pegaaccel task buildapplication pzshowswitchtoapp
when,com/pegarules/generated/when/ra_when_data_admin__pzisorganizationchartactionaddnode__1441952769.java,ra_when_data_admin__pzisorganizationchartactionaddnode__1441952769.java,data admin pzisorganizationchartactionaddnode
when,com/pegarules/generated/when/ra_when__baseclass_pzhasstaticcontentjsoptimization__258719618.java,ra_when__baseclass_pzhasstaticcontentjsoptimization__258719618.java,baseclass pzhasstaticcontentjsoptimization
when,com/pegarules/generated/when/ra_when__baseclass_pydisplaymarkedasrelevantcnfmsg_1670000468.java,ra_when__baseclass_pydisplaymarkedasrelevantcnfmsg_1670000468.java,baseclass pydisplaymarkedasrelevantcnfmsg
when,com/pegarules/generated/when/ra_when_data_mo_pzisapi_254230050.java,ra_when_data_mo_pzisapi_254230050.java,data mo pzisapi
when,com/pegarules/generated/when/ra_when_pega_fields_pzpropertynamehaserror__244813587.java,ra_when_pega_fields_pzpropertynamehaserror__244813587.java,pega fields pzpropertynamehaserror
when,com/pegarules/generated/when/ra_when_data_mo_pyallowinteraction__81471936.java,ra_when_data_mo_pyallowinteraction__81471936.java,data mo pyallowinteraction
when,com/pegarules/generated/when/ra_when__baseclass_pyrulecompareenabled_1247253434.java,ra_when__baseclass_pyrulecompareenabled_1247253434.java,baseclass pyrulecompareenabled
when,com/pegarules/generated/when/ra_when__baseclass_pzisselectedstackfilterall__1479712939.java,ra_when__baseclass_pzisselectedstackfilterall__1479712939.java,baseclass pzisselectedstackfilterall
when,com/pegarules/generated/when/ra_when__baseclass_pzshowruleformtoolbar__406479197.java,ra_when__baseclass_pzshowruleformtoolbar__406479197.java,baseclass pzshowruleformtoolbar
when,com/pegarules/generated/when/ra_when__baseclass_pyaddruleeventenabled__868972647.java,ra_when__baseclass_pyaddruleeventenabled__868972647.java,baseclass pyaddruleeventenabled
when,com/pegarules/generated/when/ra_when__baseclass_pzdefaultemailnoconnection__1552497105.java,ra_when__baseclass_pzdefaultemailnoconnection__1552497105.java,baseclass pzdefaultemailnoconnection
when,com/pegarules/generated/when/ra_when_work__pzistreenavigationscreenflow__1535054069.java,ra_when_work__pzistreenavigationscreenflow__1535054069.java,work pzistreenavigationscreenflow
when,com/pegarules/generated/when/ra_when_embed_ruletype_pzclassnotdeprecatedoroldautotest_306848767.java,ra_when_embed_ruletype_pzclassnotdeprecatedoroldautotest_306848767.java,embed ruletype pzclassnotdeprecatedoroldautotest
when,com/pegarules/generated/when/ra_when__baseclass_pziscurrentappliestoderivefromwork_819478108.java,ra_when__baseclass_pziscurrentappliestoderivefromwork_819478108.java,baseclass pziscurrentappliestoderivefromwork
when,com/pegarules/generated/when/ra_when_pega_fields_pzdeleteinstancesforfieldchange__1291278882.java,ra_when_pega_fields_pzdeleteinstancesforfieldchange__1291278882.java,pega fields pzdeleteinstancesforfieldchange
when,com/pegarules/generated/when/ra_when_rule_obj_class_pzdisplayreusecaselifecycle_1798413068.java,ra_when_rule_obj_class_pzdisplayreusecaselifecycle_1798413068.java,rule obj class pzdisplayreusecaselifecycle
when,com/pegarules/generated/when/ra_when_work__showdisplaystages__1812141331.java,ra_when_work__showdisplaystages__1812141331.java,work showdisplaystages
when,com/pegarules/generated/when/ra_when_rule_obj_flow_pyisnotprocessmodelerviewandnotconvflow_551906156.java,ra_when_rule_obj_flow_pyisnotprocessmodelerviewandnotconvflow_551906156.java,rule obj flow pyisnotprocessmodelerviewandnotconvflow
when,com/pegarules/generated/when/ra_when_data_tag_relevantrecord_pzifappclassesdatapageexists__690667318.java,ra_when_data_tag_relevantrecord_pzifappclassesdatapageexists__690667318.java,data tag relevantrecord pzifappclassesdatapageexists
when,com/pegarules/generated/when/ra_when_data_channel_configuration_pzchannelinstanceexists_1041969625.java,ra_when_data_channel_configuration_pzchannelinstanceexists_1041969625.java,data channel configuration pzchannelinstanceexists
when,com/pegarules/generated/when/ra_when__baseclass_pzcanmanagerequestors_1108406197.java,ra_when__baseclass_pzcanmanagerequestors_1108406197.java,baseclass pzcanmanagerequestors
when,com/pegarules/generated/when/ra_when_pega_landing_pzshowsimulationlp__619095852.java,ra_when_pega_landing_pzshowsimulationlp__619095852.java,pega landing pzshowsimulationlp
when,com/pegarules/generated/when/ra_when__baseclass_pziscurrentuserprofile__429214891.java,ra_when__baseclass_pziscurrentuserprofile__429214891.java,baseclass pziscurrentuserprofile
when,com/pegarules/generated/when/ra_when_code_pega_list_pziscurrentinheritance__2119587385.java,ra_when_code_pega_list_pziscurrentinheritance__2119587385.java,code pega list pziscurrentinheritance
when,com/pegarules/generated/when/ra_when__baseclass_pzcanrebase_334660048.java,ra_when__baseclass_pzcanrebase_334660048.java,baseclass pzcanrebase
when,com/pegarules/generated/when/ra_when__baseclass_pzhassysopsobserverprivilege__949091580.java,ra_when__baseclass_pzhassysopsobserverprivilege__949091580.java,baseclass pzhassysopsobserverprivilege
when,com/pegarules/generated/when/ra_when_rule_obj_activity_pyrulecompareenabled__708054451.java,ra_when_rule_obj_activity_pyrulecompareenabled__708054451.java,rule obj activity pyrulecompareenabled
when,com/pegarules/generated/when/ra_when_rule_obj_class_pyusedeveloperskin_1133711211.java,ra_when_rule_obj_class_pyusedeveloperskin_1133711211.java,rule obj class pyusedeveloperskin
when,com/pegarules/generated/when/ra_when__baseclass_pziscosmosuiunsupported_450778083.java,ra_when__baseclass_pziscosmosuiunsupported_450778083.java,baseclass pziscosmosuiunsupported
when,com/pegarules/generated/when/ra_when__baseclass_pzshowapprlssinkstatuswarning__2080427259.java,ra_when__baseclass_pzshowapprlssinkstatuswarning__2080427259.java,baseclass pzshowapprlssinkstatuswarning
when,com/pegarules/generated/when/ra_when_work__pxhidesavebutton__2027726751.java,ra_when_work__pxhidesavebutton__2027726751.java,work pxhidesavebutton
when,com/pegarules/generated/when/ra_when__baseclass_pztoggle_feature_1150919334.java,ra_when__baseclass_pztoggle_feature_1150919334.java,baseclass pztoggle feature
when,com/pegarules/generated/when/ra_when__baseclass_pzhasdssissueforstaticserver__242746494.java,ra_when__baseclass_pzhasdssissueforstaticserver__242746494.java,baseclass pzhasdssissueforstaticserver
when,com/pegarules/generated/when/ra_when_rule_ruleset_version_pzreadonlyruleset__671707301.java,ra_when_rule_ruleset_version_pzreadonlyruleset__671707301.java,rule ruleset version pzreadonlyruleset
when,com/pegarules/generated/when/ra_when_work__isnewtabthread__1567426755.java,ra_when_work__isnewtabthread__1567426755.java,work isnewtabthread
when,com/pegarules/generated/when/ra_when_rule_obj_flow_pzshowsurveyshape__232188586.java,ra_when_rule_obj_flow_pzshowsurveyshape__232188586.java,rule obj flow pzshowsurveyshape
when,com/pegarules/generated/when/ra_when_pxnofunctionaldnodesincluster_5f9e25d7e2f788d0ad0633ec3a450fa6.java,ra_when_pxnofunctionaldnodesincluster_5f9e25d7e2f788d0ad0633ec3a450fa6.java,pxnofunctionaldnodesincluster
when,com/pegarules/generated/when/ra_when_embed_activitysteps_pzhasarrayparameters_188799733.java,ra_when_embed_activitysteps_pzhasarrayparameters_188799733.java,embed activitysteps pzhasarrayparameters
when,com/pegarules/generated/when/ra_when_data_portal_pegaadminstudio_pzcangetallagentsinfofornode_835485213.java,ra_when_data_portal_pegaadminstudio_pzcangetallagentsinfofornode_835485213.java,data portal pegaadminstudio pzcangetallagentsinfofornode
when,com/pegarules/generated/when/ra_when_pega_landing_pzcanmanageabacpolicies__333792635.java,ra_when_pega_landing_pzcanmanageabacpolicies__333792635.java,pega landing pzcanmanageabacpolicies
when,com/pegarules/generated/when/ra_when__baseclass_pzhassysopadminpriv_1191165158.java,ra_when__baseclass_pzhassysopadminpriv_1191165158.java,baseclass pzhassysopadminpriv
when,com/pegarules/generated/when/ra_when__baseclass_pzdisplaymarkasrelevantatruleactions_401823374.java,ra_when__baseclass_pzdisplaymarkasrelevantatruleactions_401823374.java,baseclass pzdisplaymarkasrelevantatruleactions
when,com/pegarules/generated/when/ra_when_pegagadget_filter_pzcallpredatatransform_2105380680.java,ra_when_pegagadget_filter_pzcallpredatatransform_2105380680.java,pegagadget filter pzcallpredatatransform
when,com/pegarules/generated/when/ra_when_rule_obj_flow_pyisworkclassandnotconvflow_305687268.java,ra_when_rule_obj_flow_pyisworkclassandnotconvflow_305687268.java,rule obj flow pyisworkclassandnotconvflow
when,com/pegarules/generated/when/ra_when_embed_fields_pzshowscalarfieldsgear__1191077073.java,ra_when_embed_fields_pzshowscalarfieldsgear__1191077073.java,embed fields pzshowscalarfieldsgear
when,com/pegarules/generated/when/ra_when_embed_declarepagesource_pzisreponsrddtrequired__675301982.java,ra_when_embed_declarepagesource_pzisreponsrddtrequired__675301982.java,embed declarepagesource pzisreponsrddtrequired
when,com/pegarules/generated/when/ra_when_work_projectmanagement_delete_pycleanupworkpage__2069429025.java,ra_when_work_projectmanagement_delete_pycleanupworkpage__2069429025.java,work projectmanagement delete pycleanupworkpage
when,com/pegarules/generated/when/ra_when_rule_application_pzremovelowerapplicationversions__2093379955.java,ra_when_rule_application_pzremovelowerapplicationversions__2093379955.java,rule application pzremovelowerapplicationversions
when,com/pegarules/generated/when/ra_when_pzisparentdisabled_87acca8b63775d3c4e697bd0ab9efcf8.java,ra_when_pzisparentdisabled_87acca8b63775d3c4e697bd0ab9efcf8.java,pzisparentdisabled
when,com/pegarules/generated/when/ra_when_pega_landing_pzhasskimprivilege__2045203942.java,ra_when_pega_landing_pzhasskimprivilege__2045203942.java,pega landing pzhasskimprivilege
when,com/pegarules/generated/when/ra_when_data_mo_connector_transition_pyhaspropertiesormodel__1167235117.java,ra_when_data_mo_connector_transition_pyhaspropertiesormodel__1167235117.java,data mo connector transition pyhaspropertiesormodel
when,com/pegarules/generated/when/ra_when_rule_admin_product_pzisappnameandversionpresent__1954166703.java,ra_when_rule_admin_product_pzisappnameandversionpresent__1954166703.java,rule admin product pzisappnameandversionpresent
when,com/pegarules/generated/when/ra_when__baseclass_pzisaddactioninfocus__1312497740.java,ra_when__baseclass_pzisaddactioninfocus__1312497740.java,baseclass pzisaddactioninfocus
when,com/pegarules/generated/when/ra_when_data_admin_operator_id_pzmodifyoperatorpassword_1813685551.java,ra_when_data_admin_operator_id_pzmodifyoperatorpassword_1813685551.java,data admin operator id pzmodifyoperatorpassword
when,com/pegarules/generated/when/ra_when_work__pyenabletopcaselinks_1673797123.java,ra_when_work__pyenabletopcaselinks_1673797123.java,work pyenabletopcaselinks
when,com/pegarules/generated/when/ra_when_work__pxshowsavebutton_970368342.java,ra_when_work__pxshowsavebutton_970368342.java,work pxshowsavebutton
when,com/pegarules/generated/when/ra_when_pega_landing_process_fieldlevelauditing_pzwhenselectedrow_239090724.java,ra_when_pega_landing_process_fieldlevelauditing_pzwhenselectedrow_239090724.java,pega landing process fieldlevelauditing pzwhenselectedrow
when,com/pegarules/generated/when/ra_when__baseclass_pziseventsaccessible_1207124781.java,ra_when__baseclass_pziseventsaccessible_1207124781.java,baseclass pziseventsaccessible
when,com/pegarules/generated/when/ra_when__baseclass_pzenabledelegate_1030985364.java,ra_when__baseclass_pzenabledelegate_1030985364.java,baseclass pzenabledelegate
when,com/pegarules/generated/when/ra_when_data_portal_pzshowchannelandappname_1962493391.java,ra_when_data_portal_pzshowchannelandappname_1962493391.java,data portal pzshowchannelandappname
when,com/pegarules/generated/when/ra_when_rule__pzshowpagemode__1056356813.java,ra_when_rule__pzshowpagemode__1056356813.java,rule pzshowpagemode
when,com/pegarules/generated/when/ra_when_rule__pzusinglocale_1161114300.java,ra_when_rule__pzusinglocale_1161114300.java,rule pzusinglocale
when,com/pegarules/generated/when/ra_when__baseclass_pzcansavecasetype__73927366.java,ra_when__baseclass_pzcansavecasetype__73927366.java,baseclass pzcansavecasetype
when,com/pegarules/generated/when/ra_when__baseclass_pxisworkclass__94758763.java,ra_when__baseclass_pxisworkclass__94758763.java,baseclass pxisworkclass
when,com/pegarules/generated/when/ra_when_data_admin_system_settings_pzisconstellationservice__1374368469.java,ra_when_data_admin_system_settings_pzisconstellationservice__1374368469.java,data admin system settings pzisconstellationservice
when,com/pegarules/generated/when/ra_when_data_decision_service_pycloudwithnonodes_1452322056.java,ra_when_data_decision_service_pycloudwithnonodes_1452322056.java,data decision service pycloudwithnonodes
when,com/pegarules/generated/when/ra_when_embed_portallayout_pzfilterdslaunchmenu_1529728606.java,ra_when_embed_portallayout_pzfilterdslaunchmenu_1529728606.java,embed portallayout pzfilterdslaunchmenu
when,com/pegarules/generated/when/ra_when__baseclass_pzissecurityadministrator__2030089524.java,ra_when__baseclass_pzissecurityadministrator__2030089524.java,baseclass pzissecurityadministrator
when,com/pegarules/generated/when/ra_when_embed__pziscaseoptionalactions_352388221.java,ra_when_embed__pziscaseoptionalactions_352388221.java,embed pziscaseoptionalactions
when,com/pegarules/generated/when/ra_when__baseclass_pzisusagecategorylist__1742407226.java,ra_when__baseclass_pzisusagecategorylist__1742407226.java,baseclass pzisusagecategorylist
when,com/pegarules/generated/when/ra_when_rule_obj_report_definition_pzrdexists_159321690.java,ra_when_rule_obj_report_definition_pzrdexists_159321690.java,rule obj report definition pzrdexists
when,com/pegarules/generated/when/ra_when__baseclass_pyenablecustomtabheaders__1898986793.java,ra_when__baseclass_pyenablecustomtabheaders__1898986793.java,baseclass pyenablecustomtabheaders
when,com/pegarules/generated/when/ra_when_embed_casepersona_pzpersonaexists__1339571259.java,ra_when_embed_casepersona_pzpersonaexists__1339571259.java,embed casepersona pzpersonaexists
when,com/pegarules/generated/when/ra_when__baseclass_pzallowedtocircumstance__1942968718.java,ra_when__baseclass_pzallowedtocircumstance__1942968718.java,baseclass pzallowedtocircumstance
when,com/pegarules/generated/when/ra_when_rule_obj_report_definition_pyskiprdguardrails_1266009460.java,ra_when_rule_obj_report_definition_pyskiprdguardrails_1266009460.java,rule obj report definition pyskiprdguardrails
when,com/pegarules/generated/when/ra_when__baseclass_pzisexpressinchannelsimulationmode_661113938.java,ra_when__baseclass_pzisexpressinchannelsimulationmode_661113938.java,baseclass pzisexpressinchannelsimulationmode
when,com/pegarules/generated/when/ra_when_work__pytrackstatus__343449997.java,ra_when_work__pytrackstatus__343449997.java,work pytrackstatus
when,com/pegarules/generated/when/ra_when_embed_warning_pyiswarningjustifiable_824650679.java,ra_when_embed_warning_pyiswarningjustifiable_824650679.java,embed warning pyiswarningjustifiable
when,com/pegarules/generated/when/ra_when_work__pyshowarchivedcase_220460713.java,ra_when_work__pyshowarchivedcase_220460713.java,work pyshowarchivedcase
when,com/pegarules/generated/when/ra_when_rule__pzdraftmodeoff_749180120.java,ra_when_rule__pzdraftmodeoff_749180120.java,rule pzdraftmodeoff
when,com/pegarules/generated/when/ra_when_data_portal_pzisfirstopenofapplication_1658895464.java,ra_when_data_portal_pzisfirstopenofapplication_1658895464.java,data portal pzisfirstopenofapplication
when,com/pegarules/generated/when/ra_when__baseclass_pzcanmanageagents__559621562.java,ra_when__baseclass_pzcanmanageagents__559621562.java,baseclass pzcanmanageagents
when,com/pegarules/generated/when/ra_when_pega_fields_scalar_picklist_pzshowadvanceddropdownconfig__205182729.java,ra_when_pega_fields_scalar_picklist_pzshowadvanceddropdownconfig__205182729.java,pega fields scalar picklist pzshowadvanceddropdownconfig
when,com/pegarules/generated/when/ra_when_embed_stageprocess_pzstageorcasetypelocked_1974291091.java,ra_when_embed_stageprocess_pzstageorcasetypelocked_1974291091.java,embed stageprocess pzstageorcasetypelocked
when,com/pegarules/generated/when/ra_when__baseclass_pyhasaccesstomtrestrictedrules__864618857.java,ra_when__baseclass_pyhasaccesstomtrestrictedrules__864618857.java,baseclass pyhasaccesstomtrestrictedrules
when,com/pegarules/generated/when/ra_when__baseclass_pzdisablewhenlocked_254394273.java,ra_when__baseclass_pzdisablewhenlocked_254394273.java,baseclass pzdisablewhenlocked
when,com/pegarules/generated/when/ra_when_work__showcasetypelabel__320991044.java,ra_when_work__showcasetypelabel__320991044.java,work showcasetypelabel
when,com/pegarules/generated/when/ra_when_embed_stageprocess_pzdisableopenprocess_1146947093.java,ra_when_embed_stageprocess_pzdisableopenprocess_1146947093.java,embed stageprocess pzdisableopenprocess
when,com/pegarules/generated/when/ra_when_pyismtadmin_d97cdc595c03bcbf22992ac53c770f66.java,ra_when_pyismtadmin_d97cdc595c03bcbf22992ac53c770f66.java,pyismtadmin
when,com/pegarules/generated/when/ra_when__baseclass_pxistheapplicationcurrent__742000160.java,ra_when__baseclass_pxistheapplicationcurrent__742000160.java,baseclass pxistheapplicationcurrent
when,com/pegarules/generated/when/ra_when__baseclass_pzshowresetfeatures_191770643.java,ra_when__baseclass_pzshowresetfeatures_191770643.java,baseclass pzshowresetfeatures
when,com/pegarules/generated/when/ra_when_pegagadget_filter_pyalwaysshowpegarules_1023882118.java,ra_when_pegagadget_filter_pyalwaysshowpegarules_1023882118.java,pegagadget filter pyalwaysshowpegarules
when,com/pegarules/generated/when/ra_when__baseclass_pzisprivatecheckout_1638473937.java,ra_when__baseclass_pzisprivatecheckout_1638473937.java,baseclass pzisprivatecheckout
when,com/pegarules/generated/when/ra_when_data_portal_pzhasdefaultworkitem__1314736544.java,ra_when_data_portal_pzhasdefaultworkitem__1314736544.java,data portal pzhasdefaultworkitem
when,com/pegarules/generated/when/ra_when__baseclass_pzinstancelistsourcedfromlistview_1906261844.java,ra_when__baseclass_pzinstancelistsourcedfromlistview_1906261844.java,baseclass pzinstancelistsourcedfromlistview
when,com/pegarules/generated/when/ra_when__baseclass_pzequals__1793524245.java,ra_when__baseclass_pzequals__1793524245.java,baseclass pzequals
when,com/pegarules/generated/when/ra_when_rule_obj_report_definition_pzisnotcheckedout__660917793.java,ra_when_rule_obj_report_definition_pzisnotcheckedout__660917793.java,rule obj report definition pzisnotcheckedout
when,com/pegarules/generated/when/ra_when_rule_application_pzshowdescriptionvalue_1054706297.java,ra_when_rule_application_pzshowdescriptionvalue_1054706297.java,rule application pzshowdescriptionvalue
when,com/pegarules/generated/when/ra_when_data_portal_pydoesnothaverecentsgadgetprivilege__721086100.java,ra_when_data_portal_pydoesnothaverecentsgadgetprivilege__721086100.java,data portal pydoesnothaverecentsgadgetprivilege
when,com/pegarules/generated/when/ra_when_data_mo_connector_transition_pzisactiontype__1872441945.java,ra_when_data_mo_connector_transition_pzisactiontype__1872441945.java,data mo connector transition pzisactiontype
when,com/pegarules/generated/when/ra_when_data_application_configuration_pzcancreatenewapplication_1725148884.java,ra_when_data_application_configuration_pzcancreatenewapplication_1725148884.java,data application configuration pzcancreatenewapplication
when,com/pegarules/generated/when/ra_when__baseclass_pzisapplicationsetupuser__865306634.java,ra_when__baseclass_pzisapplicationsetupuser__865306634.java,baseclass pzisapplicationsetupuser
when,com/pegarules/generated/when/ra_when_work__pzisinlastscreen_162861395.java,ra_when_work__pzisinlastscreen_162861395.java,work pzisinlastscreen
when,com/pegarules/generated/when/ra_when_rule_application_pzhasfeatures__430160135.java,ra_when_rule_application_pzhasfeatures__430160135.java,rule application pzhasfeatures
when,com/pegarules/generated/when/ra_when_data_portal_pzshowtabs_546159636.java,ra_when_data_portal_pzshowtabs_546159636.java,data portal pzshowtabs
when,com/pegarules/generated/when/ra_when_data_mo_connector_transition_pydisplaypropertiessf_1639600787.java,ra_when_data_mo_connector_transition_pydisplaypropertiessf_1639600787.java,data mo connector transition pydisplaypropertiessf
when,com/pegarules/generated/when/ra_when_pegagadget_pulse_pycheckifotheroperatorcontext_182039704.java,ra_when_pegagadget_pulse_pycheckifotheroperatorcontext_182039704.java,pegagadget pulse pycheckifotheroperatorcontext
when,com/pegarules/generated/when/ra_when__baseclass_pzcanmanagequeueprocessors__1609135861.java,ra_when__baseclass_pzcanmanagequeueprocessors__1609135861.java,baseclass pzcanmanagequeueprocessors
when,com/pegarules/generated/when/ra_when_pzhasunreviewedwarnings_8aa3107e7ada569a09061cbb9ce18007.java,ra_when_pzhasunreviewedwarnings_8aa3107e7ada569a09061cbb9ce18007.java,pzhasunreviewedwarnings
when,com/pegarules/generated/when/ra_when_data_portal_pegaexpress_pydisplayexpresshelphaticon_225322173.java,ra_when_data_portal_pegaexpress_pydisplayexpresshelphaticon_225322173.java,data portal pegaexpress pydisplayexpresshelphaticon
when,com/pegarules/generated/when/ra_when_embed_stageprocess_pziscomplexprocessorhasdecision__783679752.java,ra_when_embed_stageprocess_pziscomplexprocessorhasdecision__783679752.java,embed stageprocess pziscomplexprocessorhasdecision
when,com/pegarules/generated/when/ra_when__baseclass_pxindexis3_1525478234.java,ra_when__baseclass_pxindexis3_1525478234.java,baseclass pxindexis3
when,com/pegarules/generated/when/ra_when_rule__pxhasqualifiers__684514395.java,ra_when_rule__pxhasqualifiers__684514395.java,rule pxhasqualifiers
when,com/pegarules/generated/when/ra_when_rule_obj_model_pyhighlightrulesearchenabled__502721020.java,ra_when_rule_obj_model_pyhighlightrulesearchenabled__502721020.java,rule obj model pyhighlightrulesearchenabled
when,com/pegarules/generated/when/ra_when__baseclass_pzshownewmenu_19989065.java,ra_when__baseclass_pzshownewmenu_19989065.java,baseclass pzshownewmenu
when,com/pegarules/generated/when/ra_when_pega_landing_pzshowschematoolslp_1188675320.java,ra_when_pega_landing_pzshowschematoolslp_1188675320.java,pega landing pzshowschematoolslp
when,com/pegarules/generated/when/ra_when_rule_html_section_pziscurrentsectionanautoconfiguresection__619092762.java,ra_when_rule_html_section_pziscurrentsectionanautoconfiguresection__619092762.java,rule html section pziscurrentsectionanautoconfiguresection
when,com/pegarules/generated/when/ra_when_embed_fields_pzissystemfield_1800650357.java,ra_when_embed_fields_pzissystemfield_1800650357.java,embed fields pzissystemfield
when,com/pegarules/generated/when/ra_when__baseclass_pyalternativeruleformstrategicappextension_2046785568.java,ra_when__baseclass_pyalternativeruleformstrategicappextension_2046785568.java,baseclass pyalternativeruleformstrategicappextension
when,com/pegarules/generated/when/ra_when_rule_obj_flow_pzvisiorfbexists_1391840067.java,ra_when_rule_obj_flow_pzvisiorfbexists_1391840067.java,rule obj flow pzvisiorfbexists
when,com/pegarules/generated/when/ra_when_data_mo_pzisnotapi_1271183650.java,ra_when_data_mo_pzisnotapi_1271183650.java,data mo pzisnotapi
when,com/pegarules/generated/when/ra_when_pega_landing_org_operators_pzshowserachbutton_1322404673.java,ra_when_pega_landing_org_operators_pzshowserachbutton_1322404673.java,pega landing org operators pzshowserachbutton
when,com/pegarules/generated/when/ra_when__baseclass_pzdisplaylogo__213347134.java,ra_when__baseclass_pzdisplaylogo__213347134.java,baseclass pzdisplaylogo
when,com/pegarules/generated/when/ra_when_pzispageviewvalid_6e9e9f08ffdcd17327aa01e64839b388.java,ra_when_pzispageviewvalid_6e9e9f08ffdcd17327aa01e64839b388.java,pzispageviewvalid
when,com/pegarules/generated/when/ra_when__baseclass_pzusesdeveloperportal_1072337190.java,ra_when__baseclass_pzusesdeveloperportal_1072337190.java,baseclass pzusesdeveloperportal
when,com/pegarules/generated/when/ra_when_rule_application_usecase_pzisspecnameadefaultvalue_467085270.java,ra_when_rule_application_usecase_pzisspecnameadefaultvalue_467085270.java,rule application usecase pzisspecnameadefaultvalue
when,com/pegarules/generated/when/ra_when__baseclass_pxisparameterspegarules8__1600245875.java,ra_when__baseclass_pxisparameterspegarules8__1600245875.java,baseclass pxisparameterspegarules8
when,com/pegarules/generated/when/ra_when_rule_obj_flow_pzhideshapetypefordm_1166344023.java,ra_when_rule_obj_flow_pzhideshapetypefordm_1166344023.java,rule obj flow pzhideshapetypefordm
when,com/pegarules/generated/when/ra_when_data_ruleform_ruletype_pyhidecategory_466494524.java,ra_when_data_ruleform_ruletype_pyhidecategory_466494524.java,data ruleform ruletype pyhidecategory
when,com/pegarules/generated/when/ra_when__baseclass_pynlpavailable_497134947.java,ra_when__baseclass_pynlpavailable_497134947.java,baseclass pynlpavailable
when,com/pegarules/generated/when/ra_when__baseclass_pzisappstudiocontext__1838540267.java,ra_when__baseclass_pzisappstudiocontext__1838540267.java,baseclass pzisappstudiocontext
when,com/pegarules/generated/when/ra_when__baseclass_pzshowavailability__1468049569.java,ra_when__baseclass_pzshowavailability__1468049569.java,baseclass pzshowavailability
when,com/pegarules/generated/when/ra_when__baseclass_pzisselectedcontextdisabled_1034234834.java,ra_when__baseclass_pzisselectedcontextdisabled_1034234834.java,baseclass pzisselectedcontextdisabled
when,com/pegarules/generated/when/ra_when_rule__pzruleformtoolbarshowprivatecheckout__1388498709.java,ra_when_rule__pzruleformtoolbarshowprivatecheckout__1388498709.java,rule pzruleformtoolbarshowprivatecheckout
when,com/pegarules/generated/when/ra_when_embed_portallayout_pziscurrentportal_154517789.java,ra_when_embed_portallayout_pziscurrentportal_154517789.java,embed portallayout pziscurrentportal
when,com/pegarules/generated/when/ra_when_pycanaccesstask_122c3547154044b8c5f7cbc89229b446.java,ra_when_pycanaccesstask_122c3547154044b8c5f7cbc89229b446.java,pycanaccesstask
when,com/pegarules/generated/when/ra_when_pegaaccel_task_buildapplication_pzconfiguringadvancedsettings__1746464932.java,ra_when_pegaaccel_task_buildapplication_pzconfiguringadvancedsettings__1746464932.java,pegaaccel task buildapplication pzconfiguringadvancedsettings
when,com/pegarules/generated/when/ra_when_pega_designer_appsettings_pzisinheritedfromexpressskins_2094161839.java,ra_when_pega_designer_appsettings_pzisinheritedfromexpressskins_2094161839.java,pega designer appsettings pzisinheritedfromexpressskins
when,com/pegarules/generated/when/ra_when_rule_application_pzhasdoingitems__1031738406.java,ra_when_rule_application_pzhasdoingitems__1031738406.java,rule application pzhasdoingitems
when,com/pegarules/generated/when/ra_when_assign__pyassignurgencyismedium__397784550.java,ra_when_assign__pyassignurgencyismedium__397784550.java,assign pyassignurgencyismedium
when,com/pegarules/generated/when/ra_when_pegagadget_feed_pzispulsesearchresultsfound__79366591.java,ra_when_pegagadget_feed_pzispulsesearchresultsfound__79366591.java,pegagadget feed pzispulsesearchresultsfound
when,com/pegarules/generated/when/ra_when_rule_obj_casetype_pzhasalternatestages_266135296.java,ra_when_rule_obj_casetype_pzhasalternatestages_266135296.java,rule obj casetype pzhasalternatestages
when,com/pegarules/generated/when/ra_when_work__pzistreenavigationstream_1538299378.java,ra_when_work__pzistreenavigationstream_1538299378.java,work pzistreenavigationstream
when,com/pegarules/generated/when/ra_when__baseclass_pzruleformeditable_934255056.java,ra_when__baseclass_pzruleformeditable_934255056.java,baseclass pzruleformeditable
when,com/pegarules/generated/when/ra_when__baseclass_pzshowdatamodelvisualizer_2045697188.java,ra_when__baseclass_pzshowdatamodelvisualizer_2045697188.java,baseclass pzshowdatamodelvisualizer
when,com/pegarules/generated/when/ra_when__baseclass_pzisembeddedview_1563320176.java,ra_when__baseclass_pzisembeddedview_1563320176.java,baseclass pzisembeddedview
when,com/pegarules/generated/when/ra_when_pxisprimarypagereadonly_96da445e3717ad5038fcd3d6890cfdc6.java,ra_when_pxisprimarypagereadonly_96da445e3717ad5038fcd3d6890cfdc6.java,pxisprimarypagereadonly
when,com/pegarules/generated/when/ra_when_data_application_feature_pzmatchesfilter_2143007153.java,ra_when_data_application_feature_pzmatchesfilter_2143007153.java,data application feature pzmatchesfilter
when,com/pegarules/generated/when/ra_when_rule_obj_casetype_pzispmenabledandnotchekedout__1606339313.java,ra_when_rule_obj_casetype_pzispmenabledandnotchekedout__1606339313.java,rule obj casetype pzispmenabledandnotchekedout
when,com/pegarules/generated/when/ra_when__baseclass_pyalternativeruleformextension_780509870.java,ra_when__baseclass_pyalternativeruleformextension_780509870.java,baseclass pyalternativeruleformextension
when,com/pegarules/generated/when/ra_when_rule_obj_flow_pzshowquestionpagesfshape_1034967165.java,ra_when_rule_obj_flow_pzshowquestionpagesfshape_1034967165.java,rule obj flow pzshowquestionpagesfshape
when,com/pegarules/generated/when/ra_when__baseclass_pyshowdeploymentmanager__880921362.java,ra_when__baseclass_pyshowdeploymentmanager__880921362.java,baseclass pyshowdeploymentmanager
when,com/pegarules/generated/when/ra_when__baseclass_pzdatatransformhasparameters_797647204.java,ra_when__baseclass_pzdatatransformhasparameters_797647204.java,baseclass pzdatatransformhasparameters
when,com/pegarules/generated/when/ra_when_data_mo_event_start_startscreenflow_pziscreatestage__1473017137.java,ra_when_data_mo_event_start_startscreenflow_pziscreatestage__1473017137.java,data mo event start startscreenflow pziscreatestage
when,com/pegarules/generated/when/ra_when_rule_application_pzdisableshowfilter__43883012.java,ra_when_rule_application_pzdisableshowfilter__43883012.java,rule application pzdisableshowfilter
when,com/pegarules/generated/when/ra_when_data_mo_connector_transition_pyhasstatuschangepend_1350210900.java,ra_when_data_mo_connector_transition_pyhasstatuschangepend_1350210900.java,data mo connector transition pyhasstatuschangepend
when,com/pegarules/generated/when/ra_when_pegaaccel_task_buildapplication_pzisclassstructuretoolong_1777816922.java,ra_when_pegaaccel_task_buildapplication_pzisclassstructuretoolong_1777816922.java,pegaaccel task buildapplication pzisclassstructuretoolong
when,com/pegarules/generated/when/ra_when_data_portal_pzshowchannelnameonly__1544145317.java,ra_when_data_portal_pzshowchannelnameonly__1544145317.java,data portal pzshowchannelnameonly
when,com/pegarules/generated/when/ra_when_pegaaccel_task_buildapplication_pznextstepdisplayed_1244870948.java,ra_when_pegaaccel_task_buildapplication_pznextstepdisplayed_1244870948.java,pegaaccel task buildapplication pznextstepdisplayed
when,com/pegarules/generated/when/ra_when_pega_landing_pzissearchaccesible__1482157022.java,ra_when_pega_landing_pzissearchaccesible__1482157022.java,pega landing pzissearchaccesible
when,com/pegarules/generated/when/ra_when_data_admin_operator_id_pyoperatoravailable_1374916449.java,ra_when_data_admin_operator_id_pyoperatoravailable_1374916449.java,data admin operator id pyoperatoravailable
when,com/pegarules/generated/when/ra_when__baseclass_pynofeaturestoggle__131862234.java,ra_when__baseclass_pynofeaturestoggle__131862234.java,baseclass pynofeaturestoggle
when,com/pegarules/generated/when/ra_when_rule_category_pyshowsimulationcategory__1526791653.java,ra_when_rule_category_pyshowsimulationcategory__1526791653.java,rule category pyshowsimulationcategory
when,com/pegarules/generated/when/ra_when_embed_modelparams_pzactioncanhavechildsteps_1672388792.java,ra_when_embed_modelparams_pzactioncanhavechildsteps_1672388792.java,embed modelparams pzactioncanhavechildsteps
when,com/pegarules/generated/when/ra_when_pzisdevelopmentenabled_0bf94085d7fb432adf5b61f6a42b54be.java,ra_when_pzisdevelopmentenabled_0bf94085d7fb432adf5b61f6a42b54be.java,pzisdevelopmentenabled
when,com/pegarules/generated/when/ra_when_rule_obj_flow_pycutanddeleteenabled__910470943.java,ra_when_rule_obj_flow_pycutanddeleteenabled__910470943.java,rule obj flow pycutanddeleteenabled
when,com/pegarules/generated/when/ra_when__baseclass_pztoggle_ispegabienabled20190408t081229_986832908.java,ra_when__baseclass_pztoggle_ispegabienabled20190408t081229_986832908.java,baseclass pztoggle ispegabienabled20190408t081229
when,com/pegarules/generated/when/ra_when__baseclass_pyisuitemplatized_1503998072.java,ra_when__baseclass_pyisuitemplatized_1503998072.java,baseclass pyisuitemplatized
when,com/pegarules/generated/when/ra_when_work__displayeditaction_80682001.java,ra_when_work__displayeditaction_80682001.java,work displayeditaction
when,com/pegarules/generated/when/ra_when__baseclass_pzskippostprocessing__1071014170.java,ra_when__baseclass_pzskippostprocessing__1071014170.java,baseclass pzskippostprocessing
when,com/pegarules/generated/when/ra_when_assign__pzcanperformassignment__297594032.java,ra_when_assign__pzcanperformassignment__297594032.java,assign pzcanperformassignment
when,com/pegarules/generated/when/ra_when_embed_stageprocess_pyalignflowstructure__1526351943.java,ra_when_embed_stageprocess_pyalignflowstructure__1526351943.java,embed stageprocess pyalignflowstructure
when,com/pegarules/generated/when/ra_when_pega_landing_pzshowpropertyoptimizationlandingpage__1964239621.java,ra_when_pega_landing_pzshowpropertyoptimizationlandingpage__1964239621.java,pega landing pzshowpropertyoptimizationlandingpage
when,com/pegarules/generated/when/ra_when__baseclass_pzissnapshot__1326540860.java,ra_when__baseclass_pzissnapshot__1326540860.java,baseclass pzissnapshot
when,com/pegarules/generated/when/ra_when__baseclass_allowsysinfo_1723604444.java,ra_when__baseclass_allowsysinfo_1723604444.java,baseclass allowsysinfo
when,com/pegarules/generated/when/ra_when__baseclass_pxviewandoptimizeschema__757521699.java,ra_when__baseclass_pxviewandoptimizeschema__757521699.java,baseclass pxviewandoptimizeschema
when,com/pegarules/generated/when/ra_when_rule__pyisnotlinkableruletype__1434737212.java,ra_when_rule__pyisnotlinkableruletype__1434737212.java,rule pyisnotlinkableruletype
when,com/pegarules/generated/when/ra_when__baseclass_pydisplaynav__982664899.java,ra_when__baseclass_pydisplaynav__982664899.java,baseclass pydisplaynav
when,com/pegarules/generated/when/ra_when_pegaaccel_task_buildapplication_pzdisplayapplicationsearch_82303793.java,ra_when_pegaaccel_task_buildapplication_pzdisplayapplicationsearch_82303793.java,pegaaccel task buildapplication pzdisplayapplicationsearch
when,com/pegarules/generated/when/ra_when_data_mo_pzisadvshapeincdcontext_185675209.java,ra_when_data_mo_pzisadvshapeincdcontext_185675209.java,data mo pzisadvshapeincdcontext
when,com/pegarules/generated/when/ra_when_embed_stageprocess_pzisaddstepinfocus_1101262342.java,ra_when_embed_stageprocess_pzisaddstepinfocus_1101262342.java,embed stageprocess pzisaddstepinfocus
when,com/pegarules/generated/when/ra_when_work__pxshowcompletestage__1170800442.java,ra_when_work__pxshowcompletestage__1170800442.java,work pxshowcompletestage
when,com/pegarules/generated/when/ra_when_pzmodifyallowed_ad40dec2215c70386151609f69dc77f8.java,ra_when_pzmodifyallowed_ad40dec2215c70386151609f69dc77f8.java,pzmodifyallowed
when,com/pegarules/generated/when/ra_when_work__pyhidetodowidget__991437321.java,ra_when_work__pyhidetodowidget__991437321.java,work pyhidetodowidget
when,com/pegarules/generated/when/ra_when__baseclass_pzapplicationhasopenrulesets_2121271942.java,ra_when__baseclass_pzapplicationhasopenrulesets_2121271942.java,baseclass pzapplicationhasopenrulesets
when,com/pegarules/generated/when/ra_when__baseclass_pxisafollower__1014478528.java,ra_when__baseclass_pxisafollower__1014478528.java,baseclass pxisafollower
when,com/pegarules/generated/when/ra_when_pzhasmtrestrictedroles_46c1a61f86eb70e15fd9867946d34c54.java,ra_when_pzhasmtrestrictedroles_46c1a61f86eb70e15fd9867946d34c54.java,pzhasmtrestrictedroles
when,com/pegarules/generated/when/ra_when__baseclass_pzshowpinnedclassestreegrid_438022229.java,ra_when__baseclass_pzshowpinnedclassestreegrid_438022229.java,baseclass pzshowpinnedclassestreegrid
when,com/pegarules/generated/when/ra_when_pega_fields_complex_embedded_pzclassexists_1653513716.java,ra_when_pega_fields_complex_embedded_pzclassexists_1653513716.java,pega fields complex embedded pzclassexists
when,com/pegarules/generated/when/ra_when_rule_application_pzdisplaybuildfromscratchapps__618324493.java,ra_when_rule_application_pzdisplaybuildfromscratchapps__618324493.java,rule application pzdisplaybuildfromscratchapps
when,com/pegarules/generated/when/ra_when_rule__pzruleformtoolbarshowbranchout__23422020.java,ra_when_rule__pzruleformtoolbarshowbranchout__23422020.java,rule pzruleformtoolbarshowbranchout
when,com/pegarules/generated/when/ra_when__baseclass_pzallowsspecialcharactersinfocuskey_1060446362.java,ra_when__baseclass_pzallowsspecialcharactersinfocuskey_1060446362.java,baseclass pzallowsspecialcharactersinfocuskey
when,com/pegarules/generated/when/ra_when_work__pyshowtodowidget__535097696.java,ra_when_work__pyshowtodowidget__535097696.java,work pyshowtodowidget
when,com/pegarules/generated/when/ra_when_data_admin_operator_id_pyoperatorinactive__222884382.java,ra_when_data_admin_operator_id_pyoperatorinactive__222884382.java,data admin operator id pyoperatorinactive
when,com/pegarules/generated/when/ra_when_rule_obj_flow_pzdisplaypreviewicon__1054048364.java,ra_when_rule_obj_flow_pzdisplaypreviewicon__1054048364.java,rule obj flow pzdisplaypreviewicon
when,com/pegarules/generated/when/ra_when_rule_obj_flow_pzshowquestionshape__1849577795.java,ra_when_rule_obj_flow_pzshowquestionshape__1849577795.java,rule obj flow pzshowquestionshape
when,com/pegarules/generated/when/ra_when_rule_obj_class_pzimportcasefromexplorerenabled_399201410.java,ra_when_rule_obj_class_pzimportcasefromexplorerenabled_399201410.java,rule obj class pzimportcasefromexplorerenabled
when,com/pegarules/generated/when/ra_when_rule_obj_flow_pyisconversationflow__1019901916.java,ra_when_rule_obj_flow_pyisconversationflow__1019901916.java,rule obj flow pyisconversationflow
when,com/pegarules/generated/when/ra_when_pega_fields_pzexpandadvancedconfigwhen_2108947802.java,ra_when_pega_fields_pzexpandadvancedconfigwhen_2108947802.java,pega fields pzexpandadvancedconfigwhen
when,com/pegarules/generated/when/ra_when_rule_obj_activity_pzdisablespecbyclassorruleset__2099532826.java,ra_when_rule_obj_activity_pzdisablespecbyclassorruleset__2099532826.java,rule obj activity pzdisablespecbyclassorruleset
when,com/pegarules/generated/when/ra_when__baseclass_pzappendwhenrule__1718086643.java,ra_when__baseclass_pzappendwhenrule__1718086643.java,baseclass pzappendwhenrule
when,com/pegarules/generated/when/ra_when__baseclass_pzappendstageslarule_796561396.java,ra_when__baseclass_pzappendstageslarule_796561396.java,baseclass pzappendstageslarule
when,com/pegarules/generated/when/ra_when_pega_landing_pzhaenabled__1527759431.java,ra_when_pega_landing_pzhaenabled__1527759431.java,pega landing pzhaenabled
when,com/pegarules/generated/when/ra_when_embed_modelparams_pzdefinitionnorelation_1441921812.java,ra_when_embed_modelparams_pzdefinitionnorelation_1441921812.java,embed modelparams pzdefinitionnorelation
when,com/pegarules/generated/when/ra_when__baseclass_pzremovetabgroup__601834575.java,ra_when__baseclass_pzremovetabgroup__601834575.java,baseclass pzremovetabgroup
when,com/pegarules/generated/when/ra_when_embed_modelparams_pzpageiscopied_500896364.java,ra_when_embed_modelparams_pzpageiscopied_500896364.java,embed modelparams pzpageiscopied
when,com/pegarules/generated/when/ra_when_work__pziscreatescreenstagesorfields_736371621.java,ra_when_work__pziscreatescreenstagesorfields_736371621.java,work pziscreatescreenstagesorfields
when,com/pegarules/generated/when/ra_when_pegagadget_feed_pyhasselectedposttypes_1948692201.java,ra_when_pegagadget_feed_pyhasselectedposttypes_1948692201.java,pegagadget feed pyhasselectedposttypes
when,com/pegarules/generated/when/ra_when__baseclass_showclassname_74032610.java,ra_when__baseclass_showclassname_74032610.java,baseclass showclassname
when,com/pegarules/generated/when/ra_when_pega_fields_pzclassexists_1484444981.java,ra_when_pega_fields_pzclassexists_1484444981.java,pega fields pzclassexists
when,com/pegarules/generated/when/ra_when_embed_activitysteps_pzisqueuestep_1136138644.java,ra_when_embed_activitysteps_pzisqueuestep_1136138644.java,embed activitysteps pzisqueuestep
when,com/pegarules/generated/when/ra_when_data_application_configuration_pzisappnamereservedforpega_1056554588.java,ra_when_data_application_configuration_pzisappnamereservedforpega_1056554588.java,data application configuration pzisappnamereservedforpega
when,com/pegarules/generated/when/ra_when_data_mo_pyisconversationsmartshape__522086057.java,ra_when_data_mo_pyisconversationsmartshape__522086057.java,data mo pyisconversationsmartshape
when,com/pegarules/generated/when/ra_when_pzhasinheritancespecified_8f07eaef2abc7d43603992ef02e3e8df.java,ra_when_pzhasinheritancespecified_8f07eaef2abc7d43603992ef02e3e8df.java,pzhasinheritancespecified
when,com/pegarules/generated/when/ra_when_pega_landing_pzcanmanageservlets__263591378.java,ra_when_pega_landing_pzcanmanageservlets__263591378.java,pega landing pzcanmanageservlets
when,com/pegarules/generated/when/ra_when__baseclass_pyrmavailable__614016391.java,ra_when__baseclass_pyrmavailable__614016391.java,baseclass pyrmavailable
when,com/pegarules/generated/when/ra_when_data_portal_pzisapplicationcreationdisabled_1238514536.java,ra_when_data_portal_pzisapplicationcreationdisabled_1238514536.java,data portal pzisapplicationcreationdisabled
when,com/pegarules/generated/when/ra_when__baseclass_pxismobiledevice__1461506347.java,ra_when__baseclass_pxismobiledevice__1461506347.java,baseclass pxismobiledevice
when,com/pegarules/generated/when/ra_when_data_mo_pzisconversationflow__284513372.java,ra_when_data_mo_pzisconversationflow__284513372.java,data mo pzisconversationflow
when,com/pegarules/generated/when/ra_when_work_projectmanagement_saveas_pzclearmethodstatus__836287359.java,ra_when_work_projectmanagement_saveas_pzclearmethodstatus__836287359.java,work projectmanagement saveas pzclearmethodstatus
when,com/pegarules/generated/when/ra_when_pega_landing_pzcanmanageusers__516054938.java,ra_when_pega_landing_pzcanmanageusers__516054938.java,pega landing pzcanmanageusers
when,com/pegarules/generated/when/ra_when_data_ruleform_ruletype_pydisplaycategory_615867065.java,ra_when_data_ruleform_ruletype_pydisplaycategory_615867065.java,data ruleform ruletype pydisplaycategory
when,com/pegarules/generated/when/ra_when_rule_application_pydisplaycustomapptemplate_1201191164.java,ra_when_rule_application_pydisplaycustomapptemplate_1201191164.java,rule application pydisplaycustomapptemplate
when,com/pegarules/generated/when/ra_when__baseclass_pzisapplication__1130228866.java,ra_when__baseclass_pzisapplication__1130228866.java,baseclass pzisapplication
when,com/pegarules/generated/when/ra_when_pzisinoutlineview_a6c9a15fddb9c57196dde44e7b7774c6.java,ra_when_pzisinoutlineview_a6c9a15fddb9c57196dde44e7b7774c6.java,pzisinoutlineview
when,com/pegarules/generated/when/ra_when_pegaaccel_task_buildapplication_pzbuiltonpega_130922296.java,ra_when_pegaaccel_task_buildapplication_pzbuiltonpega_130922296.java,pegaaccel task buildapplication pzbuiltonpega
when,com/pegarules/generated/when/ra_when__baseclass_pzruleformtoolbarshowreleaselock_1286446245.java,ra_when__baseclass_pzruleformtoolbarshowreleaselock_1286446245.java,baseclass pzruleformtoolbarshowreleaselock
when,com/pegarules/generated/when/ra_when__baseclass_pxrecentsreloadcondition_1611216132.java,ra_when__baseclass_pxrecentsreloadcondition_1611216132.java,baseclass pxrecentsreloadcondition
when,com/pegarules/generated/when/ra_when_embed_stageprocess_pzdisplayprocessparameters_613693837.java,ra_when_embed_stageprocess_pzdisplayprocessparameters_613693837.java,embed stageprocess pzdisplayprocessparameters
when,com/pegarules/generated/when/ra_when_rule_obj_flow_pzdisplayswimlaneicon__1457821602.java,ra_when_rule_obj_flow_pzdisplayswimlaneicon__1457821602.java,rule obj flow pzdisplayswimlaneicon
when,com/pegarules/generated/when/ra_when_data_admin_operator_id_pyhighlightrulesearchenabled_1979949759.java,ra_when_data_admin_operator_id_pyhighlightrulesearchenabled_1979949759.java,data admin operator id pyhighlightrulesearchenabled
when,com/pegarules/generated/when/ra_when_work__pzisfollowenabled__1129767808.java,ra_when_work__pzisfollowenabled__1129767808.java,work pzisfollowenabled
when,com/pegarules/generated/when/ra_when_rule_obj_class_pzcannotcreateworktypesforlp_789947873.java,ra_when_rule_obj_class_pzcannotcreateworktypesforlp_789947873.java,rule obj class pzcannotcreateworktypesforlp
when,com/pegarules/generated/when/ra_when_pegasocial_message_pzisfilepost__536720255.java,ra_when_pegasocial_message_pzisfilepost__536720255.java,pegasocial message pzisfilepost
when,com/pegarules/generated/when/ra_when__baseclass_pzvalidateapplicationicon_1537422352.java,ra_when__baseclass_pzvalidateapplicationicon_1537422352.java,baseclass pzvalidateapplicationicon
when,com/pegarules/generated/when/ra_when__baseclass_pxdisabletogglecreation__867483251.java,ra_when__baseclass_pxdisabletogglecreation__867483251.java,baseclass pxdisabletogglecreation
when,com/pegarules/generated/when/ra_when__baseclass_pzshowrefresh__398100483.java,ra_when__baseclass_pzshowrefresh__398100483.java,baseclass pzshowrefresh
when,com/pegarules/generated/when/ra_when__baseclass_pyiswindowstealfocusinieallowed_799157698.java,ra_when__baseclass_pyiswindowstealfocusinieallowed_799157698.java,baseclass pyiswindowstealfocusinieallowed
when,com/pegarules/generated/when/ra_when__baseclass_pzshowselect__1194827550.java,ra_when__baseclass_pzshowselect__1194827550.java,baseclass pzshowselect
when,com/pegarules/generated/when/ra_when_rule_obj_property_pyhighlightrulesearchenabled_640001359.java,ra_when_rule_obj_property_pyhighlightrulesearchenabled_640001359.java,rule obj property pyhighlightrulesearchenabled
when,com/pegarules/generated/when/ra_when__baseclass_pxcanwriteinstances_354487112.java,ra_when__baseclass_pxcanwriteinstances_354487112.java,baseclass pxcanwriteinstances
when,com/pegarules/generated/when/ra_when_rule_obj_flow_pyallowinteraction_113100494.java,ra_when_rule_obj_flow_pyallowinteraction_113100494.java,rule obj flow pyallowinteraction
when,com/pegarules/generated/when/ra_when_data_portal_pegaadminstudio_pzcangetnodesincluster__264259070.java,ra_when_data_portal_pegaadminstudio_pzcangetnodesincluster__264259070.java,data portal pegaadminstudio pzcangetnodesincluster
when,com/pegarules/generated/when/ra_when_pega_landing_pzshowqueryrunnerlp__1449125489.java,ra_when_pega_landing_pzshowqueryrunnerlp__1449125489.java,pega landing pzshowqueryrunnerlp
when,com/pegarules/generated/when/ra_when__baseclass_pzskipquickcreateharness__386780736.java,ra_when__baseclass_pzskipquickcreateharness__386780736.java,baseclass pzskipquickcreateharness
when,com/pegarules/generated/when/ra_when_assign__pzispastdeadlinetime_1560245241.java,ra_when_assign__pzispastdeadlinetime_1560245241.java,assign pzispastdeadlinetime
when,com/pegarules/generated/when/ra_when_pega_ext_pyshouldextensionbeloaded_418502026.java,ra_when_pega_ext_pyshouldextensionbeloaded_418502026.java,pega ext pyshouldextensionbeloaded
when,com/pegarules/generated/when/ra_when_pega_landing_pyenabledecisionprofiler_740441135.java,ra_when_pega_landing_pyenabledecisionprofiler_740441135.java,pega landing pyenabledecisionprofiler
when,com/pegarules/generated/when/ra_when__baseclass_pzisuseractionstab__1662772327.java,ra_when__baseclass_pzisuseractionstab__1662772327.java,baseclass pzisuseractionstab
when,com/pegarules/generated/when/ra_when_pegaaccel_task_buildapplication_pzselectedcasetypestoclone_1555890707.java,ra_when_pegaaccel_task_buildapplication_pzselectedcasetypestoclone_1555890707.java,pegaaccel task buildapplication pzselectedcasetypestoclone
when,com/pegarules/generated/when/ra_when__baseclass_pzenableendpointcorsmapping_1073890418.java,ra_when__baseclass_pzenableendpointcorsmapping_1073890418.java,baseclass pzenableendpointcorsmapping
when,com/pegarules/generated/when/ra_when__baseclass_pydisplayavailabilityinactions__660143758.java,ra_when__baseclass_pydisplayavailabilityinactions__660143758.java,baseclass pydisplayavailabilityinactions
when,com/pegarules/generated/when/ra_when_data_mo_pyissimpleshape_89479335.java,ra_when_data_mo_pyissimpleshape_89479335.java,data mo pyissimpleshape
when,com/pegarules/generated/when/ra_when_pzhasindirectpages_ff080b4e4a54b169dfd953c38a798c5f.java,ra_when_pzhasindirectpages_ff080b4e4a54b169dfd953c38a798c5f.java,pzhasindirectpages
when,com/pegarules/generated/when/ra_when__baseclass_pztoggle_wanthermes20191114t161434_1107448232.java,ra_when__baseclass_pztoggle_wanthermes20191114t161434_1107448232.java,baseclass pztoggle wanthermes20191114t161434
when,com/pegarules/generated/when/ra_when__baseclass_pyissharedtenant__2016913754.java,ra_when__baseclass_pyissharedtenant__2016913754.java,baseclass pyissharedtenant
when,com/pegarules/generated/when/ra_when_pegagadget_feed_pzpulsesearchmatchesfound__53280385.java,ra_when_pegagadget_feed_pzpulsesearchmatchesfound__53280385.java,pegagadget feed pzpulsesearchmatchesfound
when,com/pegarules/generated/when/ra_when_pzissystemcached_c951fa5ddc6a3405a2a0aa5115f2611f.java,ra_when_pzissystemcached_c951fa5ddc6a3405a2a0aa5115f2611f.java,pzissystemcached
when,com/pegarules/generated/when/ra_when_data_portal_pzshowfromchannellogo_242558901.java,ra_when_data_portal_pzshowfromchannellogo_242558901.java,data portal pzshowfromchannellogo
when,com/pegarules/generated/when/ra_when_pegagadget_pulse_pyissingleposttypeselected__288075630.java,ra_when_pegagadget_pulse_pyissingleposttypeselected__288075630.java,pegagadget pulse pyissingleposttypeselected
when,com/pegarules/generated/when/ra_when_data_systemoperations_clustermanagement_nodedetails_pzcangetnodeinformation_540131428.java,ra_when_data_systemoperations_clustermanagement_nodedetails_pzcangetnodeinformation_540131428.java,data systemoperations clustermanagement nodedetails pzcangetnodeinformation
when,com/pegarules/generated/when/ra_when_embed_stage_pzhasprocesses__833259129.java,ra_when_embed_stage_pzhasprocesses__833259129.java,embed stage pzhasprocesses
when,com/pegarules/generated/when/ra_when_data_channel_configuration_email_pyshowincreatemenu_407874680.java,ra_when_data_channel_configuration_email_pyshowincreatemenu_407874680.java,data channel configuration email pyshowincreatemenu
when,com/pegarules/generated/when/ra_when__baseclass_pzcanmanagecluster_700432913.java,ra_when__baseclass_pzcanmanagecluster_700432913.java,baseclass pzcanmanagecluster
when,com/pegarules/generated/when/ra_when__baseclass_pzisusagecategory_106353360.java,ra_when__baseclass_pzisusagecategory_106353360.java,baseclass pzisusagecategory
when,com/pegarules/generated/when/ra_when__baseclass_pyusedeveloperskin_1073904548.java,ra_when__baseclass_pyusedeveloperskin_1073904548.java,baseclass pyusedeveloperskin
when,com/pegarules/generated/when/ra_when_embed_fields_pzisincasetypeconfigureform_1485058864.java,ra_when_embed_fields_pzisincasetypeconfigureform_1485058864.java,embed fields pzisincasetypeconfigureform
when,com/pegarules/generated/when/ra_when_embed_portallayout_pycanportalbepreviewed__446083043.java,ra_when_embed_portallayout_pycanportalbepreviewed__446083043.java,embed portallayout pycanportalbepreviewed
when,com/pegarules/generated/when/ra_when__baseclass_pxhasmultipleworkspaceportals__1519989077.java,ra_when__baseclass_pxhasmultipleworkspaceportals__1519989077.java,baseclass pxhasmultipleworkspaceportals
when,com/pegarules/generated/when/ra_when_pega_ext_expexplorer_library_pyshouldextensionbeloaded_645546196.java,ra_when_pega_ext_expexplorer_library_pyshouldextensionbeloaded_645546196.java,pega ext expexplorer library pyshouldextensionbeloaded
when,com/pegarules/generated/when/ra_when_data_mo_pyisconversationalflowshape_1089853013.java,ra_when_data_mo_pyisconversationalflowshape_1089853013.java,data mo pyisconversationalflowshape
when,com/pegarules/generated/when/ra_when__baseclass_pzshowcheckinbutton_2076351957.java,ra_when__baseclass_pzshowcheckinbutton_2076351957.java,baseclass pzshowcheckinbutton
when,com/pegarules/generated/when/ra_when_rule_application_pzhasnoaccessgroupwithdeveloperportal__1177123783.java,ra_when_rule_application_pzhasnoaccessgroupwithdeveloperportal__1177123783.java,rule application pzhasnoaccessgroupwithdeveloperportal
when,com/pegarules/generated/when/ra_when_pega_fields_scalar_picklist_pzhasdoparams__2089803707.java,ra_when_pega_fields_scalar_picklist_pzhasdoparams__2089803707.java,pega fields scalar picklist pzhasdoparams
when,com/pegarules/generated/when/ra_when_rule__pzisrulecircumstancable__441988014.java,ra_when_rule__pzisrulecircumstancable__441988014.java,rule pzisrulecircumstancable
when,com/pegarules/generated/when/ra_when_pzmodifyallowed_f096000c11dca2f368b558739c2a3247.java,ra_when_pzmodifyallowed_f096000c11dca2f368b558739c2a3247.java,pzmodifyallowed
when,com/pegarules/generated/when/ra_when__baseclass_pzacwhenforcategoryvalue_443051183.java,ra_when__baseclass_pzacwhenforcategoryvalue_443051183.java,baseclass pzacwhenforcategoryvalue
when,com/pegarules/generated/when/ra_when_rule__pzshownoworktypesmessage_1698302832.java,ra_when_rule__pzshownoworktypesmessage_1698302832.java,rule pzshownoworktypesmessage
when,com/pegarules/generated/when/ra_when_rule_obj_flow_pyshapeselected_2081469437.java,ra_when_rule_obj_flow_pyshapeselected_2081469437.java,rule obj flow pyshapeselected
when,com/pegarules/generated/when/ra_when_rule_obj_class_pzshowremotecase__354042603.java,ra_when_rule_obj_class_pzshowremotecase__354042603.java,rule obj class pzshowremotecase
when,com/pegarules/generated/when/ra_when_code_pega_list_pzhasfeed__205853836.java,ra_when_code_pega_list_pzhasfeed__205853836.java,code pega list pzhasfeed
when,com/pegarules/generated/when/ra_when_data_portal_pzhasdelegatedrules_549640418.java,ra_when_data_portal_pzhasdelegatedrules_549640418.java,data portal pzhasdelegatedrules
when,com/pegarules/generated/when/ra_when_pegasocial_message_pyisfileattachedinpulse_1606062701.java,ra_when_pegasocial_message_pyisfileattachedinpulse_1606062701.java,pegasocial message pyisfileattachedinpulse
when,com/pegarules/generated/when/ra_when__baseclass_pzctwithinitializationstageinfodisplay_740232644.java,ra_when__baseclass_pzctwithinitializationstageinfodisplay_740232644.java,baseclass pzctwithinitializationstageinfodisplay
when,com/pegarules/generated/when/ra_when__baseclass_pxindexis1__1031534500.java,ra_when__baseclass_pxindexis1__1031534500.java,baseclass pxindexis1
when,com/pegarules/generated/when/ra_when__baseclass_pzisrdltemplatized_959544436.java,ra_when__baseclass_pzisrdltemplatized_959544436.java,baseclass pzisrdltemplatized
when,com/pegarules/generated/when/ra_when_work__pzissinglestepflow_1831605066.java,ra_when_work__pzissinglestepflow_1831605066.java,work pzissinglestepflow
when,com/pegarules/generated/when/ra_when__baseclass_pzincludesearchandhighlightjs_141329707.java,ra_when__baseclass_pzincludesearchandhighlightjs_141329707.java,baseclass pzincludesearchandhighlightjs
when,com/pegarules/generated/when/ra_when_data_portal_pegaexpress_pydisplayexpresseditoptions__35267819.java,ra_when_data_portal_pegaexpress_pydisplayexpresseditoptions__35267819.java,data portal pegaexpress pydisplayexpresseditoptions
when,com/pegarules/generated/when/ra_when_data_mo_connector_transition_pyhasstatuschangenew__791287180.java,ra_when_data_mo_connector_transition_pyhasstatuschangenew__791287180.java,data mo connector transition pyhasstatuschangenew
when,com/pegarules/generated/when/ra_when_code_pega_list_pziscurrentclassdisplay__1613306860.java,ra_when_code_pega_list_pziscurrentclassdisplay__1613306860.java,code pega list pziscurrentclassdisplay
when,com/pegarules/generated/when/ra_when__baseclass_pzisnotprocessmodelerviewcontext_1484249411.java,ra_when__baseclass_pzisnotprocessmodelerviewcontext_1484249411.java,baseclass pzisnotprocessmodelerviewcontext
when,com/pegarules/generated/when/ra_when__baseclass_pyunittestingenabled_2113887756.java,ra_when__baseclass_pyunittestingenabled_2113887756.java,baseclass pyunittestingenabled
when,com/pegarules/generated/when/ra_when_rule_ruleset_version_pzruleset_showupdateapp_2055280615.java,ra_when_rule_ruleset_version_pzruleset_showupdateapp_2055280615.java,rule ruleset version pzruleset showupdateapp
when,com/pegarules/generated/when/ra_when_pzsharedtenant_59027d502993ef904a6a7cf75f7146b0.java,ra_when_pzsharedtenant_59027d502993ef904a6a7cf75f7146b0.java,pzsharedtenant
when,com/pegarules/generated/when/ra_when_rule_category_pynotvisibleinbrowser_1029195257.java,ra_when_rule_category_pynotvisibleinbrowser_1029195257.java,rule category pynotvisibleinbrowser
when,com/pegarules/generated/when/ra_when_pega_fields_pziscaseclass_811698294.java,ra_when_pega_fields_pziscaseclass_811698294.java,pega fields pziscaseclass
when,com/pegarules/generated/when/ra_when_system_user_recents_pzisfilteringenabled__1890625234.java,ra_when_system_user_recents_pzisfilteringenabled__1890625234.java,system user recents pzisfilteringenabled
when,com/pegarules/generated/when/ra_when__baseclass_pzgosversionmanagementdisabled_1093839431.java,ra_when__baseclass_pzgosversionmanagementdisabled_1093839431.java,baseclass pzgosversionmanagementdisabled
when,com/pegarules/generated/when/ra_when_data_application_configuration_pzbuiltonpega_743103621.java,ra_when_data_application_configuration_pzbuiltonpega_743103621.java,data application configuration pzbuiltonpega
when,com/pegarules/generated/when/ra_when_embed_explorernode__pyhidecategory__1669121707.java,ra_when_embed_explorernode__pyhidecategory__1669121707.java,embed explorernode pyhidecategory
when,com/pegarules/generated/when/ra_when_pega_landing_pzisnotmultitenant__547117832.java,ra_when_pega_landing_pzisnotmultitenant__547117832.java,pega landing pzisnotmultitenant
when,com/pegarules/generated/when/ra_when_rule_obj_casetype_pzshowaddlifecyclesplashscreen__870116823.java,ra_when_rule_obj_casetype_pzshowaddlifecyclesplashscreen__870116823.java,rule obj casetype pzshowaddlifecyclesplashscreen
when,com/pegarules/generated/when/ra_when__baseclass_pzdisablespecbyclassorruleset__509406924.java,ra_when__baseclass_pzdisablespecbyclassorruleset__509406924.java,baseclass pzdisablespecbyclassorruleset
when,com/pegarules/generated/when/ra_when_rule_application_pzhasdoneitems__1630572818.java,ra_when_rule_application_pzhasdoneitems__1630572818.java,rule application pzhasdoneitems
when,com/pegarules/generated/when/ra_when_data_portal_pegaexpress_pyenableruntimetoolbar_637598832.java,ra_when_data_portal_pegaexpress_pyenableruntimetoolbar_637598832.java,data portal pegaexpress pyenableruntimetoolbar
when,com/pegarules/generated/when/ra_when__baseclass_pxviewandoptimizeschemaandautodbschemachanges_1020720843.java,ra_when__baseclass_pxviewandoptimizeschemaandautodbschemachanges_1020720843.java,baseclass pxviewandoptimizeschemaandautodbschemachanges
when,com/pegarules/generated/when/ra_when_pega_ext_adminstudio_explorer_settings_system_pzdisablequiesceadminactions__2031413958.java,ra_when_pega_ext_adminstudio_explorer_settings_system_pzdisablequiesceadminactions__2031413958.java,pega ext adminstudio explorer settings system pzdisablequiesceadminactions
when,com/pegarules/generated/when/ra_when__baseclass_pzistagsenabled__334056249.java,ra_when__baseclass_pzistagsenabled__334056249.java,baseclass pzistagsenabled
when,com/pegarules/generated/when/ra_when__baseclass_pzshowcontextualpromptheader__1590247415.java,ra_when__baseclass_pzshowcontextualpromptheader__1590247415.java,baseclass pzshowcontextualpromptheader
when,com/pegarules/generated/when/ra_when_data_admin_operator_id_pzuserprofileiscurrentuser__1046379041.java,ra_when_data_admin_operator_id_pzuserprofileiscurrentuser__1046379041.java,data admin operator id pzuserprofileiscurrentuser
when,com/pegarules/generated/when/ra_when_work_projectmanagement_saveas_pycleanupworkpage_1078945602.java,ra_when_work_projectmanagement_saveas_pycleanupworkpage_1078945602.java,work projectmanagement saveas pycleanupworkpage
when,com/pegarules/generated/when/ra_when_embed_modelparams_pzdefinitionnosource_252411676.java,ra_when_embed_modelparams_pzdefinitionnosource_252411676.java,embed modelparams pzdefinitionnosource
when,com/pegarules/generated/when/ra_when__baseclass_pziscosmosuisupported_903902156.java,ra_when__baseclass_pziscosmosuisupported_903902156.java,baseclass pziscosmosuisupported
when,com/pegarules/generated/when/ra_when_embed_rule_navigation_element_pyaddavancedshapetosmartshapes_300132162.java,ra_when_embed_rule_navigation_element_pyaddavancedshapetosmartshapes_300132162.java,embed rule navigation element pyaddavancedshapetosmartshapes
when,com/pegarules/generated/when/ra_when_data_admin_system_settings_pzismessagingservice_793293913.java,ra_when_data_admin_system_settings_pzismessagingservice_793293913.java,data admin system settings pzismessagingservice
when,com/pegarules/generated/when/ra_when_pega_ext_expexplorer_exploredata_pyshouldextensionbeloaded__603869116.java,ra_when_pega_ext_expexplorer_exploredata_pyshouldextensionbeloaded__603869116.java,pega ext expexplorer exploredata pyshouldextensionbeloaded
when,com/pegarules/generated/when/ra_when__baseclass_pzindelegationmode_490355100.java,ra_when__baseclass_pzindelegationmode_490355100.java,baseclass pzindelegationmode
when,com/pegarules/generated/when/ra_when_pegagadget_pdmviewer_pxusesnewframework_298167477.java,ra_when_pegagadget_pdmviewer_pxusesnewframework_298167477.java,pegagadget pdmviewer pxusesnewframework
when,com/pegarules/generated/when/ra_when__baseclass_pzuseexpresscategorylist__1547634358.java,ra_when__baseclass_pzuseexpresscategorylist__1547634358.java,baseclass pzuseexpresscategorylist
when,com/pegarules/generated/when/ra_when_data_admin_operator_id_pzsecuritypolicies__983318238.java,ra_when_data_admin_operator_id_pzsecuritypolicies__983318238.java,data admin operator id pzsecuritypolicies
when,com/pegarules/generated/when/ra_when_rule_application_pzistreeview_1924527275.java,ra_when_rule_application_pzistreeview_1924527275.java,rule application pzistreeview
when,com/pegarules/generated/when/ra_when__baseclass_pzcancreateworktypesforexplorer__1344412159.java,ra_when__baseclass_pzcancreateworktypesforexplorer__1344412159.java,baseclass pzcancreateworktypesforexplorer
when,com/pegarules/generated/when/ra_when_rule__pzisfrombranch_776839988.java,ra_when_rule__pzisfrombranch_776839988.java,rule pzisfrombranch
when,com/pegarules/generated/when/ra_when__baseclass_pzhighlightrulesearchenabled_823341314.java,ra_when__baseclass_pzhighlightrulesearchenabled_823341314.java,baseclass pzhighlightrulesearchenabled
when,com/pegarules/generated/when/ra_when_pega_landing_declare_application_pxistheapplicationcurrent_1488517247.java,ra_when_pega_landing_declare_application_pxistheapplicationcurrent_1488517247.java,pega landing declare application pxistheapplicationcurrent
when,com/pegarules/generated/when/ra_when_data_portal_pegaexpress_pydisplayexpresscollaborationicon__1749084098.java,ra_when_data_portal_pegaexpress_pydisplayexpresscollaborationicon__1749084098.java,data portal pegaexpress pydisplayexpresscollaborationicon
when,com/pegarules/generated/when/ra_when__baseclass_pztoggle_ruleapi20170519t141938_337564918.java,ra_when__baseclass_pztoggle_ruleapi20170519t141938_337564918.java,baseclass pztoggle ruleapi20170519t141938
when,com/pegarules/generated/when/ra_when__baseclass_pzruleformtoolbarshowsave_401286871.java,ra_when__baseclass_pzruleformtoolbarshowsave_401286871.java,baseclass pzruleformtoolbarshowsave
when,com/pegarules/generated/when/ra_when_rule__pyusedeveloperskin_1307031617.java,ra_when_rule__pyusedeveloperskin_1307031617.java,rule pyusedeveloperskin
when,com/pegarules/generated/when/ra_when_rule_application_usecase_pzisflowlocked_930061147.java,ra_when_rule_application_usecase_pzisflowlocked_930061147.java,rule application usecase pzisflowlocked
when,com/pegarules/generated/when/ra_when__baseclass_pzisprocessflow__2068192222.java,ra_when__baseclass_pzisprocessflow__2068192222.java,baseclass pzisprocessflow
when,com/pegarules/generated/when/ra_when_pega_landing_pzhassystemoperationsadministratorprivilege__20605393.java,ra_when_pega_landing_pzhassystemoperationsadministratorprivilege__20605393.java,pega landing pzhassystemoperationsadministratorprivilege
when,com/pegarules/generated/when/ra_when_data_channel_configuration_pyshowincreatemenu_190012277.java,ra_when_data_channel_configuration_pyshowincreatemenu_190012277.java,data channel configuration pyshowincreatemenu
when,com/pegarules/generated/when/ra_when_rule_obj_flow_pzshowutilityshape__442351723.java,ra_when_rule_obj_flow_pzshowutilityshape__442351723.java,rule obj flow pzshowutilityshape
when,com/pegarules/generated/when/ra_when_pega_landing_pzisabacenabled_469267183.java,ra_when_pega_landing_pzisabacenabled_469267183.java,pega landing pzisabacenabled
when,com/pegarules/generated/when/ra_when_data_portal_pegaadminstudio_quicklinkswidget_pypdclinkresolved_1656227258.java,ra_when_data_portal_pegaadminstudio_quicklinkswidget_pypdclinkresolved_1656227258.java,data portal pegaadminstudio quicklinkswidget pypdclinkresolved
when,com/pegarules/generated/when/ra_when_embed_ruletype_pyhideruletype_2090164347.java,ra_when_embed_ruletype_pyhideruletype_2090164347.java,embed ruletype pyhideruletype
when,com/pegarules/generated/when/ra_when_work__showhierarchicalassignmentlist_1677878240.java,ra_when_work__showhierarchicalassignmentlist_1677878240.java,work showhierarchicalassignmentlist
when,com/pegarules/generated/when/ra_when__baseclass_pyisofflinebrowser__266784135.java,ra_when__baseclass_pyisofflinebrowser__266784135.java,baseclass pyisofflinebrowser
when,com/pegarules/generated/when/ra_when__baseclass_pzdisplaylimitedcollaborators_673102600.java,ra_when__baseclass_pzdisplaylimitedcollaborators_673102600.java,baseclass pzdisplaylimitedcollaborators
when,com/pegarules/generated/when/ra_when__baseclass_pzappendstepslarule_361149324.java,ra_when__baseclass_pzappendstepslarule_361149324.java,baseclass pzappendstepslarule
when,com/pegarules/generated/when/ra_when_data_mo_pzischangestageapi__1575690907.java,ra_when_data_mo_pzischangestageapi__1575690907.java,data mo pzischangestageapi
when,com/pegarules/generated/when/ra_when_rule_obj_property_pzshowdataaccess_403722030.java,ra_when_rule_obj_property_pzshowdataaccess_403722030.java,rule obj property pzshowdataaccess
when,com/pegarules/generated/when/ra_when__baseclass_pyenablememorydiagnostics_451282126.java,ra_when__baseclass_pyenablememorydiagnostics_451282126.java,baseclass pyenablememorydiagnostics
when,com/pegarules/generated/when/ra_when_work__attachmentsgeariconenabled_847891959.java,ra_when_work__attachmentsgeariconenabled_847891959.java,work attachmentsgeariconenabled
when,com/pegarules/generated/when/ra_when_history__pzishistorydisabled__1933077173.java,ra_when_history__pzishistorydisabled__1933077173.java,history pzishistorydisabled
when,com/pegarules/generated/when/ra_when_rule_obj_property_showtabletype__1952245387.java,ra_when_rule_obj_property_showtabletype__1952245387.java,rule obj property showtabletype
when,com/pegarules/generated/when/ra_when__baseclass_pztoggle_systemspecificrulesets20191105t203510_1477692214.java,ra_when__baseclass_pztoggle_systemspecificrulesets20191105t203510_1477692214.java,baseclass pztoggle systemspecificrulesets20191105t203510
when,com/pegarules/generated/when/ra_when__baseclass_pzenablemarkasrelevantrecordaction_1382403791.java,ra_when__baseclass_pzenablemarkasrelevantrecordaction_1382403791.java,baseclass pzenablemarkasrelevantrecordaction
when,com/pegarules/generated/when/ra_when__baseclass_pzdisabletogglecreation_1672273422.java,ra_when__baseclass_pzdisabletogglecreation_1672273422.java,baseclass pzdisabletogglecreation
when,com/pegarules/generated/when/ra_when_rule_obj_model_pyrulecompareenabled_1872744720.java,ra_when_rule_obj_model_pyrulecompareenabled_1872744720.java,rule obj model pyrulecompareenabled
when,com/pegarules/generated/when/ra_when_pega_landing_pzshowqueryinspectorlp_848823580.java,ra_when_pega_landing_pzshowqueryinspectorlp_848823580.java,pega landing pzshowqueryinspectorlp
decisiontable,com/pegarules/generated/decisiontable/ra_decision_data_mo_pygetsmartstepiconclass_763856876.java,ra_decision_data_mo_pygetsmartstepiconclass_763856876.java,data mo pygetsmartstepiconclass
decisiontable,com/pegarules/generated/decisiontable/ra_decision__baseclass_pyrulecreationwarning__1760403706.java,ra_decision__baseclass_pyrulecreationwarning__1760403706.java,baseclass pyrulecreationwarning
decisiontable,com/pegarules/generated/decisiontable/ra_decision__baseclass_pyrulesaveaswarning_1006400985.java,ra_decision__baseclass_pyrulesaveaswarning_1006400985.java,baseclass pyrulesaveaswarning
decisiontable,com/pegarules/generated/decisiontable/ra_decision__baseclass_pzsetprefixoffset_641086506.java,ra_decision__baseclass_pzsetprefixoffset_641086506.java,baseclass pzsetprefixoffset
decisiontable,com/pegarules/generated/decisiontable/ra_decision_embed_fields_pzdeterminefieldmoderestrictions__1956932382.java,ra_decision_embed_fields_pzdeterminefieldmoderestrictions__1956932382.java,embed fields pzdeterminefieldmoderestrictions
decisiontable,com/pegarules/generated/decisiontable/ra_decision_embed_activitysteps_pzhascustomcircumstance__1251016281.java,ra_decision_embed_activitysteps_pzhascustomcircumstance__1251016281.java,embed activitysteps pzhascustomcircumstance
decisiontable,com/pegarules/generated/decisiontable/ra_decision_rule_obj_property_pzgetcontrolforvirtualrd__1402271349.java,ra_decision_rule_obj_property_pzgetcontrolforvirtualrd__1402271349.java,rule obj property pzgetcontrolforvirtualrd
decisiontable,com/pegarules/generated/decisiontable/ra_decision_rule_obj_report_definition_pyskipoptimizationcheck_1058522190.java,ra_decision_rule_obj_report_definition_pyskipoptimizationcheck_1058522190.java,rule obj report definition pyskipoptimizationcheck
decisiontable,com/pegarules/generated/decisiontable/ra_decision__baseclass_pytaggeddatainstances_2130661864.java,ra_decision__baseclass_pytaggeddatainstances_2130661864.java,baseclass pytaggeddatainstances
decisiontable,com/pegarules/generated/decisiontable/ra_decision__baseclass_pycaseicondetails_1505328539.java,ra_decision__baseclass_pycaseicondetails_1505328539.java,baseclass pycaseicondetails
decisiontable,com/pegarules/generated/decisiontable/ra_decision__baseclass_pxcategoryicondecisiontable_1590333323.java,ra_decision__baseclass_pxcategoryicondecisiontable_1590333323.java,baseclass pxcategoryicondecisiontable
decisiontable,com/pegarules/generated/decisiontable/ra_decision_embed_display_table_cell_pydeprecatedcontrolsext_2071456107.java,ra_decision_embed_display_table_cell_pydeprecatedcontrolsext_2071456107.java,embed display table cell pydeprecatedcontrolsext
decisiontable,com/pegarules/generated/decisiontable/ra_decision_embed_rule_navigation_element_pzenableshapeinpe_906416258.java,ra_decision_embed_rule_navigation_element_pzenableshapeinpe_906416258.java,embed rule navigation element pzenableshapeinpe
decisiontable,com/pegarules/generated/decisiontable/ra_decision_code_pega_list_pzsupportedcontextclassfieldtypes__368388262.java,ra_decision_code_pega_list_pzsupportedcontextclassfieldtypes__368388262.java,code pega list pzsupportedcontextclassfieldtypes
decisiontable,com/pegarules/generated/decisiontable/ra_decision_embed_display_table_cell_pxdeprecatedtextareacontrols__60945681.java,ra_decision_embed_display_table_cell_pxdeprecatedtextareacontrols__60945681.java,embed display table cell pxdeprecatedtextareacontrols
decisiontable,com/pegarules/generated/decisiontable/ra_decision_pega_fields_pzispegapysystemfield_1572915737.java,ra_decision_pega_fields_pzispegapysystemfield_1572915737.java,pega fields pzispegapysystemfield
decisiontable,com/pegarules/generated/decisiontable/ra_decision_rule_obj_report_definition_pzreturnreporttype_1633825772.java,ra_decision_rule_obj_report_definition_pzreturnreporttype_1633825772.java,rule obj report definition pzreturnreporttype
decisiontable,com/pegarules/generated/decisiontable/ra_decision_rule_obj_property_pysetpropertymodelabel__1801551117.java,ra_decision_rule_obj_property_pysetpropertymodelabel__1801551117.java,rule obj property pysetpropertymodelabel
decisiontable,com/pegarules/generated/decisiontable/ra_decision_pega_landing_appview_pzgetchannelicon__856843498.java,ra_decision_pega_landing_appview_pzgetchannelicon__856843498.java,pega landing appview pzgetchannelicon
decisiontable,com/pegarules/generated/decisiontable/ra_decision__baseclass_pybackgroundcolorsforfeatures__461140892.java,ra_decision__baseclass_pybackgroundcolorsforfeatures__461140892.java,baseclass pybackgroundcolorsforfeatures
portalskin,com/pegarules/generated/portalskin/ra_action_processo_7865d41652330ae07ae0394a5382cdaa.java,ra_action_processo_7865d41652330ae07ae0394a5382cdaa.java,processo
portalskin,com/pegarules/generated/portalskin/ra_action_pzwrkspacestudio_3d00f81cd340b217be63b51dd41f0ac6.java,ra_action_pzwrkspacestudio_3d00f81cd340b217be63b51dd41f0ac6.java,pzwrkspacestudio
portalskin,com/pegarules/generated/portalskin/ra_action_cosmosskin_74c494114e4a4fe63dc72af6ebdb02f4.java,ra_action_cosmosskin_74c494114e4a4fe63dc72af6ebdb02f4.java,cosmosskin
portalskin,com/pegarules/generated/portalskin/ra_action_pzruntime_tools_29c9b98cf93e27aa2766937f02921420.java,ra_action_pzruntime_tools_29c9b98cf93e27aa2766937f02921420.java,pzruntime tools
portalskin,com/pegarules/generated/portalskin/ra_action_loan_8cfd3935929f6d513f2438e239e287b3.java,ra_action_loan_8cfd3935929f6d513f2438e239e287b3.java,loan
portalskin,com/pegarules/generated/portalskin/ra_action_pzdesignerstudio_cd2258cd2f3bee8a6d7521bd0cca9440.java,ra_action_pzdesignerstudio_cd2258cd2f3bee8a6d7521bd0cca9440.java,pzdesignerstudio
portalskin,com/pegarules/generated/portalskin/ra_action_onboaring_5bfba103d85330f2081c2afc01e4f981.java,ra_action_onboaring_5bfba103d85330f2081c2afc01e4f981.java,onboaring
portalskin,com/pegarules/generated/portalskin/ra_action_onboarding_ef54a97412ec45112f0c5b0dcdef635d.java,ra_action_onboarding_ef54a97412ec45112f0c5b0dcdef635d.java,onboarding
portalskin,com/pegarules/generated/portalskin/ra_action_pyenduser_a178b387e0af1337a762f85e7033fd5f.java,ra_action_pyenduser_a178b387e0af1337a762f85e7033fd5f.java,pyenduser
portalskin,com/pegarules/generated/portalskin/ra_action_pzuxauthor_5aabd1bead84f045f265d4b314d6eeab.java,ra_action_pzuxauthor_5aabd1bead84f045f265d4b314d6eeab.java,pzuxauthor
portalskin,com/pegarules/generated/portalskin/ra_action_enrollment_b7adc62647e24f328638e6c750283690.java,ra_action_enrollment_b7adc62647e24f328638e6c750283690.java,enrollment
onchange,com/pegarules/generated/onchange/ra_action_pzdirtyuiacceptancecriteria_eb9b134623eb33d59c35251bd4b61c41.java,ra_action_pzdirtyuiacceptancecriteria_eb9b134623eb33d59c35251bd4b61c41.java,pzdirtyuiacceptancecriteria
onchange,com/pegarules/generated/onchange/ra_action_pzupdatecasetypecountproperties_405cbaf3066e1d892fdcd3de2913445a.java,ra_action_pzupdatecasetypecountproperties_405cbaf3066e1d892fdcd3de2913445a.java,pzupdatecasetypecountproperties
onchange,com/pegarules/generated/onchange/ra_action_pzdirtyuiinputs_862e72b638543ccfe1240e55dedca81d.java,ra_action_pzdirtyuiinputs_862e72b638543ccfe1240e55dedca81d.java,pzdirtyuiinputs
onchange,com/pegarules/generated/onchange/ra_action_pzhandleclasstreeupdate_596a3c817673fffa31ca5ca5a34d9940.java,ra_action_pzhandleclasstreeupdate_596a3c817673fffa31ca5ca5a34d9940.java,pzhandleclasstreeupdate
onchange,com/pegarules/generated/onchange/ra_action_pzdirtyuioutputs_56aa6019a32eab3e0b177330cecf89bf.java,ra_action_pzdirtyuioutputs_56aa6019a32eab3e0b177330cecf89bf.java,pzdirtyuioutputs
onchange,com/pegarules/generated/onchange/ra_action_pzdirtyuiactors_628861d8dce1a748788819a0b5762c0d.java,ra_action_pzdirtyuiactors_628861d8dce1a748788819a0b5762c0d.java,pzdirtyuiactors
onchange,com/pegarules/generated/onchange/ra_action_pzdocumentkey_3ffe24f1f59f963a8680b2b774ba0e83.java,ra_action_pzdocumentkey_3ffe24f1f59f963a8680b2b774ba0e83.java,pzdocumentkey
onchange,com/pegarules/generated/onchange/ra_action_pzdirtyui_d07db77b4c1870176728368f65a7da27.java,ra_action_pzdirtyui_d07db77b4c1870176728368f65a7da27.java,pzdirtyui
onchange,com/pegarules/generated/onchange/ra_action_pzdirtyuisubjectmatterexperts_418a94807eb264191fe771cbe2b8546e.java,ra_action_pzdirtyuisubjectmatterexperts_418a94807eb264191fe771cbe2b8546e.java,pzdirtyuisubjectmatterexperts
onchange,com/pegarules/generated/onchange/ra_action_pzdirtyuilabel_c9f5397f0ffd7e5407193399f74b9963.java,ra_action_pzdirtyuilabel_c9f5397f0ffd7e5407193399f74b9963.java,pzdirtyuilabel
casetype,com/pegarules/generated/casetype/ra_action_pydefault_8efdb49cd66fdc94a92c2dad2bbe68fb.java,ra_action_pydefault_8efdb49cd66fdc94a92c2dad2bbe68fb.java,pydefault
casetype,com/pegarules/generated/casetype/ra_action_pydefault_a8915929e2a6b5d9d98b0e9d70dfc57b.java,ra_action_pydefault_a8915929e2a6b5d9d98b0e9d70dfc57b.java,pydefault
casetype,com/pegarules/generated/casetype/ra_action_pydefault_f6eea8dfeb1f02ad8bd187035e508859.java,ra_action_pydefault_f6eea8dfeb1f02ad8bd187035e508859.java,pydefault
casetype,com/pegarules/generated/casetype/ra_action_pydefault_b16a72f91ead1d3791da9bdee5c6a1f5.java,ra_action_pydefault_b16a72f91ead1d3791da9bdee5c6a1f5.java,pydefault
casetype,com/pegarules/generated/casetype/ra_action_pydefault_59db23cd6cba737852f170df61dcf713.java,ra_action_pydefault_59db23cd6cba737852f170df61dcf713.java,pydefault
casetype,com/pegarules/generated/casetype/ra_action_pydefault_ad3da8467dd34ea9d03201b1512c74bc.java,ra_action_pydefault_ad3da8467dd34ea9d03201b1512c74bc.java,pydefault
casetype,com/pegarules/generated/casetype/ra_action_pydefault_730d73f2e1c72191d58c3261a04b721a.java,ra_action_pydefault_730d73f2e1c72191d58c3261a04b721a.java,pydefault
casetype,com/pegarules/generated/casetype/ra_action_pydefault_0fc43f8c95485754fd3d0f07103ca638.java,ra_action_pydefault_0fc43f8c95485754fd3d0f07103ca638.java,pydefault
casetype,com/pegarules/generated/casetype/ra_action_pydefault_4ebaa4e66237bbdf22e3a46637d9765f.java,ra_action_pydefault_4ebaa4e66237bbdf22e3a46637d9765f.java,pydefault
casetype,com/pegarules/generated/casetype/ra_action_pydefault_b14d9c91eab74b49d3086ac80b17fe97.java,ra_action_pydefault_b14d9c91eab74b49d3086ac80b17fe97.java,pydefault
casetype,com/pegarules/generated/casetype/ra_action_pydefault_f949534796442a80e0c165aa4e6936fe.java,ra_action_pydefault_f949534796442a80e0c165aa4e6936fe.java,pydefault
casetype,com/pegarules/generated/casetype/ra_action_pydefault_4fd6ecd4bf158703e7d4821fe2dab943.java,ra_action_pydefault_4fd6ecd4bf158703e7d4821fe2dab943.java,pydefault
casetype,com/pegarules/generated/casetype/ra_action_pydefault_727ef2ffbea24b339b67bd5144c5d766.java,ra_action_pydefault_727ef2ffbea24b339b67bd5144c5d766.java,pydefault
casetype,com/pegarules/generated/casetype/ra_action_pydefault_306b79afca20f7a06416db2bec1ad77e.java,ra_action_pydefault_306b79afca20f7a06416db2bec1ad77e.java,pydefault
casetype,com/pegarules/generated/casetype/ra_action_pydefault_e1301ea8fb17dc20e5a982cbc245b39a.java,ra_action_pydefault_e1301ea8fb17dc20e5a982cbc245b39a.java,pydefault
casetype,com/pegarules/generated/casetype/ra_action_pydefault_87be6414d5f27a852ce03610ecb30661.java,ra_action_pydefault_87be6414d5f27a852ce03610ecb30661.java,pydefault
casetype,com/pegarules/generated/casetype/ra_action_pydefault_ddf0287af603ab01ef256a0ad837ef96.java,ra_action_pydefault_ddf0287af603ab01ef256a0ad837ef96.java,pydefault
flow,com/pegarules/generated/flow/ra_action_pzinternalcaseflow_b0689e5b31cd6100edb0a3b0859f700d.java,ra_action_pzinternalcaseflow_b0689e5b31cd6100edb0a3b0859f700d.java,pzinternalcaseflow
flow,com/pegarules/generated/flow/ra_action_createform_default_07bf68327d6e3715ed9924ed78a05939.java,ra_action_createform_default_07bf68327d6e3715ed9924ed78a05939.java,createform default
flow,com/pegarules/generated/flow/ra_action_resolution_flow_de7fd3bb0d5b794d3d1d4580f227d563.java,ra_action_resolution_flow_de7fd3bb0d5b794d3d1d4580f227d563.java,resolution flow
flow,com/pegarules/generated/flow/ra_action_pzopen_09508ee98d0a62a375da3f0a4ba98e91.java,ra_action_pzopen_09508ee98d0a62a375da3f0a4ba98e91.java,pzopen
flow,com/pegarules/generated/flow/ra_action_collectinformation_flow_fba33dfcc486506cc459609b75bf943d.java,ra_action_collectinformation_flow_fba33dfcc486506cc459609b75bf943d.java,collectinformation flow
